English,Hindi,Bhili
"According to the Committee to Protect Journalists, six journalists have been killed by kidnappers.","पत्रकार रक्षा समिति के मुताबिक, अपहरणकर्ताओं द्वारा छह पत्रकारों की हत्या कर दी गई है।",पेपर वाळा  नी रक्षा नी टीम ने वसमा नहाडीन लावा वाळा नी छो पेपर वाळो ने ठेकाणे  मारी देदा।
"In addition to the decision taken by the Cabinet, the financial implication will be about ₹800 (forty nine crore twenty two lakh seventy two thousand eight hundred rupees) of recurring expenditure and about ₹400 (six crore sixty four lakh five thousand four hundred rupees) of non-recurring expenditure.","मंत्रिमंडल द्वारा लिए गए निर्णय के अतिरिक्‍त, वित्‍तीय निहितार्थ में लगभग 39,22,72,800 रुपए (उन्‍तालीस करेाड़ बाइस लाख बहत्‍तर हजार आठ सौ रुपए) आवर्ती व्‍यय और लगभग 6,64,05,400 रुपए (छह करोड़ चौसठ लाख पांच हजार चार सौ रुपए) अनावर्ती व्‍यय का होगा।","मंत्रिमंण्डल हीस लेदेला फेसला न अलावा, वित्तीय मामला मां लगभग 39,22,72,800 रूपया (उनचालिस करोड़ बाईस लाख बहोत्तर हजार आठ सौ रूपया) आवासी व्यय अने 6,64,05,400 रूपया (छः करोड सोसठ लाख पांस हलार स्यार सौ रूपया) अनावती सरस ना थाहे।"
Today the country is remembering the immortal sacrifice of the brave Sahibzadas and taking inspiration from them.,"आज देश वीर साहिबज़ादों के अमर बलिदान को याद कर रहा है, उनसे प्रेरणा ले रहा है।","आज देश वीर साहिब जादों नां उमर बलिदान नें याद करी रीयां से, इन थही प्रेरणां ली रियां से।"
He said the biggest change has been instilling confidence in people and working with commitment to fulfil their aspiration.,उन्होंने कहा कि सबसे बड़ा बदलाव लोगों में विश्वास जगाना और उनकी आकांक्षा पूरी करने के लिए प्रतिबद्धता के साथ काम करना रहा है.,तिहुयी केदु कि सबथो मोटो बदलो मा लोकु नो भरोहो जगाडवा अने हेर पूरी करवा हारू वातमा वन्दयन हाते काम करवु रियु से।
"The MoU will cover all activities related to these sectors, including agricultural research, animal husbandry and dairying, livestock and fisheries, horticulture, natural resource management, post-harvest management and marketing, soil and conservation, water management, irrigation, farming systems development and integrated watershed development, integrated pest management, agricultural plants, machinery and equipment, sanitation and plant issues.","इस एमओयू के तहत इन क्षेत्रों से जुड़ी सभी गतिविधियां आएंगी जिनमें कृषि अनुसंधान, पशु पालन एवं दूग्ध, पशुधन और मत्स्य पालन, बागवानी, प्राकृतिक संसाधन प्रबंधन, फसल कटाई के बाद प्रबंधन और विपणन, मृदा तथा संरक्षण, जल प्रबंधन, सिंचाई, खेती प्रणाली के विकास और एकीकृत जलागम विकास, एकीकृत कीट प्रबंधन, कृषि संयंत्र, मशीनरी और उपकरण, स्वच्छता और पादप संबंधी मुद्दे शामिल हैं।","ऐनां एमओयू नी रीते ऐने इलाकों ही जोडईली सब सालवेनी रीते आवहे जेनमां खोजमां डगरा पालवेनों, अने दूध आलवावालों डगरां अनं माछला पालवेना, बगीचो प्राकृतिक संसाधन प्रबंधन धान काटवानु ने पसे प्रबंधन अने विपणन , रूप्या अन भेलों करवेनों पाजे प्रबंधन, सिंचाई, खेती रीते ना वदेलों अने एक हाते पाजें भेलों करवानों वदेलों, एकीकृत कीट प्रबंधन, कृषि झुण्ड मशीने अन औजार, स्वच्छता अने पादप संबंधी मुददा भेला है"
"Always put both of your names on a lease, mortgage, or loan.","हमेशा अपने दोनों नाम लीज़, मॉर्गेज या लोन पर रखें।",हमेशा आपडा बे नाम लीज या कईनी सीज गरेणे मेलीन बैंक थी रूपया निकाळे।
"We also took him on a visit to Delhi, where we showed him the National War Memorial and India Gate.","हम उनको दिल्ली दर्शन पर भी लेकर गये थे ,जहां हमने उनको National War Memorial और India Gate दिखाया ।","हमु तिने दिल्ली दर्शन पर पण लिगेला, जां हमुहीं तिने National war Memorial अनेIndia Gate वताडियु ।"
"So you can imagine how happy I feel. In London, I am going to get another opportunity, the unveiling of the statue of Lord Vishweshwar.","तो आप कल्पना कर सकते हैं कि मुझे कितनी खुशी होती है। लंदन में मुझे एक और अवसर मिलने जा रहा है, भगवान विश्वेश्वर की प्रतिमा के अनावरण का।",तेर तमु विश्यार करी सको कि मन केतरी खुशी थाय से। लंदन मा मन एक फेर मोखो मलवा वालो से। भगवान विश्वेश्वर न मुर्ति नो अनावरण करवानो।
"The MoU was signed between HIMUDA and Asian Pacific Singapore Enterprise in the presence of Urban Development, Town Planning and Housing Minister Sudhir Sharma at a meeting held in Shimla today.","समझौता ज्ञापन पर हस्ताक्षर आज शिमला में आयोजित बैठक में शहरी विकास, नगर नियोजन व आवास मंत्री सुधीर शर्मा की उपस्थिति में हिमुडा तथा एशियन पैसिफिक सिंगापुर एंटरप्राईज के बीच हुए।",हमजोता  आलवा पर साईन आज सिंगला या आयोजित बैठक मा शहरी विकास नगर नियोजन उसने आवास मंत्री सुधीर शर्मा भी उपस्थिति मा हिमुडा अने एशियन पेसिफिक सिंगापुर स्टाईन वस थायु।
He said that he has donated that amount to the Namami Gange Mission.,उन्होंने कहा कि उन्होंने उस राशि को नमामि गंगे मिशन के लिए दान कर दिया है।,तिनायी केदू कि तिनायी तिनी रकम ने नमामि गंगे योजना हारू रूपिया सड़ाव देदे।
Early Telugu women poets such as Tallapaka Timmakka and Atukuri Molla became popular.,प्रारंभिक तेलुगु महिला कवयित्री जैसे ताल्लापाक तिम्मक्का और अतुकुरी मोल्ला लोकप्रिय हो गईं।,शरूआत मा तेलुगु बइरीयो कवियित्रो जेवा ताल्‍लाापाक तिम्‍मक्‍का अने अतुकुरी मोल्‍ला लोकुं मा खास प्रिय हता ।
"In an interview to news agency ANI, Mayawati had accused Modi of playing ""dirty politics.""",न्यूज एजेंसी ANI को इंटरव्यू देते हुए मायावती ने मोदी पर 'गंदी राजनीति' करने का आरोप लगाया था।,न्यूज एजेंसी ।छप् का केदू भायावती यी मोदी पर भुडी राजनीति करवानो आरोप लगाडियो हतो।
Later the Communist Party of India became the principal opposition party.,बाद में भारतीय साम्यवादी पार्टी प्रमुख विपक्षी दल बन गई।,बाद मां भारतीय साम्‍यवादी पार्टी खा विपक्षी दल बणीं गी।
Forestry is also an important source of income.,वानिकी भी आय का एक महत्वपूर्ण स्रोत है।,फूलवाडी भी एक पेसा कमावानों महत्वपूर्ण साधन है
"He bowled seven overs in the first hour, conceding just seven runs while bowling three maidens.",उन्होंने पहले घंटे में सात ओवर में तीन मेडन फेंकते हुए सिर्फ सात रन दिए।,तिहुंयी पेहलें घण्‍टे मां हात ओवर मां ताण मेडन फेकवा जाईन खाली हात दौड1 आलिया।
"The film's music is composed by Parag Chhabra, and the lyrics are written by Manoj Yadav and Shellee.","फिल्म का संगीत पराग छाबड़ा ने दिया है, और गीत मनोज यादव और शेल्ली ने लिखे हैं।",फिलम नो संगीत  पराग छाबडा अन आल्‍यो से अन गीत मनोज यादव अन शेली ने लिखया से।
"The Union Cabinet chaired by the Prime Minister Shri Narendra Modi has given its approval for creation of the post of Supernumerary in the rank of Air Marshal in the Indian Air Force for a period of seventeen months with effect from 01 December 2014 to 30 April 2016, in compliance with the order of the Hon'ble Armed Forces Tribunal (Principal Bench), New Delhi.","प्रधानमंत्री श्री नरेन्द्र मोदी की अध्यक्षता में केंद्रीय मंत्रिमंडल ने माननीय सशस्त्र बल न्यायाधिकरण (प्रधान पीठ), नई दिल्ली के आदेश का अनुपालन करते हुए भारतीय वायु सेना में एयर मार्शल के रैंक में 01 दिसंबर 2014 से 30 अप्रैल 2016 तक सत्रह महीने की अवधि के लिए अधिसंख्या (सूपर्नूमरेरी) पद के सृजन को अपनी मंजूरी दी है।",प्रधनमंत्रीयीनी अध्यक्षता मा केन्द्रीय मंत्री यं माननिय सशस्त्र बल न्यायाधिकरण प्रधान पीठ नइ दिल्ली ना आदेश नो पाालन करी ने भारतीय सेना मा ऐयर मार्शल नी रैक मा 1 दिसम्बर 2014 थी 30 अर्पल 2016 तक हतरे महीना ना वस मा अधिसस्था ना पद पर बणावी अने मजुंरी आली सेैै।
"If you want to stick with the same brand, check to see if the company is discounting other models instead.",यदि आप एक ही ब्रांड के साथ बने रहना चाहते हैं तो जाँच लें कि क्या कंपनी इसके बजाय अन्य प्रतिरूपों पर छूट दे रही है।,अगर तमू एक ही ब्रांड ने साथे बणी रेखा करे से तेर जासं ले की काम्पनी दना थी बीजा रूपो मा सूट आलें से ।
Chant Bharat Mata Ki Jai with full force.,पूरी ताकत से बोलिए भारत माता की जय।,"पूरा जोर ही बोलो ,भारत माता नी जय।"
"He visited the Marine Training Centre, Aerospace Hub and Precision Engineering Section.","उन्होंने समुद्री प्रशिक्षण केन्द्र, एयरोस्पेस हब और प्रेसिज़न इंजीनियरिंग अनुभाग का दौरा किया।",तिनायी समुद्री प्रशिक्षण केन्द्र एयरोस्पेस हब अन प्रेसिजन इंजिनयरिंग अनुभाग नो दैरो करयो।
The Prime Minister then launched the'Gram Uday Se Bharat Uday Abhiyan'at a public meeting in Mhow.,प्रधानमंत्री ने इसके बाद महू में आयोजित एक सार्वजनिक सभा में ‘ग्राम उदय से भारत उदय अभियान’ का शुभारंभ किया।,प्रधानमंत्री यी इनाने बाद महु मा भेळा थाईन एक सब नी हाते एक सभा मा ग्राम उदय थी भारत उदय अभियान नी शरूआत करी ।
"In the communes, several radical and controversial agricultural innovations were promoted at Mao's behest.","कम्यूनों में, माओ के इशारे पर कई कट्टरपंथी और विवादास्पद कृषि नवाचारों को बढ़ावा दिया गया।","कम्यूनो मा, माओ ना इशारा पर कई कट्टरपंथी अन विवादास्पद कृष नवाचार ने वधारो आलियो गयो।"
He called the police.,वहने पुलिस को बुलाया।,त्यो तरकडां ने बोलायो ।
"Further, to make the service opportunities of doctors in Central Armed Police Forces and Assam Rifles more attractive, policy guidelines have been issued regarding participation in postgraduate courses / short-term courses and fellowship / super speciality courses.","इसके अतिरिक्‍त, केन्‍द्रीय सशस्‍त्र पुलिस बलों और असम राइफल्‍स में चिकित्‍सकों के सेवा अवसरों को और अधिक आकर्षक बनाने के लिए स्‍नातकोत्तर पाठ्यक्रम/अल्‍पकालिक पाठ्यक्रम और फेलोशिप/ सुपर स्‍पेशियल्‍टी पाठ्यक्रमों में भाग लेने के बारे में नीतिगत दिशा-निर्देश जारी किए गए हैं।",इना थी बीजा केन्‍द्रीय सशस्‍त्र पोलिस अने असम राइफल्‍स या दागदार यी सेवा नो मोको मले अने वदु स्‍पालुबणावा हारू स्‍नातकोत्‍तर सोपडी मा/अल्‍पकालिक सोपडी मा अने फेलोशिप/सुपर स्‍पेशियल्‍टी सोपडीया मा भाग लेवा बदी सोपडीयुमा नीति मा नेम वताडिया से।
"Thematic workshops on Forest Rights Act, Livelihood, Scholarship, PM Janman, EMRS, Health and TRI projects were held under the Manthan Shivir.","मंथन शिविर के तहत वन अधिकार अधिनियम, आजीविका, छात्रवृत्ति, पीएम जनमन, ईएमआरएस, स्वास्थ्य और टीआरआई परियोजनाओं पर विषयगत कार्यशालाएं आयोजित की गईं।",मंथन शिविर में वन अधिकार अधिनियम आजीविका छात्रवृत्ति पीएम जनमन इएमआरएस स्वास्थ अने टीआरआई परिओजना उपर विषयगत कार्यशालाओ आयोजित करी।
"Even in Kharpa, the village of the deceased, the survey has not been done.",मृतक के गांव खारपा में भी सर्वे नहीं हुआ है ।,मरवा वाळा ना गाम खारपा मा भी  सर्वे नी थायो से।
And I believe that a country whose children are so aware and committed to cleanliness will continue to be clean.,और मुझे विश्वास है जिस देश का बालक इतना सजग हो' स्वच्छता के लिए प्रतिबद्ध हो वह देश स्वच्छ होकर रहेगा। गंदगी के प्रति नफरत पैदा होकर रहेगी।,अनेमने विश्वास से जिना देह ना सोरा ऐतरा जाणे से साफसफाई ने लिये वचन मा होय वो देंहं साफ सफाई थई ने रेहवाना ।
A National Investigation Agency court on Wednesday sentenced Bhavesh Patel and Devendra Gupta to life imprisonment in the Ajmer Dargah blast case,राष्ट्रीय जांच एजेंसी की एक अदालत ने अजमेर दरगाह विस्फोट मामले में बुधवार को भवेश पटेल और देवेंद्र गुप्ता को आजीवन कारावास की सजा सुनाई,देहनी जांच एजेंसी नी एक कोरट मा अजमेर दरगाह विस्फोट मामला मा बुधवारे भवेश पटेल अन देवेन्द्र गुप्ता पण जनम भर नी कारावास नी सजा हमळावी।
"Other countries adopted the border, which until then was used only in Russia.","अन्य देशों ने सीमा को अपनाया, जो तब तक केवल रूस में उपयोग किया जाता था।","बीजा देहों हीं सीमा ने अपनावी, ज्ये तेर हुदी खाली रुस मां उपयोग कर्यु जातु हुतु ।"
He started sobbing.,वह खड़खड़ाने लगा।,त्यो उबळई करवा लाग्यों।
What was Dia thinking?,दीया अपने मन में क्‍या सोचने लगा?,दिवां आपडा मन मा हु सोचवा लाग्‍यो ।
The first combined rail / road bridge over the Brahmaputra River was built at Saraighat.,ब्रह्मपुत्र नदी पर पहला संयुक्त रेल/सड़क पुल सरायघाट में बनाया गया था।,ब्रह्मपुत्र नंदीपर पेहलो भेळों रेल अन सड़कपुर सराय घाट नी तां बणांयो हतो।
"In the year 1959, a special organization called Central Medicinal Plants Organization of India (CIMPO) was formed.",वर्ष 1959 में केन्द्रीय भारत औषध पादप संगठन ( सिम्पो) नामक एक विशेष संगठन बनाया गया ।,वरेह 1959 मा केन्द्रीय  सरकार दवावाळा पौदा पादप संगठन नाम नो ख् एक एक खास संगठन वणा यो ग्यो।
"Brothers and sisters, Good governance is also necessary for Surya.","भाइयों और बहनों, सूर्य के लिए सुशासन भी आवश्यक है।","भायो अने बेनो, दन हारू असळ राज पण जरूरी से।"
"And when Modi has a guarantee, you know what that guarantee is.",और जब मोदी की गारंटी होती है ना तो आप जानते हैं वो गारंटी क्या होती है।,अने जेरे मोदी नी गारंटी रे से ने तेर तमु जाणों से त्ये गारंटी हुं थाय से ।
"Thus, the supply cost of ethanol at OMC depots to the supplier is around ₹49 per litre.","इस प्रकार, आपूर्तिकर्ता को ओएमसी डिपो पर इथनॉल की आपूर्ति लागत लगभग 49 रुपए प्रति लीटर पड़ती है।","आनी रीते, आपूर्तिकता ने ओएमसी डिपो पर इथनॉल नी आपूर्ति लागत लगावगी 49 रुपया प्रति लीटर पड़ता से ।"
The agreement will facilitate easier visa access for Maldivian nationals and their families visiting India for medical treatment.,इस समझौता से भारत में इलाज के लिए आने वाले मालदीव के नागरिकों और उनके परिजनों को आसानी से वीजा प्राप्‍ति में सहायता मिलेगी।,ऐना हमजोतरा थी भारत मा इलाज हारू आवा वाला मालदीव ना नागरिको अने इना परिवार वाळा ने वीजा लेवामा मदत मळहे।
"At this time, Alauddin Jalaluddin did not assert his authority over the previously occupied territories.",इस समय अलाउद्दीन जलालुद्दीन ने पहले कब्जा किए गए क्षेत्रों पर अपना अधिकार नहीं दिया।,इना वखत अलाउद्दीन जलालुद्दीन यीं पेलखां कब्जा करेली जगयानो उपर हक नी आल्यो।
"According to media reports, there is peace and normalcy in Jammu and Kashmir.","मीडिया रिपोर्ट्स के मुताबिक, जम्मू कश्मीर में शांति और सामान्य स्थिति है।",पेपर वाळा ना हिसाब ना अनुसार जम्मुकश्मीर मा शांती असल से खबर से।
"An AAP insider said, ""We have established a network with people in these localities through mohalla clinics, free electricity and schools, which has proved to be beneficial for them.","AAP के एक अंदरूनी सूत्र ने कहा, ‘हमने मोहल्ला क्लीनिकों, मुफ्त बिजली और स्कूलों के माध्यम से इन इलाकों में लोगों के साथ एक नेटवर्क स्थापित किया है, जो उनके लिए फायदेमंद साबित हुआ है।","AAP ना एक अंदरूनी सूत्र हीं किदु,' हमुहीं मोहल्ला क्लीनिकों, मोफत लाईट अने स्कूलों ना माध्यम थी इना इलाकों मां लोगों नी हाते एक नेटवर्थ स्थापित कर्यो से, जी तिहुना हारू फायदेमंद साबित थायो से ।"
"And he built strongholds in Judah, because there was good habitation in the land. And he had no war against anyone in those years, because the LORD had given him rest.","और उसने यहूदा में गढ़ नगर बसाया, क्योंकि देश में अच्छी रहवाली थी। और उसे उन वर्षों में किसी से लड़ाई नहीं करनी पड़ी क्योंकि यहोवा ने उसे आराम किया था।",अन तिनायी यहूदा मां गढ नगर वसाडयू केम की देह मां असल रेवा वाली हती अन तिनायी तीना वरहू मां कइना थी लड़ाई नी करवी पडी केमकी यहोवा यी तिन आराम करयो हतो।
"So, all these efforts, which are responsive, result in that.","इसलिए, ये सभी प्रयास, जो उत्तरदायी होते हैं, उनका परिणाम होता है।","इना हारु, या बदी कोसिस, ज्ये उत्तरदायी होय से, तिहुनों परिणाम होय से।"
"Moreover, the investigation is at an advanced stage.","इसके अलावा, जांच अग्रिम चरण में है.",इना थी बाद जांस अगळी आवा वाळा मां से।
Organically mixing neem oil with water and spraying it with a spray machine gives a lot of benefit.,आर्गेनिक तौर पर नीम के तेल को पानी में मिलाकर स्प्रे मशीन से छिड़काव करें तो काफी फायदा मिलता है ।,आपडा घेर नु खातर अन लिमडा नु तेल ने भेळु  करीन मशीन छिडकावा पर घणो फायदो मसे से।
"""A detailed programme will be released soon,"" he said.","उन्होंने कहा, ‘‘शीघ्र ही एक विस्तृत कार्यक्रम जारी किया जाएगा।",तिनायी केदु उत्वाले एक घणो मोटो कारयकरम परोगराम सलाडवा करयू जाय ।
He also appreciated the role of the Indian diaspora in contributing to the US economy.,उन्होंने प्रवासी भारतीयों की अमेरिकी अर्थव्यवस्था में योगदान की भूमिका की सराहना भी की।,इहुयी भारत ना परूणा थायला भारत ना अमेरीकी रूपया नी ताळमेल मा फाळा मा भूमिका नी असल पण केदु।
"Similarly, the work of laying gas pipelines in the country is developing city gas distribution systems in many cities.","ऐसे ही देश में गैस पाइपलाइन बिछाने का जो काम हो रहा है, उससे कई शहरों में सिटी गैस डिस्ट्रिब्यूशन सिस्टम डवलप हो रहा है।",ऐवस देह मा पाइप लेण पाथरवा नु काम थाई रयू से । तिनमा घणा घेरु मा सिटी गैस डिस्धिब्यूशन सिस्टम उवलप थाईरन से।
The two leaders discussed ways to enhance prosperity and mutual understanding between the two countries.,दोनों नेताओं ने दोनों देशों के बीच समृद्धि तथा आपसी सूझबुझ को बढ़ाने के तरीकों के बारे में विचार-विमर्श किया।,बैहु नेताओ ना बैहु देशो ना वसमा विकास अने मई मई एक बीजा नि हमज बढ़ावा नो तरीका ना बारा मा विसार विमश करयो
"In addition, Swiss non-bank loans and deposits of Indians decreased significantly by 80% between 2013 and 2017.","इसके अलावा, वर्ष 2013 से वर्ष 2017 के बीच भारतीयों के स्विस गैर-बैंक ऋणों और जमा में 80.2 प्रतिशत की उल्लेखनीय कमी आई है।",इना अलावा वर्ष 2013 अथी 2017 ना बीच भारतीयों ना स्विस गैर बैंक गहणो अने जमा मा 80.2 प्रतिशत नी उल्‍लेखनी कमी आवी।
"Our Sanjay Bhai is proving this right. Friends, I would like to discuss one more such work today. This work is being done in the Nilgiris of Tamil Nadu.","हमारे संजय भाई, इसी को सही साबित कर रहे हैं। साथियो, ऐसे ही एक और काम कि चर्चा आज करना चाहूँगा। ये काम हो रहा है तमिलनाडु के नीलगिरी में।",यो आपणे संजय भाई खरी वात करते लो कि ये वाते खरी से। ऐवीस वाता घणी हाल वाते करवी छे। अने काम भी थाई रो से त्‍यो तमिलनाडू ना नीलगिरी गाम मा होवी रियो है
"Floor ball, an indoor team sport, is a type of floor hockey that is gaining popularity in India.","फ्लोर बॉल, एक अंदर खेला जाने वाला टीम खेल, एक प्रकार का फ्लोर हॉकी है जो भारत में लोकप्रियता हासिल कर रहा है।","फ्लोर बॉल, एक मांय रम्यो जावा वाळो टीम खेल, एक रीत नो फ्लोर हॉकी से जी भारत मां लोकप्रियता हासिल करी रया से ।"
They can now take advantage of the loan facility from the'Mudra Yojana'Every Indian is proud to know how the world is accepting yoga.,वे अब ‘मुद्रा योजना’ से ऋण सुविधा का लाभ उठा सकते हैं हर भारतीय को यह जानकर गर्व होता है कि कैसे दुनिया योग को स्वीकार कर रही है।,"त्‍यां हाव मुद्रा ओजनां थी ऋण ओजनां थी, ऋण सुविधा नों लाभ उठाड़वा सकयीं से, हर भारतीयों नों युं जाणींनें गर्व होय से कि कैवां दनियां योग नों स्‍वीकार करी रियां से।"
"A bench of Justices Indira Banerjee and Ajay Rastogi said, ""In Sharma's case, we have seen the social media post (meme) which was offensive in nature and that is why we asked him to apologise.""","सुनवाई करते हुए जज इंदिरा बनर्जी और अजय रस्तोगी की पीठ ने कहा कि 'शर्मा के मामले में हमने सोशल मीडिया में पोस्ट (मीम) देखा है, जो कि आपत्तिजनक प्रवृति का था और इसीलिए हमने उनसे माफी मांगने के लिए कहा।",हुणवाइ करता जायीन जज इंदिरा बनर्जी अने अजय रस्तोगही नी पीठ ये केदु कि शर्मा ने मामला मा सोशल मीडिया मा पोस्ट देखा जो कि आपतिजनक पृवति नो थो अने इना हारू अमुयें माफी मांगवा हारू केदु ।
"Global organizations: World Bank, Asian Development Bank, World Economic Forum, World LPG Organization, UNIDO, Biofutures Platform, International Civil Aviation Organization, International Energy Agency, International Energy Forum, International Renewable Energy Agency, World Biogas Association.","वैश्विक संगठन: विश्व बैंक, एशियाई विकास बैंक, विश्व आर्थिक मंच, विश्व एलपीजी संगठन, यूएनआईडीओ, बायोफ्यूचर्स प्लेटफॉर्म, अंतर्राष्ट्रीय नागरिक उड़ान संगठन, अंतर्राष्ट्रीय ऊर्जा एजेंसी, अंतर्राष्ट्रीय ऊर्जा मंच, अंतर्राष्ट्रीय नवीनीकरण ऊर्जा एजेंसी, विश्व बायोगैस एसोसिएशन।",विस्व ना मोटा देह नी बैक एसियाई विकास बैक विस्व आर्थिक मंच विस्व एलपीजी संगठन यूएनआईडीओ बायोफयूचर्स प्लेटफार्म अंतराष्‍टीयऊर्जा एजेंसी अंतराष्‍टीयऊर्जा मंच अंतराष्‍टीयनवीनीकरण ऊर्जा एजेंसी विस्व बायोगैस ऐसोसिएसन ।
"Additional instructions may be ""check expiration date"" or something similar - anything the shopper may need to keep in mind when selecting items.","अतिरिक्त निर्देश ""समाप्ति तिथि की जांच"" या कुछ इसी तरह के हो सकते हैं - कुछ भी जो दुकानदार को सामान चुनते समय ध्यान में रखने की आवश्यकता हो सकती है।",इने ही वदारे वताडवा नु खतम थावा नी दिनांक  नी जांच या कईक एवी तरे नू  थाई सके से थोडाक जी दुकानदार ने समान चुनती वखत ध्यान मा राखवा नी जरूरत थाई सके।
"The Nordic countries and India reiterated the need for reform of the Security Council and expansion of its membership, both permanent and non-permanent, to make it more representative, responsive, effective and proactive in line with the realities of the 21st century.","नार्डिक देशों और भारत ने सुरक्षा परिषद के सुधार और इसके स्थायी और अस्थायी दोनों ही तरह के सदस्यों की संख्या के विस्तार की आवश्यकता को दोहराया ताकि इसे 21वीं सदी की वास्तविकताओं के अनुरूप और अधिक प्रतिनिधित्वपूर्ण, उत्तरदायी, प्रभावी और सक्रिय बनाया जा सके।",नार्डिक देहो अने भारत ई सुरक्षा परिषद ने हुधर अने  तिहुने हमेशा अने थोडक समय  बैहु नी तरह ना सदस्यों नी आकडा ने फैलाव नी जरूरत ने दोहराई पणकी इनी 21 पीढ़ी नी खास तरे नो अनुरूप अने वदु प्रतिनिधित्व पूरा करवा वाळी जिम्मेदारी नो प्रभाव अने हमेशा बणाई जाई सके
"Our ancestors gave the message of ""Vasudhaiva Kutumbakam,"" which means ""the whole world is one family,"" and this spirit is lived by India even today.","हमारे पूर्वजों ने ""वसुधैव कुटुंबकम"" का संदेश दिया, जिसका अर्थ है – ""संपूर्ण विश्व एक परिवार है"", और इसी भावना को भारत आज भी जीता है।","हमारा डाहा-डाहा यीं वसुधैव कुटुम् बकम नी खबर आली, जिनों अरथ से की पुरी दनियां मां एक परिवार से अनें आज बी भारत हातें जीवी रियों से।"
"We have given a universal account number to our labourers to solve this problem and due to this, now their money will be transferred to the EPF fund wherever it goes.",हमने इस समस्या का समाधान करने के लिए एक Universal Account Number दिया हमारे मजदूरों को और उसके कारण अब उसके पैसे वो जहां जाएगा EPF का fund transfer होगा।,हमुञे इनी तकलीप नो हळ करवा हारू एक अन्तरराष्ट्रिय खाता नम्बर आलिया आपड़ा मजदूरोन अन तिनाना कारण हाव तिनाना रूपया तां जाहे जां EPF नो फंड ओहे।
"The salaries, gratuity, pension and allowances etc. of the High Courts are governed by the High Court Judges (Salaries and Conditions of Service) Act 1954.","उच्‍च न्‍यायालयों के वेतन, गेच्‍यूटी, पेंशन और भत्‍ते आदि उच्‍च न्‍यायालय न्‍यायाधीश (वेतन एवं सेवा शर्त) अधिनियम 1954 द्वारा प्रशासित होती हैं।",उच्‍च कोरट ने वेतनए गेच्‍यूटीए पेंशन अन भत्‍ते आदि उच्‍च कोरट मजिटर ;वेतन अन सेवा शर्तद्ध अधिनियम 1954 द्वारा प्रशासित होई से ।
"Union Finance Minister Pranab Mukherjee on Wednesday assured removal of excise duty on bicycles, hosiery, blankets, garments, sewing machines and other industrial products, considering the demand of various industrial bodies.","केन्द्रीय वित्त मंत्री प्रणव मुखर्जी ने बुधवार को अलग-अलग औद्योगिक संस्थाओं की मांग पर गौर करते हुए साइकिल, हौजरी, ब्लैंकेट्स, गारमेंट्स, सिलाई मशीनों व अन्य इंडस्ट्रियल प्रोडैक्ट्स से उत्पाद शुल्क हटाए जाने का आश्वासन दिया है।",केन्द्रीय  वित्त मंत्री प्रणव मुखर्जी यी बदवार नें दन नाळी नाळी उधांग वाळी संस्थाओं नी मांग पर गौर करतों जायन सायकिल हौजरी ब्लैकेट्स गारमेन्ट सिलाई मशीन अन बीजा विजळी ना सामान थी उत्पादन रूपिया हटाडवा नु केदु सें ।
"On the completion of 100 days of the second term of the Modi government, Union Minister Prakash Javadekar spoke about the achievements of the government.",मोदी सरकार के दूसरे कार्यकाल के 100 दिन पूरे होने पर केंद्रीय मंत्री प्रकाश जावडेकर ने सरकार की उपलब्धियों के बारे में बताया।,मोदी सरकार ना बिजा कार्यकाल ना 100 दन पुरा थावा पर केन्द्रिय मंत्री प्रकाश जावड़ेकर ऐं सरकार नी उपलव्धिमु ना बारा मा वताड़यु ।
The film was awarded for Best Art Direction and Best Composition at the 60th National Film Awards.,60वें राष्ट्रीय चलचित्र पुरस्कारों में इस फिल्म को सर्वश्रेष्ठ कला निर्देशन और सर्वश्रेष्ठ संयोजन के लिए सम्मानित किया गया।,60 वे राष्‍ट्रीय चलचित्र इलामों इलामों मां इनी पिक्‍सर ने असल कला निर्देशन अने फसल जोडावा हारू आदर वदारयू।
The book is interesting.,किताब दिलचस्प है।,सोपडी घणी असल से।
Scholars differ on the effectiveness of Meghalaya's civil society.,मेघालय के नागरिक समाज की प्रभावशीलता पर विद्वानों में मतभेद है।,मेघालय ने नागरिक समाज नी प्रभावशीलता ऊपर विद्वानों मा मतभेद होवे से ।
"In an online statement, the Islamic State group claimed responsibility for the attack, saying it targeted Shiite militia members.",एक ऑनलाइन बयान में इस्लामिक स्टेट समूह ने यह कहते हुए हमले की जिम्मेदारी ली है कि उसने शिया मिलिशिया सदस्यों को निशाना बनाकर यह हमला किया था।,एक आनलाईन बियान मा दुस्लामिक राज्य समूह थी या केह से हमला नी जपापदारी लीसे कि तिनाना शिया मिलिश्यिा सदस्यो ने निसाण बणावी यो हमलो करयो हतो
My plan is...,मेरी योजना है...,मारी ओजणा से
"The highest point in the region is Mont Puuc (on Futuna Island) at 524 metres (1,719 ft).","इस क्षेत्र का उच्चतम बिंदु 524 मीटर (1,719 फीट) पर मोंट प्यूक (फ़्यूचूना द्वीप पर) है।",इनी जगा मां सबों करता उॅचाई मां मांट प्यूक से जेना उॅचाई 524 मीटर से।
Passengers from western Uttar Pradesh and the National Capital Region will benefit from the operation of domestic flights from this new civil airport terminal at Hindon.,हिंडन के इस नए सिविल एयरपोर्ट टर्मिनल से घरेलू उड़ानों के संचालन से पश्चिमी उत्तर प्रदेश और राष्‍ट्रीय राजधानी क्षेत्र के यात्रियों को लाभ होगा।,हिंडन ना आं नवा सिविल एयरपोर्ट टर्मिनल ती घेरू नी उडावानी ने सलाडवानी बुडम्‍णां उत्तर प्रदेश अने राष्‍ट्रीय नी राजधानी ना भाग हारू जावा वाळां लोकुं ने लाभ मळहे।
"The Ministry of Rural Development has released Rs. 1, 000 / - (Rupees One Crore, Twenty Lakhs, Forty Six Thousand only) as first instalment of Central share to 8 districts of Arunachal Pradesh for the current financial year 2010-11 under the Centrally Sponsored Swarna Jayanti Gram Swarozgar Yojana.","ग्रामीण विकास मंत्रालय ने केन्द्र प्रायोजित स्वर्ण जयंती ग्राम स्वरोजगार योजना के अंतर्गत वर्तमान वित्तीय वर्ष 2010-11 के लिए अरूणाचल प्रदेश के 8 जिलों के लिए रूपए 1,20,46,000- (एक करोड़, बीस लाख, छियालिस हजार रूपए मात्र) केन्द्रीय हिस्से की पहली किस्त के रूप में जारी किए हैं।","गाव नो विकास नो मंत्रालय न केन्द्र मा करवा स्वर्ण जंयती गा्रम स्वरोजगार योजना ना अन्दर हमणे आमदानी वरे 2010-11 हरू अरूणाचल प्रदेश न 8 जिला हरू रूपया 1,20,46000 (एक रोड बीस लाख छियालीस हजार रूपीया ) केन्द्रीय भागो नी पैली किश्त न रूप मा आली दे दी है ।"
It is our duty to completely stop the use of single-use plastic.,हमारा कर्तव्‍य है कि Single Use Plastic का इस्‍तेमाल पूरी तरह हमें रोकना होगा।,हमांरों कर्तव्‍य से कि सिंगल युजर प्‍लास्टिक नें काममां लेवा पुरी रितें हमुंयें रोकवुं ओहें।
He was sitting on the bench.,मेढ़के मेढ़ पर बैठा था।,देरकु पाले बथु
The Central Board of Secondary Education (CBSE) will conduct the CTET exam in 20 languages in 97 cities across the country.,केंद्रीय माध्यमिक शिक्षा बोर्ड (CBSE) देश के 97 शहरों में 20 भाषाओं में CTET परीक्षा आयोजित करेगा।,केंद्रीय माध्यमिक शिक्षा बोर्ड (CBSE) देश ना 97 सेहेर मां 20 भाषाओं मां CTET परीक्षा करावहे।
We have started metro in 20 + cities in the last 10 years.,हमने पिछले 10 वर्षों में 20+ शहरों में मेट्रो शुरू की है।,हमुयीं पासला 10 वरेह मा 20+ शहरू मा मेट्रो रेलगाड़ी शुरू करी से।
"In a message to Her Excellency Ms. Dilma Rousseff, the President of the Republic of Brazil, the President has said, On behalf of the Government, the people of India and on my own behalf, it gives me great pleasure to convey to you, to the Government and the people of the Republic of Brazil warm greetings and felicitations on the occasion of your Independence Day.","राष्‍ट्रपति ने ब्राजील गणराज्‍य की राष्‍ट्रपति सुश्री डिल्‍मा रॉउसेफ को भेजे अपने संदेश में कहा ‘भारत सरकार, यहां की जनता और अपनी तरफ से आपके स्‍वाधीनता दिवस पर आपको, आपकी सरकार तथा ब्राजील गणराज्‍य की जनता को बधाई देने में मुझे अपार हर्ष का अनुभव हो रहा है।","राष्टपति ने बा्रजील गणराज्य नी राष्टपती सुश्री डिल्मा रॉउसेफ ने मोकलेला आपडा हंदेहा मा केदुं भारत सरकार, आनी सरकार अने आपडी तरफ थी तमारी स्वाधिनता दन पर तमुने तमारी सरकार अने बा्रजील गणराज्य नी जणता ने राष्टीय तैवार ना दन ना अवसर पर तमुने अने ना मनखुं ने हार्दिक शुभकामनाऐ अने बधाइ आलता जायीने हमुने घणास खुसी थायी री से।"
He said that his government is working to promote the welfare and prosperity of the people of the North East through this'Panchatatva '.,उन्‍होंने कहा कि उनकी सरकार इस ‘पंचतत्‍व’ के जरिये पूर्वोत्तर के लोगों के कल्‍याण एवं समृद्धि को बढ़ावा देने के लिए काम कर रही है।,तिनाये किदु से के तिनानी सरकार इना पॉच तत्‍व ने जरिये उगमणा आथमणा ना मनखु ना कल्‍याण  अने समृद्वि ने वधारो करवानों काम करी री से।
A special Pakistani court will deliver its verdict in the treason case against Musharraf.,एक विशेष पाकिस्तानी अदालत मुशर्रफ के खिलाफ राजद्रोह मामले में अपना फैसला सुनाएगी.,एक खास पाकिस्तानी कोरट मुशर्रफ ने खिलाफ राजद्रोह ना मामला मा आपडो फैसलो हमळावहे|
The most recent orders are listed at the top and older orders are placed below that.,सबसे नवीनतम ऑर्डर शीर्ष पर सूचीबद्ध हैं और पुराने ऑर्डर उससे नीचे रखे गए हैं।,बदा नवा नवा आर्डर चोरी मा लखेला से अने जुना आर्डर तीन ती नीसु राखी ग्यु से।
The specifications of the FOC level aircraft have already been handed over to Hindustan Aeronautics Limited (HAL) to produce the aircraft incorporating major changes in the IOC level aircraft.,आईओसी स्तर के विमान में प्रमुख परिवर्तनों को शामिल कर विमान का उत्पादन करने के लिये एफओसी स्तर के विमान की खासियतें पहले ही हिंदुस्तान एयरोनॉटिक्स लिमिटेड (एचएएल) को सौंप दी गई हैं ।,आईओसी स्तर ना विमान मा खास परिवर्तनों ने भेळा करीन विमान नी पेदावार करव हारु हारु एफओसी स्तर ना विमान नी खासियतें पेहलु थी हिंदुस्तान एयरोनॉटिक्स लिमिटेड (एचएएल) हुपी देदी से।
"Accordingly, TRAI issued a Consultation Paper on ""Guidelines for Telephone Rating Agencies in India / Reputation Regimes"" on 17 April 2013, in which they invited comments / views from the stakeholders.","तदनुसार ट्राई ने ''भारत में टेलीफोन रेटिंग एजेंसियों के लिए मार्गदर्शी-निर्देश/ख्‍याति व्‍यवस्‍था'' विषय पर एक परामर्शी पत्र 17 अप्रैल 2013 को जारी किया, जिसमें उन्‍होंने स्‍टेक धारकों से टिप्‍पणियां/अपने विचार रखने को कहा।",इने हिसाब ही ट्राय यें भारत मा टेलीफोन रेटिंग एजेंसियों हारू रास्तो वताडवानो आर्डर ख्याति व्यवस्ता विषय पर एक परामर्सी पत्र 17 अप्रैल बै हजार तेरा यें मोकलियु जिनमा तिनोहे। स्टेकदार की सुझाव आपडा विचार राखवा नु केदू।
The Government of India has declared a day of national mourning on his death.,भारत सरकार ने उनके निधन पर एक दिन के राष्ट्रीय शोक की घोषणा की है।,भारत सरकार से तेनोन मरी जावा ऊपर एक दन नो राष्‍ट्रीय शोक नी घोषणा करी से ।
"Apart from this, a number of sports and social activities are also planned which will strengthen mutual understanding and relations between the two navies.",इसके अलावा कई खेल और सामाजिक गतिविधियों की भी योजना है जिससे दोनों देशों की नौसेना के बीच आपसी समझ और संबंध मजबूत होंगे।,इने अलावा घणा खेल अने सामाजिक गतिविधियो नी बी योजना से। तिनमा बेहे देहो नी आपस मा समझ अने मेल मिलाप कडक से।।
"Not a programme of any political party, it is a programme of crores of Indians. Every free and grateful Indian bows to his freedom fighters.","किसी राजनीतिक दल का कार्यक्रम नहीं, यह कोटि-कोटि भारतवासियों का कार्यक्रम है। हर स्वतंत्र और कृतज्ञ भारतीय का अपने स्वतंत्रता सेनानियों को नमन है",किसी राजनैतिक दल को कार्यक्रम नी यो कोटी-कोटी भारत वाहियो नो कार्यक्रम है खुलम खुला भारतीय का आपणा स्वतंत्रता सेननीयों को नमन
Good evening! Are you going out tonight?,अच्छी शाम! आप आज रात बाहर जा रहे हैं?,असल हांज तमु आज रात ना बाहेर जाय रा की?
"This is the highest figure among the top three Indian IT companies - Tata Consultancy Services (TCS), Infosys and Wipro.","यह शीर्ष तीन भारतीय आईटी कंपनियों- टाटा कंसल्टैंसी सर्विसेज (टीसीएस), इन्फोसिस और विप्रो- के बीच सर्वाधिक आंकड़ा है।",या खास तीन भारतीय आइ्रटी कम्पनीयो टाटा कंसल्टैसी सर्विसेज इन्फोसिस अने विप्रो नपा वसमा वदार आकडा सै।
"Since the release of Java 8, the Buddhist calendar is supported in the new Date and Time API.","की रिहाई के बाद से जावा 8, बौद्ध कैलेंडर में समर्थित है नई तारीख और समय एपीआई.",छुटवा नी बाद थी जावा 8 बौद्ध केलेण्डरू मां समर्पित सें नवी तारीक अनें समय एपीआई ।
"If you carry the same amount of money you had in your budget, you won't have the desire to spend on things you don't need.","यदि आप उतनी ही राशि ले जाते हैं, जितना आपने अपने बजट में रखा था, तो आपको उन चीज़ों पर खर्च करने की इच्छा नहीं होगी जिसकी आपको आवश्यकता नहीं है।","अगर तमु एतरा ही रूपया ली जाता हो, जेतरा आपडे आपडी पोटली मा मेल्या हता ,ते तमारो इनी वस्तु पर खर्चो करवानो इस्छा नथी थाई"
"Prime Minister: Thank you, thank you.","प्रधानमंत्री : Thank you, Thank You.","प्रधानमंत्री : Thank you, Thank you."
Union Minister of Finance & Corporate Affairs Smt.Nirmala Sitharaman attended the 102nd meeting of the World Development Committee Plenary through video conferencing here today,केंद्रीय वित्त एवं कार्पोरेट कार्य मंत्री श्रीमती निर्मला सीतारमण ने आज यहां वीडियो कॉन्‍फ्रेंसिंग के माध्यम से विश्‍व विकास समिति पूर्ण की 102वीं बैठक में भाग लिया,केंद्रीय वित्त एवं कार्पोरेट कार्य मंत्री श्रीमती निर्मला सीतारमण ने आज यहां वीडियो कॉन्‍फ्रेंसिंग के माध्यम से विश्‍व विकास समिति पूर्ण की 102वीं बैठक में भाग लिया
"Asked why India was not invited to the meeting, the spokesperson said, ""China maintains close communication and coordination with all parties, including India,"" on the Afghanistan issue.","""प्रवक्ता से जब पूछा गया कि बैठक में भारत को आमंत्रित क्यों नहीं किया गया तो उन्होंने कहा, ""चीन, अफगानिस्तान मुद्दे पर ""भारत सहित सभी पक्षों के साथ करीबी संपर्क और समन्वय बनाए हुए है।",""" प्रवक्ता थी जेर पुस्यु ग्यु कि बैठक मां भारत ने आमंत्रित केम नी कर्यो ग्यो तेर तिहुनें किदु कि, "" चीन, अफगानिस्तान मुद्दे पर "" भारत हमेत बदां पक्षों नी हाते करीबी संपर्क अने समन्वय बणावेला से ।"
"For example, your forwarding address would look like this:","उदाहरण के लिए, आपका अग्रेषण पता इस तरह दिखेगा:","नमूना हरू,तम्‍मारा अगल पतो इना तरा थी वोताडियो।"
He started his career as a taxi driver and later became a fleet operator.,उसने अपना करियर टैक्सी ड्राइवर के रूप में शुरू किया और बाद में फ्लीट ऑपरेटर बन गया।,तिनें आपड़ जिन्दगी टैक् सी ड्राइवर नां रूप मां सालु करयु अनें फेर पसाडी मां फ् लीट आपरेटर बणीं ग्यों।
The Reserve Bank of India (RBI) has made an announcement to launch the new Rs 100 currency note.,RBI ने 100 रुपये का नया नोट जारी कर दिया है.,त्ठप् ना 100 रूपया ना नवा नोट सलाड देदे से।
We had negative cargo handling.,हमारे यहां Cargo handling Negative था।,हमारा आं Cargo Handling Negative हेतु।
What is the issue?,क्या मुद्दा है?,हूं लफ्डू से।
Pay attention to the price of the item and where you saw it.,"उस वस्तु की कीमत और आपने इसे कहाँ देखा, इस पर ध्यान दें।","तिनी वस्तु नी किमत कने तमुयें इनाम का देख्या, इन पर ध्यान दो।"
"""World No Tobacco Day reminds us of the harm caused by tobacco consumption and this day reaffirms our commitment to reduce this menace.",“विश्‍व तम्‍बाकू निषेध दिवस हमें तम्‍बाकू के उपभोग से होने वाले नुकसान की याद दिलाता है तथा यह दिन इस खतरे को कम करने की हमारी प्रतिबद्धता की पुष्टि करता है।,दनिया मा भाग खावा वाला मनखु थी विश्व तम्बाकु निषेध दिवस हमुन भाग वी खावा हारू खावा थी पेहलो नुकसान मे याद दिलाडे से अने यो दन एक खतरा मे बन करवा नी प्रतिबंधता नी पहला करे से।
"Some of these include tulsi, ginger, and cloves.","इनमें से कुछ में तुलसी, अदरक और लौंग शामिल हैं।",इनमां थी कयनां तुलसी अदरक अनें लौंग भेळां से।
2 Part V Supreme Court High Court Statutory Relationship between the State and the Centre,2 भाग -5 सर्वोच्च न्यायालय उच्च न्यायालय राज्य तथा केन्द्र के मध्य वैधानिक संबंध,बै भाग पांच ना सबही मोटी कोरट फेर मोटी  कोरट राज्य अने केंन्द्र ना वस मा कायदा ना बारा मा ।
"Primarily, this is through the use of magnification in the form of telescopic systems for far-sightedness and optical or electronic magnification for near tasks.","मुख्य रूप से, ये दूर दृष्टि के लिए टेलीस्कोपिक सिस्टम के रूप में आवर्धन और निकट कार्यों के लिए ऑप्टिकल या इलेक्ट्रॉनिक आवर्धन के उपयोग के द्वारा होता है।",खास करीन आ सेटी भाळवा हारू दूरपन मशीन ना रूप मा आवर्धन  अने मेरे ना कामू हारू आॅप्टिकल या फेर इलेक्ट्रानिक आवर्धन ना उपयोग थि थाय से।
The islands extend from 6 to 14 north latitudes and from vehicular to 94 east longitudes.,यह द्वीप 6 से 14 उत्तरी अक्षांश और वाहनों से 94 पूर्वी देशांतर तक फैले हुए हैं।,आ द्वीप 6 थी 14 भाभरण अक्षांश अने 92 थी 943 पशी देशांतर हुती वस्तारेली है।
Kerala has the highest consumption of alcohol in India.,भारत में शराब का सबसे अधिक सेवन केरल में होता है।,भारत मा दारू ना बदा थी मोटा वदु पीवा वाला केरल मा से।
"Derek O'Brien claimed that employment in the small and micro-enterprises sector has declined by 35 per cent and the worst affected are fishermen, farmers, housewives, students, retailers.","डेरेक ओब्रायन ने दावा किया कि लघु एवं सूक्ष्म उद्योगों के क्षेत्र में रोजगार में 35 प्रतिशत की गिरावट दर्ज की गई है और इसके कारण मछुआरे, किसान, घरेलू महिलाएं, छात्र, खुदरा कारोबारी सबसे अधिक प्रभवित हुए हैं।",डेरेक ओबरियांरेयन ये दावो करियो की सोटा एन नान नाना बारिक जी धन्धा थी अने तीना एरिया मा रोजगार गिरावट आवी गया से. अन इना कारणे भोई करसाण घेर मा काम करनारी बयरॉ सोरा खुद्रा कारोबारी ये सब थी वद्दू घाटा मा गया से
The river flows in a northeasterly direction for 300 kilometres (190 mi) from its source and joins the Mahanadi at Changori near the town of Shivrinarayan.,यह नदी अपने स्रोत से 300 किलोमीटर (190 मील) उत्तर-पूर्व दिशा में बहती है और शिवरीनारायण शहर के पास चंगोरी में महानदी में मिल जाती है।,ये नंदी आपडा स्‍त्रोत थी 300 कि.मी. (190मील) उत्‍तर -पूर्व दशा मां वेहे से अने शिवरीनारायण शेहर नी मेंरें चंगोरी मां मोटी नदी मां मळी जाय से ।
"As a general example, the BIOS of a typical personal computer will often have an option called ""use shadow BIOS"" or something similar.","एक सामान्य उदाहरण के तौर पर, विशिष्ट व्यक्तिगत कंप्यूटर के बायोस (BIOS) में प्रायः ""शैडो बायोस का प्रयोग करें"" [“use shadow BIOS”] कहलाने वाला एक विकल्प या उसी तरह का कोई विकल्प होता है।",एक सामन्‍य उदाहरण तौर पर विशिष्‍ट व्‍यक्तिगत कंप्‍यूटर ना बायोस मा प्राय शेडो बायोस ना प्रयोग करे कहवाने वाला एक विकल्‍प तिनी तरह ना कोई विकल्‍प थाए है।
"I am happy to share that the Ministry of AYUSH has categorized the data and terminology related to Ayurveda, Siddha and Unani medicine, in this, the World Health Organization has also helped.","मुझे ये बताते हुए खुशी हो रही है कि आयुष मंत्रालय ने आयुर्वेद, सिद्ध और यूनानी चिकित्सा से जुड़े डेटा और शब्दावली का वर्गीकरण किया है, इसमें, विश्व स्वास्थ्य संगठन ने भी मदद की है।","मन ये वताड़वा खुशी थइरी के आयुष मंत्रालय यी आयुर्वेद सिद्ध अने युनानी चिकित्सा थी जुड़ेला डेटा अने शब्दावली नो वर्गीकरण करयो से, इनमा विश्व स्वास्थ्य संगठन यी पण मदद करी से 1"
"The government also extended full cooperation and tried to provide all facilities to the farmers on cheap loans for farming, which were necessary to promote farming.","सरकार ने भी पूरा सहयोग किया और किसानों को खेती के लिए सस्ते लोन पर उन सभी सुविधाओं को मुहैया कराने का प्रयास किया , जो खेती को बढ़ावा देने के लिए जरूरी थे ।",सरकारे भी बद्यो मदद करी अने किसानो नी खेतरो हारू हस्ता लोण पर तीना बद्दा सुविधा ना मुहैया करावा ना प्रयास कैशिश करिची खेतरो नो बढ़ावा देवा हारू जरुरी से।
He constructed several ponds including Manchippa Cheruvu pond for drinking water.,उन्होंने पीने के पानी के लिए मंचिप्पा चेरुवु तालाब सहित कई तालाबों का निर्माण किया।,तिनाये पीवा ना पाणी हारू मंचिप्‍पा चेरूवु तालाब हुदी घणा तलावु बंदाडया से।
The River Water Quality Assessment carried out in 2017 indicates an improvement in water quality compared to 2016,2017 में किया गया नदी जल गुणवत्‍ता आकलन 2016 की तुलना में जल की गुणवत्‍ता में सुधार के संकेत देता है,बे हजार सताह मा कियो गयो नदी ना जल गुणवत्‍ता ना आकलन बे हजार सोलह नी तुलना मा पानी नी गुणवत्‍ता मा हदार आयो से।
"Jointly produced by Eros International and Next Gen Films, it was released on 27 May 2016.","इरॉस इंटरनेशनल और नेक्स्ट जेन फ़िल्म्स द्वारा संयुक्त रूप से निर्मित, यह 27 मई 2016 को रिलीज़ की गई थी।",इरास इंटरनेशनल( इरास एक बाजे देह) इने जैन फिलम (वाणिया नि फिलम) गुदा भेला खास नेताई ने बणावी थी 27 मई 2016 नि रिलीज थाई 2016 मां आवेली ।
"He called for an audit of the decision-making process, saying unnecessary delays would not be tolerated.",उन्होंने निर्णय लेने की प्रक्रिया का ऑडिट करने का आह्वान करते हुए कहा कि अनावश्यक देरी को बर्दाश्त नहीं किया जाएगा।,वे मुझे अपनी बेटी कहते थे।
"Apart from the Indian Agricultural Research Institute, New Delhi, it will have schools for crop science, natural resource management, and animal science-related research.","भारतीय कृषि अनुसंधान संस्थान, नई दिल्ली से इतर इसमें फसल विज्ञान, प्राकृतिक संसाधन प्रबंधन और पशु विज्ञान संबंधित अनुसंधान के लिए स्कूल होंगे।",अपडे देह मे रेवा मे खेती वउी आने मोअी योजना हमाली ने नई दिल्‍ली मे खेती वाडी विज्ञान प्राकृतिक ससाधान प्रबंधन ने पशु विज्ञान मे अनुसाधान है।
B bids $7 and becomes the highest bidder.,बी 7 डॉलर की बोली लगाता है और सबसे ऊँची बोली लगाने वाला बन जाता है।,बी 7 डॉलर नी बोली लगाडी से ती उंसी बाली लगाडवा वाळो वणी गयो।
He pointed out that the two countries not only have a shared history but also a shared destiny and a common interest in ensuring peace and security in the region.,"उन्‍होंने बताया कि दोनों देशों का न केवल साझा इतिहास है, बल्कि साझा नियति भी है और क्षेत्र में शान्ति तथा सुरक्षा सुनिश्चित करने में एक-समान रूचि भी है।","तिहुई वताड्यो के बेहे देश नो साझो इतिहास से, पण भेगा नियति अन क्षेत्र मा शांति अन सुरक्षा सुनिश्चित करवा मा एक बिजानी रूची से।"
"The Prime Minister, Shri Narendra Modi has said, ""My greetings and best wishes to the people of Venezuela on their Independence Day.",प्रधानमंत्री श्री नरेन्‍द्र मोदी ने कहा “वेनेजुएला के स्वतंत्रता दिवस पर मेरी बधाई और वेनेजुएला के लोगों के लिए शुभकामनाएं।,प्रधानमंत्री श्री नरेन्द्र मोदी ने किदु की वेनेजुएला ना देहमा आजादी ना दन पर मारी बधाई अने वेनेजुएला ना मनखु हारू वाह वाथी मली से।
"And India is very happy to share this with countries in the Global South. Again, a way in which this is sustainable and debt-free.","और भारत बहुत खुशी से इसे ग्लोबल साउथ के देशों के साथ साझा करने के लिए तैयार है। फिर से, एक ऐसा तरीका जिसमें यह सतत और कर्ज उत्पन्न न हो।",अन भारत मोटी खुशी थी ग्लोबल साउथ ना देहो ने हत्थे वातवा हरु तैयार है फेर ही एक इवो तरीको से जिनामा यों सतत अन कर्ज ऊ बू नी थाई से
The tail of the monkey is long.,बंदर की पूंछ लंबी होती है।,वांदरा नी पूछ लांबी होवे छे
"This is based not only on the strength of Korea's economy, but also its contribution to the peace and stability of the region.","यह न केवल कोरिया की अर्थव्‍यवस्‍था की मजबूती पर आधारित है, बल्कि क्षेत्र की शांति और स्थिरता में भी उसका योगदान है।",यो न खाली कोरिया नी अर्थव्‍यवस्‍था नी मजबुती पर आधारितं से पण एरियां मां शांति अने स्थिरता मां बी तिनो योगदान से।
"Most recently, it was shut down earlier this year.","हाल ही में, इसे इस साल की शुरुआत में बंद कर दिया गया था।","हमणेश, तिनाई इनां वरेह सालूं मां बंद कर दे दो हतों।"
"The MoU was signed today by Shri Utpal Saha, Director General Mines Safety on behalf of the Ministry of Labour & Employment and Shri Gitesh Agarwal, Commissioner of Trade & Investment, Queensland on behalf of the Government of Queensland, Australia in the presence of Shri Hiralal Samria, Secretary, Ministry of Labour & Employment.","श्रम और रोजगार मंत्रालय की ओर से महानिदेशक खान सुरक्षा श्री उत्पल साहा और क्वींसलैंड सरकार, ऑस्ट्रेलिया की ओर से क्वींसलैंड व्यापार और निवेश आयुक्त श्री गीतेश अग्रवाल ने श्री हीरालाल सामरिया, सचिव, श्रम एवं रोजगार मंत्रालय की उपस्थिति में समझौता ज्ञापन पर आज हस्ताक्षर किए गए।","श्रम अने रोजगार मंत्रालय नी तरफ ही महानिदेशक खान सुरक्षा श्री उत्पल साहा अन क्रींंसलैंड सरकार, ऑस्टेलिया नी तरफ हीं क्वींसलैंड वेपार अने रूप्या आलनारा आयुक्त श्री गीतेश अग्रवाल न श्री हीरालाल सामरिया सचिव श्रम अन रोजगार मंत्रालय नी हाजिर मां हमजोतरा ज्ञापन उपर हजे दस्तखत करीयूं ।"
"If sources are to be believed, apart from the laws related to GST, 15 new bills can also be introduced.",सूत्रों की मानें तो जीएसटी से जुड़े कानूनों के अलावा 15 नए बिल भी पेश किए जा सकते हैं।,सुत्रों नी माने ते जीएसटी थी जोडाइला कानून ने अलावा 15 नवा बिज यी हाजीर करया जाई से।
"According to local folklore, the large chamber of the cave is the court room of the Devil King, who dwells deep inside, while the northern large chamber is the royal bedroom.","स्थानीय लोककथाओं के अनुसार, गुफा का बड़ा कमरा शैतान राजा का दरबार कक्ष है, जो अंदर गहराई में रहता है, जबकि उत्तरी बड़ा कमरा शाही शयन कक्ष है।","मेरे-मेरे लोगो कथाओ ऐवो गौल मोटो कमरो शैतान राजा का रेहवा नो कमरो हत जेवु अंदर उण्‍डा मा रहतो हता, जेवु उतरी बडो कमरो शाही शयन कक्ष हे यत मौत घाटनो कमरो हता"
"The MoU was signed by Shri Ajay Maken, Minister of State (Independent Charge) of the Ministry of Youth Affairs and Sports on behalf of the Government of India and Mr. Suat Kilic, Minister of Youth and Sports of the Government of the Republic of Turkey in Ankara, the capital of Turkey today.",भारत सरकार की ओर से युवा मामले और खेल राज्‍यमंत्री (स्‍वतंत्र प्रभार) श्री अजय माकन और तुर्की गणराज्‍य की सरकार के युवा और खेल मंत्री श्री सुआत किलिक ने इस सहमति-पत्र पर आज तुर्की की राजधानी अंकारा में हस्‍ताक्षर किए।,भारत सरकार नी तरफ थी अने जुवान सोरा ना मामला मा अने खेल राज्य मंत्री श्री अजय माकन अने तुर्की गणराज्य नी सरकार ना जुवान सोरा अने खेल मंत्री श्री सुआत किलिक यी इना राजीनामा पत्र पर आज तुर्की नी राजधानी अंकारा मा दसखत करीया।
Shah Jahan insisted that things could be improved if Aurangzeb made efforts to develop agriculture.,शाहजहाँ ने जोर देकर कहा कि अगर औरंगजेब खेती के विकास के लिए प्रयास करे तो चीजों में सुधार किया जा सकता है।,शाहजहाँ ये जोर दि ने केदु के औरगजेब खेतरवाडी ना बढोतरी हारू कोशिशु करे ते सीजु माहदार करियु जाई सके से
"While this process can be difficult, doing so can help you get the cash you need to spend on childcare.","जहां यह प्रक्रिया कठिन हो सकती है, ऐसा करने से आपको बच्चों की देखभाल में पैसा खर्च करने के लिए नकद राशि प्राप्त करने में सहायता मिल सकती है।",ज्यां ये तरीको काठो होई सके से ऐवू करवा थी तमुने सोरा नी देख भाळ मा प्यसा खरस करवा हारू नगद रूपया लेवा मा मदत मळी सके से।
He visited the chocolate plant and was briefed about the various technologies being used and the various products being manufactured there.,उन्होंने चॉकलेट संयंत्र का अवलोकन किया एवं वहां उन्हें उपयोग में लाई जा रही विभिन्न प्रौद्योगिकियों एवं वहां बनाये जा रहे विभिन्न उत्पादों के बारे में जानकरी दी गई।,तिहुई चोकलेट मशीन नी जाचं करी अने त्या तिहुना उपयोग मा ली रिया से। अलग अलग प्रौद्योगिकियों अने त्या बणाये जाई रिया से। अलग अगल उत्पादो नी बारा मा जाणकारी आली से।
Wrestling is one of the most prestigious and oldest events in the Olympic Games.,कुश्ती ओलंपिक खेलों में सबसे प्रतिष्ठित और सबसे पुरानी प्रतियोगिताओं में से एक है।,कुश्ती ओलंपक रमेत यों मा बदाथी प्रतिषिठत अन बदा थी जूनी प्रतियोगिता मा थी एक से।
"On 75 years of independence, I have dreamt of doubling the income of farmers.","आजादी के 75 साल हों, किसानों की आय दोगुनी करने का सपना देखा है।","सुटकारा (आजादी) नां पन्द्रह पसोल (75) वरहो थाहे, कृषाणो नी आय बेगुणी करवा नू हपनूं दख्‍यू से।"
It then flows into Solapur district with the waters of the Bhima.,फिर यह भीमा के पानी के साथ सोलापुर जिले में बहती है।,फेर ये भीमा ना पाणी हाते सोलापुर जला मा वहे से।
He said the protest was completely peaceful.,’ उन्होंने कहा कि प्रदर्शन पूरी तरह से शांतिपूर्वक किया था।,तिहू ये केदू की रेली पूरी तरे सान्ती ही नकालेली हती।
"Its name comes from a Persian / Arabic word meaning ""imagination.""","इसका नाम एक फारसी/अरबी शब्द से आया है जिसका अर्थ है ""कल्पना"" है।",इनु नाम एक फारसी/अरबी शब्द थी आयों सें जिनों मतलब सें तिनु एक सपनु सें ।
Tripura is a state in northeastern India.,त्रिपुरा पूर्वोत्तर भारत का एक राज्य है।,त्रिपुरा उगमणा भारत नु एक राज हैं।
The old man is walking holding the wood.,बुढि़या लकड़ी पकड़कर चल रही है।,डाहली माय लाकरु धरिन चले छे
"The judicial service, subordinate to the judiciary, is controlled by the district judge.",न्यायपालिका के अधीनस्थ न्यायिक सेवा जिला न्यायाधीश द्वारा नियंत्रित की जाती है।,न्यायपालिका नी अधीनस्थ न्यायिक सेवा जिला न्यायाधीश द्वारा कंट्रोल करे से।
"It is known as Assam or Asom since the Ahom people of Thailand occupied and ruled the region, hence the influence of Thai culture.","थाईलैंड की अहोम जाति द्वारा इस क्षेत्र पर कब्जा जमा कर अपना राज कायम करने के बाद से इसे असम या आसाम के नाम से जाना जाता है , इसलिए यहाँ थाई संस्कृति का असर देखने को मिलता है ।","थाईलैंड नी अहोम जाति हारू इनी जगह पर कब्जो जमाणीन तिना राज पर अधिकार करवाने बाद मा इनाना असम या आसान ना नाम थी जाणी जाय से, तिना हारू आहनो थाई रिती-रिवाज नो असर देखवा हारू मलहे ।"
There are certain misconceptions that have crept into our country.,हमारे देश में कुछ ऐसी गलत मान्‍यताओं ने घर कर लिया है। उन मान्‍यताओं से बाहर निकलना पड़ेगा।,हमारा देह मा कई ऐवी गळत खोटी बणा वेला कायदा घेर करी ग्या से। तीना बणावेला कायदाओं ने थी बाहेरू नकळक पड़ है।
"In addition, many small Kazakh communities can be found in various cities and towns spread throughout the country.","इसके अलावा, पूरे देश में फैले विभिन्न शहरों और कस्बों में कई छोटे कज़ाख समुदाय पाए जा सकते हैं।","इने अलावा, पुरा मा वखरेला घणा से।हरो अने फलियां मा नरा कजाख समुदायी देसे।।"
"The Santali community is known for its traditional dance, songs, and cultural ceremonies.","संताली समुदाय अपने पारंपरिक नृत्य, गीत और सांस्कृतिक समारोहों के लिए जाना जाता है।","संताली समुदाय अपणा पारंपरिक नाच ,गीत अन सांस्‍कृतिक समारोहों ना लिधे जानों जाय से ।"
"For example, a car may be a necessity for where you live or your lifestyle.","उदाहरण के लिए, जहाँ आप रहते हैं या आपके जीवन शैली के लिए गाड़ी एक आवश्यकतेर हो सकती है।",उदाहरण हारु जां तमुू रो से। या तमारी जीवन शैली हारु गाड़ी नी जरूरत पड़ी सके से।|
"Through our modern temples of science, India is transforming its present and working to secure its future.",हमारे विज्ञान के आधुनिक मंदिरों के माध्यम से भारत अपने वर्तमान को बदल रहा है और अपने भविष्य को सुरक्षित करने का काम कर रहा है।”,हमारों विज्ञान नू पूराणा मंदिरों हतो भारत हमणो बदली रो से अने भविष्य के सुरक्षित करवा हारू काम करीये से।
"With wrestling becoming especially popular among both men and women, much attention was paid to physical culture by both royalty and commoners in the empire.","कुश्ती विशेष रूप से पुरुषों और महिलाओं दोनों के बीच लोकप्रिय होने के साथ, साम्राज्य में शाही और आम लोगों दोनों द्वारा शारीरिक संस्कृति पर बहुत ध्यान दिया गया था।","कुश्ती विशेष रुप थी आदमी अने बयराओं बेहे नी वसे लोकप्रिय होवा नी हाते, साम्राज्य मां शाही अने आम लोगों बेहे एवड़े शारीरिक संस्कृति पर घणों ध्यान आल्यो ग्यो ।"
"When analyzing earnings, you can check to see if operating income has increased, as this is an indicator of the company's business growth.","आय का विश्लेषण करते हुए आप इस बात की जांच कर सकते हैं कि क्या परिचालन आय बढ़ी है या नहीं, क्योंकि यह कंपनी के कारोबार के विकास का सूचक होता है।",आय जॉंच करतो होया तमु इनी वात की जॉच सकतो हता ऐवो चलवा आवक बढ़ी हता या न ऐवो वो कंपनी के धंधो पाणी का संकेत हता।
"Captain Washington, having received information from the spies, invaded the hill of Deohargarh.",गुप्‍तचरों से सुचना पाकर कैप्‍टन वाशिंगटन ने देवहारगढ़ की पहाड़ी पर आक्रमण किया।,बीजा नी वातनी वात सामलीने वाशिंगटन डुंगरी पर लडाई करी
Gujarat is one of those states.,गुजरात उसमें से एक राज्‍य है।,गुजरात तिहु मा थी एक राज्य से।
"In his congratulatory message, he said that we must remain steadfast to the fundamental principles of our Republic, social justice, liberty, equality and fraternity, and unitedly face the challenges ahead.","अपने बधाई संदेश में उन्होंने कहा कि हमें अपने गणतंत्र के मूलभूत सिध्दान्तों, सामाजिक न्याय, स्वतंत्रता, समानता तथा भाईचारे के प्रति अडिग रहना चाहिए तथा आने वाली चुनौतियों का एकजुट होकर मुकाबला करना चाहिए।",आपडा हंदेहा मा तिनुये केदुं कि आपुन आपडा गणतंत्र ना खासकरीनले सिध्दान्तों सामाजिक न्याव स्वतंत्रता समानता अने भायसारा ने प्रति अडिंग रेवा वाळी हुणौतियों ने एक जोक रीने मुकाबलो करयो जोवे।
The independent Tripuri Kingdom (also known as Hill Tippera) acceded to the newly independent India in 1949.,स्वतंत्र त्रिपुरी राज्य (जिसे हिल तिप्पेरा के नाम से भी जाना जाता है) 1949 में नए स्वतंत्र भारत में सम्मलित हो गया।,त्रिपुरी राज 1949 मां नवा सुटकारा भारत मां भेळां थायों।
The President of Maldives reiterated his country's support for India's candidature for permanent membership in an expanded and reformed UN Security Council.,मालदीव के राष्‍ट्रपति ने विस्‍तारित और सुधार की गई संयुक्‍त राष्‍ट्र सुरक्षा परिषद में स्‍थायी सदस्‍यता के लिए भारत की उम्‍मीदवारी के लिए अपने देश के समर्थन को दोहराया।,मालदीव न राष्ट्रपतियी विस्तारित अने हदारवेनु हारू करी सयुक्त राष्ट्र सुरक्षा परिषद मा स्थायी सदस्यता हारू भारत नी उम्मीदवारी हारू आपडा देह ने हात दे दो।
Union Minister of State for Shipping (I / C) Shri Mansukh Mandaviya said that the Government is trying its best to revive old shipyards and promote shipbuilding in India,केंद्रीय जहाजरानी राज्य मंत्री (स्वतंत्र प्रभार) श्री मनसुख मांडविया ने कहा कि सरकार पुराने शिपयार्ड को पुनर्जीवित करने और भारत में जहाज निर्माण को बढ़ावा देने के लिए पूरी कोशिश कर रही है,केन्द्रिय जहाजरानी  राज्य मंतरी स्वतंत्र प्रभार श्री मनसुख मांडविया यें वचुअल समारोह मा केदुं कि सरकार पुराणा शिपयार्ड ने फेरथी जीवता करवा अने भारत मा जहाज बणावा ने बढावा हारू पूरी कोशिश करी री से।
Union Minister and Bharatiya Janata Party candidate General VK Singh is leading in Ghaziabad Lok Sabha seat.,गाजियाबाद लोकसभा सीट पर केंद्रीय मंत्री एवं भारतीय जनता पार्टी के प्रत्याशी जनरल वीके सिंह आगे चल रहे हैं।,गाजियाबाद लोकसभा सीट उपर केन्द्रीय मंत्री अने भाजपा ना प्रत्यासी जनरल वी.के.सिंह अगाडी साली रा से।
"He also collaborated with music directors Basu and Manohari Singh for duets such as ""Wada Karo Jaanam"" and ""Dariya Kinare"" for the film Sabse Bada Rupaiya and ""Aa Humsafar"" for the film Chatpatee.","उन्होंने संगीत निर्देशक बासु और मनोहरी सिंह के साथ फिल्म सबसे बड़ा रुपैया के लिए ""वादा करो जानम"" और ""दरिया किनारे"" और फिल्म चटपटी के लिए ""आ हमसफर"" जैसे युगल गीतों के लिए भी काम किया।",तीने संगीत निर्देशक वासु अने मनोहरी सिह नी हाते पिचर सबथी मोटो रुपयों हारू वादा  करो जानम (वादों क्र मारी जान ) अन दरिया किनारे ( नदी नी धेडे ) अन पीचर सटपट हारू आ  हमसफर आव मारी हात वाली हरका युगल गीतू हारू भी काम करयु |
"The Ministry of Tribal Affairs has decided to set up Bhagwan Birsa Munda Chair at AIIMS Delhi, India's premier institute in healthcare and research, to improve the health of the tribal population.",जनजातीय कार्य मंत्रालय ने जनजातीय आबादी के स्वास्थ्य में सुधार के लिए स्वास्थ्य सेवा और अनुसंधान में भारत के प्रमुख संस्थान एम्स दिल्ली में भगवान बिरसा मुंडा चेयर स्थापित करने का निर्णय लिया है।,आदिवासी (जन जाँतिया) कार्यलय मा आदिवासी फलिया मा शरीर नी बीमारी हदारवा हारु अस्पताल मा भारत नी खास कार्यलय एम्स दिल्ली मा भगवान् बिरसा मुंडा नी स्थापित करवा नू काम ले दू।
"The public used to come to AIIMS, spend a day or two, then it was decided to get tested.","AIIMS में जनता आती थी, एक-एक, दो-दो दिन गुजारती थी, फिर जाँच करने का फैसला किया जाता था।","AIIMS  मां मनखुं आवतेळां, ऐक-ऐक, बे-बे दन गुजारती हती, फेर जांस करवा नो फैसलो करियो  हतो।"
"Based on experience, I'd say it starts at the top.",अनुभव के आधार पर कह रहा हूं शुरू करना ऊपर से होता है।,अनुभव ना आधार उपर कि  रयो से सरु करवु उपर थी रे से।
I lost.,मैं हार गया।,हूँ हारी गयो ।
I have a new ball.,मेरे पास एक नई गेंद है।,मारी कने एक नवो गोटो से।
"If it's really important, think about that expense, but cut back on spending in other areas.","यदि यह वास्तव में महत्वपूर्ण है तो उस खर्च के लिए सोचें, लेकिन अन्य क्षेत्रों में खर्च कम कर दें।",यदि ये वास्तव मा महत्वपुर्ण हे ता इना खरसा हारू होवे पणे अन्य जगा मा खरसो कम करी दो।
Its dried flowers are spread in the room to make the room fragrant.,इसके सूखे फूलों को कमरे में बिछाकर कमरे को सुगंधित किया जाता है।,इनथी हुकेला फुलो ने कमरा मा वाथरीन कमरा ने सुगधित करे से ।
"However, there is a huge demand-supply gap in this sector.",जबकि इस क्षेत्र में मांग व आपूर्ति में भारी अंतर है ।,केमकी की इना एरिया मा मांगवा वाला। एव।भेला। करीन आलवा वाला। मा घणा जबर अन्तर से।
"ABP is a developmental initiative that was announced in the Union Budget 2022-23. It aims to provide direction, guidance and support for social and economic progress in the most underdeveloped regions of India and to take the benefits of development to the marginalized and vulnerable sections.","ABP एक विकासात्मक पहल है जिसकी घोषणा केंद्रीय बजट 2022-23 में की गई थी। इसका उद्देश्य भारत के सबसे अविकसित क्षेत्रों में सामाजिक और आर्थिक प्रगति के लिए दिशा, मार्गदर्शन और समर्थन प्रदान करना और विकास के लाभों को हाशिए और कमजोर वर्गों तक पहुंचाना है।","ABP एक विकासात्मक पहल छे जिसनी घोषणा केंद्रीय बजट 2022-23 मा कोरे ली इनु उद्देश्य भारत के सबसे अविकसित क्षेत्रों में सामाजिक और आर्थिक प्रगति के लिए दिशा, मार्गदर्शन और समर्थन प्रदान करना और विकास के लाभों को हाशिए और कमजोर वर्गों तक पहुंचाडनु छे"
"In order to bring transparency in sea freight by various service providers, Container Shipping Lines Association (India), an association of foreign container shipping lines operating in India, has informed that all 31 members of the line have introduced e-payment facility for collection of all types of sea freight through RTGS / NEFT.",विभिन्‍न सेवा प्रदाताओं द्वारा समुद्री मालभाड़े में पारदर्शिता लाने के लिए भारत में संचालित विदेशी कंटेनर शिपिंग लाइनों की एक संस्‍था कंटेनर शिपिंग लाइंस एसोसिएशन (भारत) ने सूचित किया है कि लाइन के सभी 31 सदस्‍यों ने हर तरह के समु्द्री मालभाड़े के आरटीजीएस/एनईएफटी के जरिए कलेक्‍शन के लिए ई-पेमेंट की सुविधा की शुरूआत कर दी है।,घणी सेवा आलनारा यी दरियाव मा मालभाडु मा कांसजोक लावा हारू भारत ना सालेली बीजा देहु ना मोटा टरक जा पाणी माह तो समान आवे तो ओलेन ओले एक आपिस टरक नी ओल लाइंस एसोसिएशन (भारत) ने खबर करी से इन ओल मा बदा 31 मनख यी बदा तरीका थ्‍ज्ञी दरियाव मा मालभाडा आरजीजीएस एनईएफटी ने जरिये भेला करवा ई पेमेंट नी सुविधा सरू कर देदी से।
"With astute political faces from Delhi regularly visiting Karnataka, the silence of Krishna, who was also India's former external affairs minister, has shocked political observers in the state.","दिल्ली के चतुर राजनैतिक चेहरों की नियमित रूप से कर्नाटक यात्रा हो रही है, कृष्णा, जो भारत के पूर्व विदेश मंत्री भी थे, की चुप्पी ने राज्य में राजनीतिक पर्यवेक्षकों को चौंका दिया है।",दल्‍ली ना सतूर राजनेतिक संहरो नी लगडूर रूप थी करनाटक यात्रा थायी री से कृष्‍ण ज्‍यो भारत ना पेहला बिजा देह ना मंत्री पण हता नी सानू थी राज्‍य मा राजनेतिक परिवेक्षको ने घूमाडी देदो से।
"Now leave that sinful path, take the path of restraint, love and unity and urge for the development of the country. We will succeed.","अब उस पापी रास्ते को छोड़कर, संयम, प्रेम और एकता का मार्ग अपनाएं और देश के विकास का आग्रह करें। हम सफल होंगे।","हाव तीना पापी रोहा ने सोड़ी न, संयम, लाड अन ऐकता नो रासतो अपनावो अन देह ना विकास नो आग्रह करो। हमु सफळ थाहु ।"
"On the lines of NELP, the new policy will also not levy cess and import duties on blocks awarded on contract.",एनईएलपी की तर्ज पर ही नई नीति के तहत भी अनुबंध पर दिए जाने वाले ब्लॉकों पर उपकर और आयात शुल्‍क नहीं लगाए जाएंगे।,एनईएलपी नी तर्ज पर ही नवी रिते नी तहत ही अनुबंध पर आलवा वारा ब्लाको पर उपकर अने आयात शुल्क नथी लगाड़हे ।श्
"Braithwaite's army consisted of 100 Europeans, 300 horsemen, 1400 sepoys and 10 musketeers, which is the standard size of colonial armies.","100 यूरोपीयन, 300 घुड़सवार, 1400 सिपाही और 10 बंदूकधारी ब्रेथवेट की सेना में शामिल थे, जो औपनिवेशिक सेनाओं के मानक आकार के होते हैं।",100 यूरोपीन 300 घोड़ासवार 1400 सिपाही अने 10 बंदूकधारी ब्रेथवेट नी सेना मां भेळा हता ज्या औपनिवेसिक सेनाओं ना मांनक आकार ना होय से।
"Additionally, the procurement of 14 Vertical Launched Short Range Missile Systems was also approved by the DAC.","इसके अतिरिक्त, डीएसी द्वारा 14 वर्टिकलर लॉंच्ड शॉर्ट रेंज मिसाइल सिस्टम की खरीद को भी मंजूरी दी गई.",इनी बादमा डीएससी द्वारा 14 वर्तिकलर लॉच्ड शॉर्ट रेंज मिसाइल सिस्टम नी खरीदवानी पण मंजूरी आली गी से l
"How does self-confidence come about? If you have mastered your subject and worked hard, revising often will build confidence.","खुद पर विश्वास कैसे आता है? अगर आपने अपने विषय में महारत हासिल कर ली है और खूब मेहनत की है, तो बार-बार रिवीजन करने से आत्मविश्वास बढ़ेगा।",खुद नो भरोहो किकम आवे से। कदी तमु आ आपड़ा विषय मा खास निभव राखो से? अन मेहनत करी होई तो अक्सर विश्वास बढावहो।
"Bhave felt that the source of these talks was something from above and believed that its influence would endure, even if his other works were forgotten.","भावे ने महसूस किया कि इन वार्ताओं का स्रोत ऊपर से कुछ था और उनका मानना ​​​​था कि इसका प्रभाव कायम रहेगा, भले ही उनके अन्य कार्यों को भुला दिया जाए।","भावे ना  महसूस करियु के  इन वार्ताओं ना स्रोत ऊपर ही  कुस  हता अन विना मानवा हता  ​​​के  इना  प्रभाव कायम रेहे , भले ही उनके दूसरा  कारयो  भुलाई दीदा गया ।"
"The Ministry has supported traditional sorghum millet, growing and consumption of green leafy and traditional vegetables in kitchen gardens, domestic poultry and fisheries through regional consultations and its meetings.","मंत्रालय ने क्षेत्रीय परामर्शों तथा अपनी बैठकों के माध्यम से परंपरागत ज्वार बाजरे, किचन गार्डन में हरी पत्तेदार तथा परंपरागत सब्जियों को उगाने तथा उनके उपभोग, घरेलू मुर्गी पालन तथा मछली पालन का समर्थन किया है।",मंत्रालय ना ताहना हलाह आने आपड़ी बेठकों नी वचमा रोजना ज्वार वाजरे किचन गार्डन मा लीला पाईड वाला आने रोजना सब्जियों उगाड़ आने तीन खर्चों घेरनी कुकड़ा पालवा अन मचल पालवा ना मंजूर करू से
Doing so can be harmful to your health.,ऐसा करना आपके स्वास्थ्य के लिए हानिकारक हो सकता है।,ऐवो करवा नो तमारा स्वास्थ्य नी हारू नुकसान दायक थाई सके सके से।
I live in my village.,मैं अपने गांव में रहता हूँ।,हु हमारा गाम मा रेहतेलो
Irrigation canals continued to be used during the 19th century.,सिंचाई नहरों का उपयोग 19वीं शताब्दी के दौरान जारी रहा।,पानी फेरवा नाळयो मे उपयोग 19 वी सदी नी समय चालु करू हतु।
"Further, more than 3695 Gram Sabha meetings have been held in 21 border districts of 5 states (Uttarakhand, Bihar, Uttar Pradesh, West Bengal and Sikkim).","इसके अलावा 5 राज्यों (उत्तराखंड, बिहार, उत्तर प्रदेश, पश्चिम बंगाल और सिक्किम) के 21 सीमावर्ती जिलों में 3695 से अधिक ग्राम सभा की बैठकें आयोजित की गई हैं।","इन बादमा 5 राज्यों ( उत्तराखंड, बिहार, उत्तर प्रदेश, पश्चिम बंगाल अने सिक्किम ) ना 21 सीमा ही अड़ेला जिलों मा 3695 ही वदु ग्रामसभा नी बैठक आयोजित कर देदी से l"
Srishti ji thank you for your phone call.,सृष्टि जी आपके फ़ोन कॉल के लिए धन्यवाद्।,सृष्टि जी आपडा फोन काल हरु धन्यवाद |
I came back to the Indian Defence Research and Development Organisation as a director and focused all my attention on the development of the guided missile.,मैंने भारतीय रक्षा अनुसंधान एवं विकास संस्थान में निदेशक के रूप में वापस आया और मैंने अपना पूरा ध्यान गाइडेड मिसाइल के विकास पर केंद्रित किया।,मैं भारत नी रक्षा अनुसंधान अने विकास संस्थान मां वाटवताडवा ना रूप मां पासो आयो अने मैं आपडो पूरो ध्यान गाइडेड मिसाइल ने वदारवा पर ध्यान लगाडियो ।
"In mixed doubles, defending champion Paes and Martina Hingis of Switzerland defeated the American pair of Sachia Vickery and Frances Tiafoe 6-3, 6-2 in the first round.","मिश्रित युगल में गत चैम्पियन पेस और स्विटजरलैंड की मार्तिना हिंगिस ने पहले दौर में अमेरिका की साचिया विकेरी और फ्रांसिस टियाफो की जोड़ी को 6-3, 6-2 से मात दी।","मिश्रित युगल मां पासला चैम्पियन पेस अने स्विटजरलैंड नी मार्तिना हिंगिस हीं पेहला दौरा मां अमेरिका नी साचिया विकेरी अने फ्रांसिस टियाफो नी जोड़ी ने 6 - 3,6 - 2 थी मात दीदी ।"
He blamed the previous UPA government for the slow pace of railway development in the state.,उन्होंने राज्य में रेलवे के विकास की धीमी रफ्तार के लिए पिछली यूपीए सरकार को जिम्मेदार ठहराया।,तिहुयी राजिया मां रेल ना काम नीं ओसी गति हारूं पेलखा नी सरकार नें जपावदार मान्‍या।
"Post COVID-19, tele-consultation has gained importance. Nowadays, I counsel 150-200 patients every day through tele-consultation. Now we are seeing a steady increase in patients.","कोविड-19 के बाद, टेली-कंसल्टेशन की अहमियत बढ़ गई है। आजकल, मैं हर दिन 150-200 मरीजों को टेली-कंसल्टेशन के माध्यम से सलाह देता हूँ। अब हम लगातार मरीजों की वृद्धि देख रहे हैं।","कोविड-19 नें बाद मां टेली कंसल्‍टेशन नी खास बढी री री से आजकाल हुं हर दन 150-200 मरीजों नी टोळी कंसल्‍टेशन नी माध्‍यम थी सलाह आलुं से, हाव हमुं लगातार मरीजों नी बढोतरी देखी रीयां से।"
He spends the first part of his earnings on his family.,अपनी कमाई से पहला भाग अपने परिवार के लिए खर्च करता है।,आपणी कमाई नू पेहलु हिस्‍सो मा आपणु घेर नु खर्च करें
"Describing Pune as ""India's Detroit"" (a city in the US), the Prime Minister said it has a huge potential to emerge as a hub of defence production.",प्रधानमंत्री ने पुणे को ‘भारत का डेट्रॉयट’ (अमरीका का एक शहर) बताते हुए कहा कि इसके रक्षा उत्पादन के एक केंद्र के रूप में उभरने की व्यापक संभावनाएं हैं।,प्रंधानमंत्रीये पुणे को भारत ने डेट्रॉयट बतायो और किदो की इना रक्षा उत्पादन ना एक केन्द्र के रूप मा उभरवाना व्यापक संभावना से।
Have you eaten?,आपने खाया है?,तमुयी खादु से ।
He is unconscious.,वह बेहोश है।,त्यों बेहूस से।
His vision was blurred.,उसका दृश्य अंधा हो गया।,तिनानु देखवानुं आंधळु थाई ग्युं।
"Three of Punjab's five rivers - the Sutlej, the Beas, and the Ravi - flow through the Indian state.","पंजाब की पाँच नदियों में से तीन, सतलुज, ब्यास और रावी—भारतीय राज्य से होकर बहती हैं।","पंजाब नी पांच कोतेड़ी म स तण सतलुज, व्यास अब रावी भारत राज्य म होई नकले से।"
The Central Bureau of Investigation is conducting a preliminary inquiry into the alleged violations of the master plan by hotel owners in Jammu and Kashmir's Patnitop area.,जम्मू कश्मीर के पटनीटॉप क्षेत्र में होटल मालिकों द्वारा मास्टर प्लॉन के कथित उल्लंघनों के सिलसिले में केन्द्रीय अन्वेषण ब्यूरो प्रारंभिक जांच कर रहा है।,जम्मू कश्मीर ना पटनीटॉप क्षेत्र मा होटल मालिनां द्वारा मास्टर प्लॉन ना कथित उल्लंघनों ना सिलसिले मा नान्द्रीय अन्वेषण कमेटी प्रारंभिक जांच कर रहा थी ।
About six lakh engineer migrants have been given online immigration clearance for overseas employment through registered recruitment agents.,करीब छह लाख इंजीनियर प्रवासियों को पंजीकृत भर्ती एजेंटों के माध्यम से विदेशों में रोजगार के लिए ऑनलाइन इमिग्रेशन क्लीयरेंस दी गई है।,करीब लाख इंजिनियरों ने जायला ने लखी ने भर्ती एजेन्सी नी मदत ती विदेहो मा काम हारू आनलाईन आल्यु से।
"The Kushans were also great supporters of Buddhism in general, and starting with Emperor Kanishka, they also adopted elements of Zoroastrianism into their traditions.","कुषाण सामान्य रूप से बौद्ध धर्म के महान समर्थक भी थे, और सम्राट कनिष्क से शुरू करते हुए, उन्होंने अपनी परम्पराओं में पारसी धर्म के तत्व भी अपनाए।",कुषाण  सामान्य रूपो से बोद्ध धर्म के महाजन हात देनारो से अने सम्राट पहली नू शुरू करीयु से तमुने आपडी पुराना जमाना नी रिती रिवाज जाति ना इस्तेमाल लाब दायक काम कराया से ।
Try to make a list of items that you really need before you go shopping.,खरीदारी पर जाने से पहले उन वस्तुओं की सूची बनाने का प्रयास करें जिनकी आपको वास्तव में आवश्यकता है।,"मुलववा जावा थी, पेहलो तिनीं वस्‍तुओं नी सूसी बणांवा नों प्रयास करों, तीनी तमुं खरेखर जरूरी से।"
"If it's in the public domain, you should be able to tell a real law that makes it public.","अगर यह सार्वजनिक क्षेत्र में है, तो आपको एक वास्तविक कानून बताने में सक्षम होना चाहिए जो इसे सार्वजनिक बनाता है।",अगर यु सब तरह ना एरिया मां से तो तमु ने एक सही कानूण वताडवा मां सक्षम होवो जोवे ज्या इने सब तरह बणावे से।
Special focus is being given to research and development to encourage indigenous technology and innovation.,स्वदेशी तकनीक और नवाचार को प्रोत्साहित करने के लिए अनुसंधान और विकास पर विशेष ध्यान दिया जा रहा है।,देश नी टेक अन नवी - नवीं हुनरों खोजबीणं अन वस्‍तार हारूं खास हरत करीरां से।
"Part V does not apply to any intestacy or property of a Hindu, Muslim, Buddhist, Sikh or Jain that occurred before 1 January 1866.","भाग, 5, 1 जनवरी, 1866 के पूर्व हुए किसी इच्छापत्रहीनत्व या किसी हिंदू, मुस्लिम, बौद्ध, सिख या जैन की संपत्ति को लागू नहीं होता|",भागए5ए1 जनवरी 1866 ना पेलखा थईला कईना मरजी ना पत्रहीनत्व नी ते कईना हिन्दूएमुस्लिमएबोद्धएसिख निते जैन नी धनदौलत ने लागू नी थाहे ।
The Ken River passes through Panna National Park.,केन नदी पन्ना राष्ट्रीय उद्यान से होकर गुजरती है।,"केन नंदी पन्ना राष्ट्रीय उद्यान थी, थाइन जायसे।"
"Union Urban Development Minister M. Venkaiah Naidu, Minister of State for Tourism Surendra Patwa, MP and State BJP President Nandkumar Singh Chauhan and Chairman of Madhya Pradesh Tourism Development Corporation Tapan Bhowmik were present on the occasion.","इस मौके पर केन्द्रीय शहरी विकास मंत्री एम. वेंकैया नायडू, पर्यटन राज्य मंत्री सुरेन्द्र पटवा, सांसद और प्रदेश भाजपा अध्यक्ष श्री नंदकुमार सिंह चौहान और मध्यप्रदेश पर्यटन विकास निगम के अध्यक्ष तपन भौमिक उपस्थित थे।",इना मोका पर केन्द्रीय शहरी विकास मंत्री श्री  एम. वैकया नायडु पर्यटन राज्य मंत्री सुरेन्द्र पटवा सांसद अन प्रदेश भाजपा अध्यक्ष श्री नंदकुमार सिह चोहान अन म.प्र.  पर्यटन  विकास निगम नों अध्यक्ष तपन भोमिक हाजिर हतों ।
"""The Modi government's threat to file cases under the Official Secrets Act against The Hindu and Mr. N. Ram after misusing the Supreme Court, misleading the nation, destroying all important institutions of the country is a serious threat to the freedom of expression guaranteed by the Constitution of India,"" he claimed.","उन्होंने दावा किया, ''उच्चतम न्यायालय का दुरुपयोग करने, राष्ट्र को दिग्भ्रमित करने, देश के सभी महत्वपूर्ण संस्थानों को नष्ट करने के बाद 'द हिंदू' और श्री एन. राम के खिलाफ सरकारी गोपनीयता कानून के तहत मामले दर्ज करने की मोदी सरकार की धमकी भारत के संविधान द्वारा दी गयी अभिव्यक्ति की आजादी के लिये एक गंभीर खतरा है।",तिनाए दावो करो उच्चतम न्यायालय का दुरुपयोग करवा हरू राष्ट्र को दिग्भ्रमित करने से देश बडो महत्वपूर्ण संस्थानों ने नष्ट करवा नी बाद  द हिन्दु और श्री एन राम के विरुध्द सरकारी गोपनीय कानुन के तहत मामला दर्ज है।
Dickinson also claims that she was the first supermodel.,डिकिंसन का यह भी दावा है कि वह पहली सुपरमॉडल थी।,डिकिसन ना या थी केवा आवे से कि वा पेलखी खास लाईन हती ।
The old man fed paan to the bulls.,बूढ़े ने बैलों को पान खिला दिया।,डोकराई डगरां ने पान खवाड दि दु
"In 1773, due to corruption in the company, the British government gained partial control over the governance of India with the passage of the Regulating Act of 1773.",1773 में कंपनी में भ्रष्टाचार की वजह से ब्रिटिश सरकार ने 1773 के विनियमन अधिनियम के पारित होने के साथ भारत के शासन पर आंशिक नियंत्रण हासिल कर लिया।,1773 मा कपनी मा  भ्रष्टाचार नी वजे ही  ब्रिटिश सरकार ना  1773 ना  विनियमन अधिनियम ना  पारित होवा हाते  भारत ना  शासन पर आंशिक नियंत्रण हासिल करी लिदु |
The dog is friendly.,कुत्ता दोस्ताना है।,कुतरों दोस जेवो से।
God is one. He protects all.,ईश्वर एक है। वह सभी की रक्षा करता है।,भगवान एक से त्‍यों बदा ने संभो से
He claimed that an online attempt to register the name in the voter list was unsuccessful.,उन्होंने दावा किया कि मतदाता सूची में नाम दर्ज कराने का ऑनलाइन प्रयास असफल रहा।,तिहूयें दावो करयो कि बोट नाखवा वाळी सूसी मां नाम दरा नाम लखाड़वा नू ऑनलाइन कोसिस सफल नीं थाई।
You took off your pencil.,आपने अपनी पेंसिल उतार दी।,तमे तमारी पेंसिल उतारी देदी ।
I am happy to lay the foundation stone of the second campus of the Institute at Ettumanoor near the holy Mahadeva Temple.,मुझे पवित्र महादेव मंदिर के निकट एट्टूमानूर में संस्थान के दूसरे परिसर का शिलान्यास करते हुए प्रसन्नता हो रही है।,मन पवितर महादेव मंदिर ने मेरे एटटमानुर ने बीजे परिसरना शिलान्यास करतु जाइन तीनी बाह वाही करी रीया है।
Jaisalmer itself is the rail head for Desert National Park.,जैसलमेर ही मरुस्थल राष्‍ट्रीय उद्यान के लिए रेल शीर्ष है ।,जैसलमेरे ही मरुस्थल राष्ट्रीय वगीचा हाक रेलवे  टेसन  से।
What do u say?,आप क्या कहते हैं?,केम तमु को से।
The Ministry of Youth Affairs and Sports has granted an amount of ₹3.86 crore to the Government of Odisha for organizing grassroots level rural sports events in 2012-13 under Panchayat Yuva Krida Aur Khel Abhiyan.,युवा कार्य और खेल मंत्रालय ने पंचायत युवा क्रीडा और खेल अभियान के अंतर्गत 2012-13 में निचले स्‍तर की ग्रामीण खेल स्‍पर्धाओं का आयोजन करने के लिए ओडिशा सरकार को तीन करोड़ 86 लाख 30 हजार रुपये की राशि दी है।,युवा कार्य आने खेल मंत्रालय युवा क्रीडा आने खेल अभियान के अंतर्गत 2012.13 मा निचले स्तर नी गाव नी खेल रंवाना वाला ना आयोजन करवा हरु ऑडिसा सरकार ने तान तीन करोड़ 86 लाख 30 हजार रुपया नी रकम आली से
"""Dear Mr Jaitley, thank you for reminding India that our PM never means what he says or says what he means,"" Rahul Gandhi tweeted.","राहुल ने ट्वीट किया, प्रिय जेटली जी, भारत को यह याद दिलाने के लिए आपका शुक्रिया कि हमारे प्रधानमंत्री जो कुछ कहते हैं उसका कभी कोई मतलब नहीं होता या जो उनका मतलब होता है वह कहते नहीं हैं।",राहुल यी ट्वीट करियू लाडला जेटली जी भारत न यु याद अलाडवा नी हारू तमारो शुक्रिया के आपडो प्रधानमंती ज्यो कइ किदे से तिनी कदी कोई मतलब नी थाए ज्यो इनो मतलब थाए है या केता नी है।
"Anita now knows that she has fallen in love with Saahil, who is literally heartbroken at being thrown out of the house.","अनीता अब जानती है कि वह साहिल से प्यार करने लगी है, जिसका सचमुच घर से बाहर निकाले जाने पर दिल टूट गया है।",अनीता हाव ओलखे से कि त्ये साहिल थी प्यार करवा लागी से तिनो खास मा घेर थी बहार निकाल जावा थी दिल टूटी ग्यु से !
"The change is just a matter of three years and of course, the Ministry of AYUSH has a huge role to play in this.",ये बदलाव सिर्फ तीन वर्षों की देन है और निश्चित तौर पर इसमें आयुष मंत्रालय की भी बहुत बड़ी भूमिका है।,यो बदलाव खाली तीन वरहां नी देन से अने खासतौर पर इतमां आयुष मंत्रालय नी पण घणी मोटी भूमिका से ।
"Brothers and sisters, Systems like GST do not stand overnight.","भाइयों और बहनों, GST जैसी व्यवस्थाएं रातों-रात नहीं खड़ी होती।",भाइयू अन बुहनयों GST जेवी अवस्थाएं राते - राता उबी नथ थाई हती।
This will be IRRI's first research centre outside its headquarters in the Philippines.,यह फिलीपींस में अपने मुख्‍यालय के बाहर आईआरआरआई का पहला अनुसंधान केंद्र होगा।,यो फिलीपींस मा आपडा मुख्‍यालय नी बाहर आईआरआरआई नो पेलखो अनुसंधान केंद्र ओहे।
The Delhi High Court is the highest court in Delhi after the Supreme Court.,सर्वोच्च न्यायालय के बाद दिल्ली उच्च न्यायालय दिल्ली का सबसे उच्चतम न्यायालय है।,सर्वोंच्‍च न्‍यालय नी पसी दिल्‍ली उच्‍च न्‍यायालय दिल्‍ली नों सबथी मोटी कोरट से।
"The state faces many natural hazards such as landslides, floods, and droughts.","राज्य भूस्खलन, बाढ़ और सूखे जैसे कई प्राकृतिक खतरों का सामना करता है।",रात्य भूस्खलन जगह कटी जाय बाढ अन अकाल हरकी घणी प्रकृति ना खतरा नो सामनो करवो पडे से।
"Today, along with physical health, the discussion of mental health has also increased. Startups like Infi-Heel and YourDost from Mumbai are making efforts to improve mental health.","आज Physical Health के साथ ही Mental Health की चर्चा भी बढ़ी है। मुंबई के ""इंफी-हील"" और ""YourDost"" जैसे Startups मानसिक स्वास्थ्य को सुधारने के प्रयास कर रहे हैं।",आज फिजिकल हेल्थ नी हातें मेन्टल हेल्थ नी वात्यों भी बडीयों सें मुम्बई ना इंफीहील अन युवरडस्ट हरका स्टार्टअप मन थी असल रेवा मां सुधारवा नी कोशिश करी रया सें ।
"A contentious debate on the number of additional organised sector employees registered under EPFO / NPS / ESIC schemes in ID1, and an oblique reference to a recent data, the survey (which also uses GST data) merely argues that formal sector employment is probably not being fully accounted for.",2017-18 में ईपीएफओ/एनपीएस/ईएसआईसी योजनाओं के तहत रजिस्टर्ड अतिरिक्त संगठित क्षेत्रों के कर्मचारियों की संख्या को लेकर शुरू हुई एक विवादित बहस और एक हालिया आंकड़े के अप्रत्यक्ष हवाले से यह सर्वे (जो जीएसटी के आंकड़े का भी इस्तेमाल करता है) सिर्फ यह तर्क देकर रह गया कि औपचारिक क्षेत्र के रोजगार की संभवतः पूरी तरह से गिनती नहीं हो पा रही है,2017ण्18 मा ईषी एपओ । इमस आईसी ओजण नी घणी गणती मा लखेला विजा जोड्याला ऐरिया ना करम सारियों नो आकड़ो ने लीन सालू थाई एक झगड़ा सवाल जबाब अने एक हालिया आकडा मा हतायलो ने सोडी ने या सखे फक्त आ हदी आलीन री गया कि फ़क्त भालवा हारु मेरिया मा रोजगार नी पूरी तरे थी गणती नी थाई री से
We are relaxed.,हम शिथिल हैं।,हमु धीरा  से।
Bahadur Shah signed peace treaties with Ajit Singh of Jodhpur and Man Singh of Amer before preparing for war.,बहादुर शाह ने युद्ध की तैयारियों से पहले जोधपुर के अजीत सिंह और आमेर के मान सिंह के साथ शांति संधियों पर हस्ताक्षर किए।,बहादुर साह ने युद्ध की तैयारीयो ही पेला जोधपुरा अजीत सिंह ने आमेर ने मांनसिंह के हाते सांतिराखवा हारू एक हमजोतरो करे साईन करा ।
They believe that the production limit will be determined in proportion to the market price.,उनका मानना है कि बाजार मूल्य के अनुपात में उत्पादन सीमा का निर्धारण होगा ।,तीनु मानवु सें कि बजार नी कीमत ना हिसाब थी पैदावार नी सीमा नु पक्कु थाहें।
We remember Lal Bahadur Shastri Ji time and again.,"हम बार-बार लाल बहादुर शास्‍त्री जी को याद करतें हैा,",हमुं घड़ी-घड़ी लाल बहादुर शास्त्री नुं नाम लिए
"The initiative has helped identify fake accounts, multiple accounts, and inactive accounts.","पहल ने फर्जी खातों, एक से अधिक खातों और निष्क्रिय खातों की पहचान करने में मदद की है।",पहल मा फर्जी खातो एक ही वदु खातो अने बंद थाईला खाता ने ओलखांण करवा मा मदद करी हे ।
The territory of Borpatrogohain lay between the territories of the other two Gohains.,बोरपेट्रोगोहैन का क्षेत्र अन्य दो गोहेनों के प्रदेशों के बीच स्थित था।,बोरपेट्रोगोहैन ना सेत्र बिजा बे गोहेनो ना प्रदेशो ना वसमा लागेला हता।
We are sitting on the roof of the house.,हम घर की छत पर बैठे हैं।,हमु घेर ना धाबा पोर बोठो छे
"Through'Digital India ', the process of government services has been made online, speeding up the clearance of documents and receipt of services.","“‘डिजिटल इंडिया’ के माध्यम से, सरकारी सेवाओं की प्रक्रिया को ऑनलाइन बनाकर, दस्तावेजों की मंजूरी और सेवाओं की प्राप्ति को त्वरित किया गया है।”।",डिजिटल इंडिया थी प्रधानमंत्री उज्‍जवलां योजनां थी डिजिटल योजनां पर जाईंन स्‍वच्‍छ ताकत नी सुविधा नें वदुं असल अन आसान बणयुं से।
He said that the government should fulfil the expectations of the common man.,उन्होंने कहा कि शासन को आम आदमी की उम्मींद पूरी करनी चाहिए।,तिनाये केदू कि सरकार ने बूद्वा इंसान हरू तिने आशा ओ पूरी करवा जो ए ।
"Friends, This time of rain is equally important for'tree plantation'and'water conservation '. More than 60 thousand Amrit Sarovars built during the'Amrit Mahotsav'of independence have also become brighter.","साथियो, बारिश का यही समय ‘वृक्षारोपण’ और ‘जल संरक्षण’ के लिए भी उतना ही जरुरी होता है। आजादी के ‘अमृत महोत्सव’ के दौरान बने 60 हजार से ज्यादा अमृत सरोवरों में भी रौनक बढ़ गई है।","साथियों पाणी पड़वा ना दना मां झाड़ लगाड़वा, अने पाणी भेलू थावा हारू पण ऐतरू जरूरी से । आजादी ना अमृत महोत्सव ने दौरान 60 हजार थी वदू अमृत सरोवरो मा समक - दमक बढ़ी गी से ।"
I also talked about making this decade India's TechEd.,मैनें इस दशक को भारत का TechEd बनाने की बात भी कही थी।,म्ऐ इना दसक मा कारत ने TechED बणावा नी वात करी हती ।
And they changed my life.,इन्होंने मेरी तो जिंदगी ही बदल डाली।,तिनाई मारी ते जिंदगी बदली नाखी।
"According to Indian mythological beliefs, women are the embodiment of Shakti - the Goddess of Power.","भारतीय पौराणिक मान्‍यताओं के अनुसार, महिलाएं शक्ति का अवतार- शक्ति की देवी हैं।",इनी वखत एक विषय वुमून फस्र्ट पाॅस्पेरीटी फाॅर आॅल सबनी भलाइ हारू अगळ काठा करवा हारू पेहलां बयेर ने बदी वात मा काठियों करव नु इना कारयकरम मा पेेहलो थी वदु खास बणावा से।
"Raising the issue of Kashmir, the Union Home Minister said, ""The Kashmir problem was solved by the Modi government.","’’केंद्रीय गृह मंत्री ने कश्मीर का मुद्दा उठाते हुए कहा, ‘‘कश्मीर समस्या का निदान मोदी सरकार ने ही किया.",भारत देह नो सुरक्षा देखभाल करवा वला मंत्री ये कश्‍मीर मा वाते करता हरका केदु कि कश्‍मीर नी तकलीफ ने यटाडवा हजू मोदी सरकार रे केदु ।
"The Ministry of Social Justice and Empowerment is running an integrated programme for senior citizens under which financial assistance is provided to NGOs, Panchayati Raj Institutions and local bodies for running old age homes.","सामाजिक न्‍याय एवं अधिकारिता मंत्रालय वरिष्‍ठ नागरिकों के लिए एक एकीकृत कार्यक्रम चला रहा है, जिसके अंतर्गत वृद्धाश्रम चलाने के लिए गैर-सरकारी संस्‍थाओं, पंचायती राज संस्‍थाओं और स्‍थानीय निकायों को वित्‍तीय सहायता प्रदान की जाती है।",सामाजिक न्याव अन अधिकरिता मंत्रालय खास लोकू बदले एक तिना अनुरूप काम काज चलाडीरया तिनामा शामिल वृद्वाश्रम चलाडवा बदले गेरी सरकारी संस्थाओ पंचायती राज संस्थाओ अन तहानी निकायो ने लाणा नी मदद करी ।
He believed most in India's potential.,वह हम सबसे ज्यादा भारत के संभावनाओं में विश्वास करते थे।,त्यो हमारी सबथी वदारें भारत नी संभावनाओं मां भरोहो करें से।
"In 2007, it was decided to deploy women guards there.",2007 में वहाँ महिला guards को तैनात करने का फैसला लिया।,2007 मां ता महिला GUARDS ने तैनात करवा नो फैसला लेद्दो|
The film was released on 24 April 2020.,यह फिल्म 24 अप्रैल 2020 को प्रदर्शित की गई थी।,या पिकसर 24 अप्रैल 2020 ने डन देखाडेली
"Its size, financial strength, and broad reach have benefited customers in all regions through a worldwide network of branches and a wide range of banking products and advanced technology.","इसके आकार, वित्‍तीय मजबूती और व्‍यापक पहुंच से ग्राहकों को सभी क्षेत्रों में विश्‍वव्‍यापी शाखाओं के नेटवर्क के जरिए पहुंच बनाना तथा काफी व्‍यापक बैंकिंग उत्‍पाद और उन्‍नत प्रौद्योगिकी से ग्राहकों को लाभ पहुंचा है।",इनमा बणाविला रूपिया ढिगला मा काठा अने वदु पुगाडवानी गराग ने बदी जगायु दनियामा ठावी नानी बैंकि या नेटवर्क ने जरिये जुगत बणावी अने घणी जोगी बैकिक ने बणावा अने घणी नवी कपंनियो ने गराग ने कायदो पुगाडे से।
"Moreover, it is this attitude of accommodation, adaptation, piety, and charisma that helps Sufism remain as a pillar of mystical Islam in India.","इसके अलावा, यह आवास, अनुकूलन, धर्मनिष्ठा और करिश्मा का दृष्टिकोण है जो सूफीवाद को भारत में रहस्यमय इस्लाम के स्तंभ के रूप में बने रहने में मदद करता है।",इना अलावा यो आवास अनुकुलन धर्मनिष्ठा अने करिश्मा नो दृष्टिकोण से जो सूफीवाद ने भारत मा रहस्यम इस्लाम ना खम्बा ना रूप् मा बण्यो रेवा मा मद करे से
"In addition, a permanent gallery of Vedic implements, showcasing the techniques and tools used in Vedic Yajna, will be set up at IGNCA.","इसके अलावा, वैदिक यज्ञ में प्रयुक्त तकनीक और औजारों का प्रदर्शन वैदिक इम्प्लीमेंट्स की एक स्थायी गैलरी, आईजीएनसीए में स्थापित की जाएगी।",इनी अलावा वैदिक यज्ञ मा भेळायली तकनीकी अने औजरो ने देखाडवा नी वेदिक इम्‍प्‍लीमेटस नी एक स्‍थायी गैलरी मा बणावहे।
Only a third of the 67 counties began issuing same-sex marriage licenses.,67 काउंटी में से केवल एक तिहाई ने समान-लिंग विवाह लायसेंस जारी करना शुरू किया।,67 काउटी मां थी खाली एक तिहाई यी समान-लिंग विवाह लायसुंण बणावूं सालूं करी दे दूं।
"Asked if the BSP could cut into Congress votes, she said in an interview, ""I don't think so.","यह पूछे जाने पर कि क्या बसपा कांग्रेस के वोटों में सेंध लगा सकती है, उन्होंने एक साक्षात्कार में कहा, ‘‘मुझे ऐसा नहीं लगता।","यू पुस्या जावा पर कि हुं बसपा कांग्रेस ना वोटों मां सेंध लगाड़ी सके से, तिहुने एक साक्षात्कार मां किदु, "" मने आवु नी लागे ।"
Special schemes and funds are being provided for the development of infrastructure for tribal communities.,आदिवासी समुदायों के लिए मौलिक संरचनाओं के विकास के लिए विशेष योजनाएं और निधियाँ प्रदान की जा रही हैं।,आदिवासी टोळीना हारू मौलिक संरचनाओं ना विकास हारू खास ओजनाएं और निधियों प्रदान करी रया से ।
"Charaideu means shining city on the hills, that is, a shining city on a hill.","चराईदेउ का मतलब है shining city on the hills, यानी पहाड़ी पर एक चमकता शहर।","सराई दावुं नों मतलब सन साईन सीटी ऑफ द हिल्‍स, मतलब डुंगरा ऊपर एक समकेलों एक शेहर से।"
The people of the Gondi community enjoy traditional music and dance.,गोंडी समुदाय के लोग पारंपरिक संगीत और नृत्य का आनंद उठाते हैं।,गोंडी टोळी नु मनखु जुनी रीत गीतें ने नास नु आनन्द उठाड़े ।
"To make the exercise more challenging, gymnasts will often include a variation on a typical circling skill by bending or stretching their legs.","व्यायाम को और अधिक चुनौतीपूर्ण बनाने के लिए, जिमनास्ट में अक्सर अपने पैरों को मोड़कर या फैलाकर एक विशिष्ट चक्कर लगाने के कौशल में बदलाव शामिल करेंगे।",व्यायाम ने हजु वदारे काठुं बणावा हारू जिवनास्ट मां खासकर आपड़ा पोगु ने मोड़िनिया फैलावे एक खास शक्कर लगाड़वाना कौशल मां बदलाव मेळववानुं करहुं।
"The MoU was signed on 31st May, 2018.","समझौता ज्ञापन पर 31 मई, 2018 को हस्‍ताक्षर किए गए थे।","हमझौतर ना ज्ञापन उपर 31 मई, 2018 ने दन दस्‍कत करेला।"
"Major countries include the Netherlands, Chinese Taipei, and Belgium.","प्रमुख देशों में नीदरलैंड, चीनी ताइपे और बेल्जियम शामिल हैं।","खास देह मां नीदरलैंड, चीनी, ताइपे अने बेल्जियम भेळु स।"
The Mishnah confirms this attitude.,मिशना इस मनोवृत्ति की पुष्टि करती है ।,मिशना आनी भाव नी साबीत करे से ।
I would once again like to thank Prime Minister Theresa May for gracing this occasion and sharing her vision and vision in building a new India-UK partnership.,मैं एक बार फिर इस अवसर की शोभा बढ़ाने और भारत-ब्रिटेन के बीच नई भागीदारी के निर्माण में अपना दृष्टिकोण एवं परिकल्पना साझा करने के लिए प्रधानमंत्री थेरेसा मे को धन्यवाद देना चाहूंगा।,हॅु एक वारी फेर इना अवसर नी शोभा बढावा अने भारत ब्रिटेन ना वचमा नवा हिसे दारी मानवा नवा निार्माण मा अपडो द्रष्टिीकोण अने परिकल्पना हिस्‍सेदारी करवा हारू प्रधानमंत्री थेरेसामे ने वाह वाथी आळवा साहुं से।
"In addition, most such cases of economic crime involve non-repayment of bank loans, worsening the financial health of India's banking sector.","इसके अलावा, आर्थिक अपराध के अधिकांश ऐसे मामलों में बैंक ऋणों की गैर-अदायगी शामिल होती है, जिससे भारत के बैंकिंग क्षेत्र की वित्तीय स्‍थिति बदतर हो जाती है",इना अलावा आर्थिक गुना मा वदार यी ऐवां लफड़ा मा बैंको नो करजो नी गैर अदायगी भेळी है जेनमा भारत नी बैंकिंग इलाका नी रूपिया नी दस्या खराब थाई जाये है।
Participants in the interaction complimented the government for the corrective measures initiated by it and suggested improvements at various levels in the process of start-ups and innovation in India.,संवाद में हिस्सा लेने वाले सहभागियों ने सरकार द्वारा शुरू किए गए सुधारात्मक उपायों के लिए सरकार की तारीफ की और भारत में स्टार्ट अप और नवाचार की प्रक्रिया में विभिन्न स्तरों पर सुधार के सुझाव दिए।,भाषण मा हिस्सों लेवा वाळा सहभागियों ये सरकार ये सुरु करियु हधारात्मक उपायो नी हारू सरकार यी तारीफ़ करी अन भारत मा स्टार्ट अप अन नवाचार नी प्रणाली मा घणी जगह तक हुदार नो हमज आली हे।
Government initiatives to improve education and health services have been implemented for tribals.,शिक्षा और स्वास्थ्य सेवाओं को सुधारने के लिए सरकारी पहलें आदिवासियों के लिए लागू की गई हैं।,भणवानु अने अस्पताल नी सेवा ने हदारवाने लिदे सरकारी पहल आदिवासीयों ने लिदे लागू करी से ।
"My dear countrymen,","मेरे प्यारे देशवासियों,",मारां रूपाळां देश ना वासियों।
He has served in the Indian Administrative Service since the 1977 batch.,उन्होंने १९७७ के बैच से भारतीय प्रशासनिक सेवा में काम किया है।,तिहूयें 1977 नी पाळी थी भारत नी सरकार नी सेवा मां कामु करियु से।
She started her career as an Adrema operator.,उसने अपने करियर की शुरुआत एक एड्रेमा प्रचालक के रूप में की।,इनूंयी ये आपड जिन्‍दगी नें चालूं एड्रेमां चलाडनार नी रूप मां की।
The real executive power rests with the chief minister and the cabinet.,वास्तविक कार्यकारी शक्ति मुख्यमंत्री और मंत्रिमंडल के पास होती है।,खास काम करवानों नों जोर मुख्‍यमंत्री अन मंत्रिमण्‍डल कन रे से।
"Let us all move together in a new direction. Every step, every effort is important.","आइए, हम सब मिलकर एक नई दिशा में बढ़ें। हर कदम, हर प्रयास महत्वपूर्ण है।","आवो, हमु सब मली ने एक नवी दशा मा बढीही। हम पोग, हर प्रयास धणो खास से ।"
"Skill development institutions will enable key sectors of the Indian economy to remain globally competitive by providing high-quality skills training, research education, and the opportunity to engage directly with industry in a hands-on manner.","कौशल विकास संस्‍थान, के जरिए उच्‍च गुणवत्‍ता वाले कौशल प्रशिक्षण, अनुसंधानपरक शिक्षा तथा उद्योग जगत से व्‍यावहारिक तरीके से सीधे जुड़ने का अवसर उपलब्‍ध कराते हुए भारतीय अर्थव्‍यवस्‍था के मुख्‍य क्षेत्रों को वैश्विक प्रतिस्‍पर्धामें टिके रहने में सक्षम बनाएंगे।",ताजो विकास संस्‍थान न जरिए नजु गुण वली विकास हिकाड वानु केन्‍द्र शिक्षा अनु कारखानों नी दुनिया से नज व्‍यश्‍वहार नो तरीका से हामें जुडवानू मोको मले हरू भारतीय धन कमाओनु धंधो न खास एरियों का दनिया हार - हित पर टका रेवा में सक्षम वणावुपडहेगा।
"You will also be happy to know that this stadium has also been certified by FIFA, the largest organization in football. Whenever such a big sports infrastructure is ready, it brings great opportunities for the youth of the country.",आपको यह जानकर भी अच्छा लगेगा कि इस stadium को football की सबसे बड़ी संस्था FIFA ने भी Certify किया है। जब भी Sports का ऐसा कोई बड़ा infrastructure तैयार होता है तो यह देश के युवाओं के लिए बेहतरीन अवसर लेकर आता है।,तमुने यो जाणी ने असल लाग हे कि इना ेजंकपनउ ने विवजइंसस नी हंगला थी मोटि संस्था पिंि ये पण बमतजपलि करीयू से जेरा पण ेचवतजे नु एक कइनुक मोटूपदतिेंजतनबजनतम तैयार थाय से तेरा यो देह जुवानिया ने लिदे खास अवसर लिने आवे से।
You will go there even if there are difficulties. You will go there even if there are no good hotels.,वहां कठिनाईयां होंगी तो भी जाएंगे। वहां अच्छे होटल नहीं होंगे तो भी जाएंगे।,ता घणी काहटियो रे फेर बी ता जाहे । ता ताजी होटलियो नी बी ओहे तो पण जाहे।
"While Sushil claimed that he was innocent and the case was politically motivated, his father said that the truth will come out in the police investigation and he will not interfere in the matter.","सुशील ने जहां यह दावा किया कि वह निर्दोष है और मामला राजनीति से प्रेरित है, वहीं उसके पिता ने कहा कि पुलिस जांच में सच सामने आ जाएगा और वह मामले में हस्तक्षेप नहीं करेंगे।",सुशील यी जा यो दावो करीयो त्यो गुना वालो नी मले मामला राजनीती थी जोड़ाया से। ता तीने बा यी केदू कि पोलिस नी जांस मा खरी वात हमी आवी गी अने त्यो मामला ना लुठायी नी भेलायी।
"Therefore, it will be a big challenge for us to achieve high GDP for the country and at the same time meet the energy needs of the people.",इसलिए देश के लिए उच्च सकल घरेलू उत्पाद प्राप्त करना और साथ-साथ जनता की ऊर्जा जरूरतों को पूरा करना हमारे लिए एक बड़ी चुनौती रहेगा।,तिना हारू देश हारू उच्च सकल घरेलू प्राप्त करवु अने हाते - हाते जनता नी ऊर्जा जरूरतों ने पुरु करवु हमारा हारू एक मोटी चुनौती रिहे ।
"Rice, sugarcane, fruits, and vegetables are also grown.","चावल, गन्ना, फल और सब्जियाँ भी उगाई जाती हैं।","सोका,हाटा,फल अने भाजीयों हदी उगाडी जावानी हैं।"
"Bhagwan Birsa Munda, Sidhu Kanhu, Alluri Sitarama Raju, Govind Guru, there are countless names who became the voice of the freedom movement and inspired my tribal brothers and sisters, my mothers, my youth to live and die for the motherland.","भगवान बिरसा मुंडा, सिद्धू कान्हू, अल्लूरी सीताराम राजू, गोविंद गुरू, अनगिनत नाम हैं जिन्‍होंने आजादी के आंदोलन की आवाज बनकर के दूर-सदूर जंगलों में भी.... मेरे आदिवासी भाई-बहनों, मेरी माताओं, मेरे युवकों में मातृभूमि के लिए जीने-मरने के लिए प्रेरणा जगाई।","भगवान बिरसा मुंडा सिद्धु कान्‍हुं, अल्‍लुरी सीताराम राजुं गोविंद गुरूं, ऐवा अणगणत नाम से जिहुंयें आजादी ना आंदोलन नी"
"In some cases, it will be the bidder's responsibility to demonstrate the veracity of the claim.",कुछ मामलों में यदि कहा जाए तो दावे की सत्‍यता प्रदर्शित करने की जिम्‍मेदारी बोलीदाता की होगी।,कईना मामलो मा केवू जाय  तेर दावा ने  सही वताड़वा नी जिम्‍मेदारी    बोली लगाड़वा वाळा  नी रेहे ।
Kyokushin is mainly a synthesis of Shatukan and Jije-ri.,कीयोकुशिन मुख्यतः शाटुकान और जीजे-री का संश्लेषण है।,कीयोकुशिन मोटा - मोटो कार्यालय (मुख्यतः) शाटूकान अने जीजे-री का संश्लेषण से ।
The river finally enters Odisha and travels 45 kilometres (28 mi) before merging with the Koel.,नदी अंततः ओडिशा में प्रवेश करती है और कोयल में विलय से पहले 45 किलोमीटर (28 मील) की यात्रा करती है।,नदी अंतत ओडिसा मां जाय से अन कोयल मां मळवा थी पेलखां सालीह ने पास कि.मी (वींह ने आठ मील)नी सालवा करे से।
"He dedicated himself to India's freedom. Today, we need the same spirit to achieve the goal of a developed India.",उन्होंने भारत की आजादी के लिए खुद को समर्पित कर दिया था। आज हमें विकसित भारत के लक्ष्य को पाने के लिए उसी spirit की आवश्यकता है।,तिनूयें भारत नी आजादी हायं जीवें समर्पित कर नाख्‍यों आज हमुंनें विकसित भारत नां लक्ष्‍य लावा हारूं उसी Spirit नीं जरूर से।
The new petrol model is 85kg lighter and the diesel 105kg lighter than the old one.,पुरानी के मुकाबले नया पेट्रोल मॉडल 85 किलोग्राम और डीजल 105 किलोग्राम हल्का है।,जुना मुकाबला नवा पेटोल मॉडल 85 किलों ग्राम अन डीजल 105 किलों ग्राम फोरू सें ।
"In a tweet, the Prime Minister said, ""Our congratulations on the successful launch of PSLV C31 and ISRO's dynamism and tenacity to accurately place IRNSS 1E in orbit.",प्रधानमंत्री ने एक ट्वीट कर कहा कि पीएसएलवी सी31 की सफल लांचिंग और आईआरएनएसएस 1ई को सटीक ढंग से कक्षा में रखने के लिए इसरो की गतिशीलता और दृढ़ता पर हमारी बधाई।,प्रधानमंत्री ई एक  ट्वीट पर लखु ने केदू की पीएसएलवी सी31 नी सफल लांचिग अने आईआरएनएसएस 1ई सही ढंग थी कक्षा मा उतारवा नी हारू इसरो नी गतिशीलता अने  दृढ़ता पर हमारी बधाई।
The location is 5 km from Anekal and 40 km from Bangalore.,इस स्थान का आनेकल से 5 किमी और बैंगलोर से 40 किमी दूर होने का अंजाम है।,इनी जगह नो आनेकल थी 5 कि.मी. अने बैंगलोर थी 40 कि.मी. सेटी थावा नो अंजाम से।
Patanjali's Yoga Sutras are considered to be the first compendium of yoga philosophy.,पतंजलि के योग सूत्र को योग दर्शन का प्रथम संकलन माना जाता है।,पतंजलि ना योग सूत्र ने योग दर्शन नो प्रथम संकलन मान्यो जाय से ।
He went on to claim that the Telangana Police has a unique identity in the country.,उन्होंने यह दावा किया कि तेलंगाना पुलिस की देश में अपनी एक खास पहचान है।,तिहूयें आ दावा करयो कि तेलंगना पुलिस नी देह मा आपड़ी एक खास पेसाण से।
Govinda has made 14 films with Satish Kaushik; they last appeared together in Do Knot Disturb.,गोविंदा ने सतीश कौशिक के साथ 14 फिल्में बनाई हैं; आखिरी बार वे एक साथ 'डू नॉट डिस्टर्ब' में दिखाई दिए थे।,गोविंदा से सतीश कौशिक ना हाथे 14 फिलमे बणा वी से। आखरी वखत त्‍या एक हाथे डू लॉट डिस्‍टर्ब मा देखायला।
He called it the most wonderful plant in the world.,उसने इसे दुनिया का सबसे अद्भुत पोधा कहा ।,तिन्‍हुंयी इनान दनिया मा बदांयी असल पौधो केदुं से।
"Thus, the quality of hair is affected if the diet does not nourish the bone properly.","इस प्रकार, यदि आहार अस्थि का ठीक से पोषण नहीं करता तो बालों की गुणवत्ता प्रभावित होती है।","आनरीते, जो आहार अस्थि ने असल थी पोषण नी करे तो लटियां नी गुणवता प्रभावित थाय से।"
"While a jeep with all their personal belongings leaves for the nearest railway station, tickets are booked and a berth is reserved for their journey.","जबकि उनके सभी निजी सामानों के साथ एक जीप निकटतम रेलवे स्टेशन के लिए रवाना  होती है, टिकट बुक होते हैं और एक बर्थ उनकी यात्रा के लिए आरक्षित होती है।","ैफेर बी कि तिनाना बदा निजी सामानों ने हाते एक जीप निकटतम रेलवे टेशण हरू रवाना थाए से, टिकट बुक थईन आने एक बर्थ तिनानी यात्रा नी हरू आरक्षित थाए से।"
Very little manure is added to the wheat.,गेहूँ में खाद बहुत कम डालते हैं।,गेंहू खाद कोमूस नाखे।
She assumed the form of Sandia.,उसने सांडिया का रुप धारण कर लिया।,ज्‍यों सांडिया तोहो रूप धारण कर लेथो ।
"In addition, techno-economic approval has also been granted for Daman-Ganga-Pinjal Link Project subject to statutory approvals.","इसके अतिरिक्त, सांविधिक स्वीकृतियों के शर्ताधीन दमन-गंगा-पिंजाल संपर्क परियोजना के लिए तकनीकी-आर्थिक स्वीकृति भी प्रदान की गई है।",इनमा अतिरिक्‍त सविधिक स्‍वीकृत नो शर्ताधीन दमन गंगा पिजाल नो संपर्क नो परियोजना मा तकनीकी अधिक स्‍वीकार भी कियो से।
There is so much peace here that it is nice to stay in a hut among the trees.,यहां कितनी शान्ति है पेडों के बीच कुटीया में रहना अच्छा लगता है।,यहा केतरी शान्‍ती छे झाडु नी वचे झोपडी मा रहवानु असल लागे हैं
"Only coarse and healthy seeds should be sown, dry and shriveled seeds should be discarded.","केवल मोटे तथा स्वस्थ बीजों को ही बोना चाहिए, सूखे-सिकुड़े बीज फेंक देने चाहिए।",प्रधानमंत्री यी केदू हूँ सरदार पटेल ने तिनानी पुण्यतिथि पर तिनाने श्रद्धांजलि आलू हे ।
"The ""Azadi Ka Amrit Mahotsav"" is an occasion when we honour the brave sons of the country and bring the stories of their greatness to the new generation.","""आज़ादी का अमृत महोत्सव"" एक अवसर है, जब हम देश के वीर सपूतों को सम्मानित करते हैं और उनकी महानता की कहानियों को नई पीढ़ी के सामने लाते हैं।",जीत नी एक अमर खुशी नो एक मौखो है। हमु देह के वीर पुत्रों को आदर करी सके। इनकीबारे पुराने काम नी खास वात्यो पवी पीढ़ी ने हामे वताड़वाना है।
"Summer starts in April and ends in July in northwestern India, and lasts from March to May in the rest of the country.","उत्तर-पश्चिमी भारत में ग्रीष्म ऋतु अप्रैल से आरंभ होती है और जुलाई में समाप्त होती है, और देश के बाकी भागों में मार्च से मई तक चलती है।","उतर-बुडम्‍णों भारत मां तपवानां दन पाह ही चातु हाती से, अने आहाड मां खत्‍म थाये से, अने देह नां वसेला भागुं मां फागण ही जैठ हदो साले से।"
"In the three years of this government, 2,600 kilometers of railway lines have been doubled.",इस सरकार के तीन सालों में 2600 किलोमीटर रेल लाइन का दोहरीकरण हुआ है।,इनी सरकार ना तीन वरहा मां 2600 कि मी रेल लाईन नू ।
Chhokra showcases the cultural tradition of the people through their folk songs and dance.,छोकरा लोगों की सांस्कृतिक परंपरा को उनके लोकगीतों और नृत्य से दिखाता है।,सोकरा मनखु रित भात परम्पराअने तीनानी लोकगीतुं अने नासवा नु देखाड़े से।
"In this decade of Amrit Kaal, we are going to introduce the next generation reforms.",अमृत काल के इस दशक में हम next generation reforms को...,अमृत टेम नां इना वरहुं मां नवी पीढ़ी नें रिफॉर्मस।
"Modi, who had earlier met a Jewish group, also mentioned during the meeting that there was no discrimination against the community in India.",पहले एक यहूदी समूह से मिल चुके मोदी ने बैठक के दौरान यह भी उल्लेख किया कि भारत में समुदाय के प्रति कोई भेदभाव नहीं है ।,पेहला एक यहूदी ना समूह (टोली) थी मली चूकिया मोदी ने मीटिंग ना दौरान मा भी लिखित करियू कि भारत ना प्रति कोई पण भेदभाव नथी से।
All the awards were given to the best film like Gully Boy.,‘गली बॉय’ जैसी वाहियात फिल्म को इतने सारे अवॉर्ड दिए गए.,गळी बॉय जेवी वाहियात फिलम न इतरो धणो इनाम आल्‍यो ग्‍यो हतो।
"In this context, he spoke of the importance of well-trained local tourist guides who are knowledgeable about the history and heritage of the region.","इस संदर्भ में उन्होंने सुप्रशिक्षित स्थानीय पर्यटक गाइडों के महत्व की चर्चा की, जो इतिहास तथा क्षेत्र की विरासत के जानकार होते हैं।","इना संदर्भ मा तिहुयी प्रसिद्ध भणवा नी जगा गाइडो ना मेहत्‍व नी चर्चा करी , ज्‍ये इतिहास अने क्षेतर नी विरासत नी जाणकार रे से।।"
In this system each square is uniquely identified by a set of coordinates A followed by 1 to 8 for the range for the composition row.,इस प्रणाली में प्रत्येक वर्ग को विशिष्ट रूप से निर्देशांक  के एक समूह द्वारा पहचाना जाता है ए रच पंक्ति के लिए श्रेणी के लिए 1 से 8 के बाद।,इनी प्रणाली मा प्रत्येक वर्ग ना विशिश्ट रूप् से निर्देशांक के एक समूह हारू पेहचाना जाये से ए एच पंक्ति हारू श्रेणी हारू ।
Prime Minister: Where are you from?,प्रधानमंत्री : तरन्नुम आप कहाँ से हैं।,प्रधानमंत्रीः तरन्नुम तमु कां ना से ।
"Amid the din, Parliamentary Affairs Minister Pralhad Joshi said politics should not be done in such a sensitive matter.",हंगामे के बीच संसदीय कार्य मंत्री प्रह्लाद जोशी ने कहा कि ऐसे संवेदनशील मामले मे राजनीति नहीं करनी चाहिए।,हंगामा ने वस संसदिय काम मंतरी प्रहलाद जोशी ये केदु एवा संवेदनशील मामाला मा राजनिती नी करवी जोवे।
"As a Ph.D. student on 18th-century British theatre at the time, I knew, somewhat correctly, that he had written great plays like Tughlaq (1964) and Hayavadana (1971), but I had not read any of them.",उस समय 18वीं शताब्दी के ब्रिटिश थियेटर पर पीएचडी कर रही छात्रा के रूप में मैं थोड़ा-बहुत ही सही लेकिन यह जानती थी कि उन्होंने तुगलक (1964) और हयवदन (1971) जैसे बेहतरीन नाटक लिखे थे] लेकिन मैंने उनमें से कोई भी नहीं पढ़ा था,तिना टेम 18 वी शदी ना ब्रिटिश थियेटर पर पीएचडी करी री सोरी ना रूप मा हूं थोडा घणा सइ लेकिन यो जोन से के तिहूए तूगलक अने हयवदन जेवा बेहतरीन नाटक लिखेला लेकिन हूं तिनमा थी कोइ भी नी भव्‍यो।
"In this regard, several meetings were held at the bilateral level and several meetings were also held at the level of the Government of India.",इस संबंध में द्विपक्षीय स्‍तर पर कई बैठकें आयोजित की गईं तथा भारत सरकार के स्‍तर पर भी कई बैठकों का आयोजन हुआ।,इना सम्बन्ध मा बे पक्षों नो कई सभाओ करी अने भारत सरकार ना स्तर पर कई सभाओ करी स
Finance Minister Nirmala Sitharaman at the GST Council meeting via video conferencing in New Delhi on Thursday.,नई दिल्ली में बृहस्पतिवार को वीडियो कॉन्फ्रेंसिंग के माध्यम से हुई जीएसटी काउंसिल की बैठक में वित्त मंत्री निर्मला सीतारमण,नवी दिल्ली मां वसपतवार नें दन विडियों कॉन्फ्रेसिग मां थायली जीएसटी कांउसिल ली बैठक मां वित्त मंत्री निर्मला सीतारमन ।
The Government of Madhya Pradesh has allotted five acres of land in Bhopal for the institute.,मध्‍यप्रदेश सरकार ने संस्‍थान के लिए भोपाल में लिए पांच एकड़ जमीन दी है।,मध्यप्रदेश नी सरकारे तिनि संस्था हारु भोपाल मा पास एकड़ जगा आली से ।
"This time in the Olympics also we have seen, we have experienced.","इस बार ओलंपिक में भी हमने देखा है, हमने अनुभव किया है।",इनीं वार ओलंपिक मां पण हमुंयी देखियुं से हमुंयी हमज करियुं से।
"On the last day, devotees offer Minjar maize earrings and coconuts to the god Varuna on the banks of the Ravi river.",अंतिम दिन भक्तगण रावी नदी के किनारे वरुण देवता को मिंजर मक्के की बालियां और नारियल चढ़ाते हैं।,सेहले दन भक्तगण रावी नदी ना धेड़े वरुण देवता ने मिंजर मक्की नी बालियां अले नारियोळ सड़ावे से ।
"In this decade of Amrit Kaal, the power of speed will form the basis of India's rejuvenation.",अमृतकाल के इस दशक में गति की शक्ति भारत के कायाकल्‍प का आधार बनेगी।,अमृत टेम नां इनां दाह वरहुं नी गति नी ताकत भारत मां बदलां नों आधार बणहें।
He said that an appeal has been made to consider those proposals sent by every MP and every MLA individually.,उन्होंने कहा कि हर सांसद और हर विधायक की तरफ से भेजे गए उन प्रस्तावों पर व्यक्तिगत रूप से विचार करने की अपील की गई है।,तिहुई केदू के हंगळां सांसद अने हंगळां विधायक नी तरफ थी मोकलेला तिना प्रस्तावों पर जीव ना खुद  रूप थी वस्यार करवा नी अपील करी से।
The warfare techniques of the Sangam period were the early precursors of Kalaripayat.,संगम काल की युद्ध तकनीकें कलरीपायट के शुरुआती अग्रदूत थे।,संगम काल नी युद्ध तकनीकों कलरीपायट ना शुरुआती अग्रदूत हुता ।
"During US Secretary of State Mike Pompeo's visit to India last month, External Affairs Minister S Jaishankar was believed to have told him that India would go ahead with the S-400.",पिछले महीने अमेरिकी विदेश मंत्री माइक पोम्पिओ की भारत यात्रा के दौरान ऐसा माना जा रहा था कि विदेश मंत्री एस जयशंकर ने उन्हें कहा था कि भारत एस-400 के साथ आगे बढ़ेगा .,पासला महीना अमेरिकी विदेश मंत्री माइक पोम्पिओ नी भारत यात्रा ना दौरान एवु मानी जाय रयो हता कि विदेश मंत्री एस जयशंकरे तिनाही केदु हतो कि भारत एस-400 ना हाते अगाडी बडहे। .
"Smudged metal looks bad, but it's often easier to shine it with the right polish.","धूमिल पड़ा धातु खराब दिखता है, लेकिन अक्सर उसे सही पॉलिश के साथ चमकाना आसान होता है।",धंधलां मा पडेलु वस्तु भुण्डु देखाई से इनाने रोज धोवीने हाते असल देखवान असल से।
"Inspired by the Government of India's Namami Gange Mission, the campaign has been named Mission Ganga.",भारत सरकार के नमामि गंगे मिशन से प्रेरित इस अभियान को मिशन गंगे का नाम दिया गया है।,भारत नी सरकारे नमामि गांवों नो मिशन ही प्रभ्‍ज्ञावित थायों है। मिशन गंगे नाम आलियों ।
"""Under the schemes of'Digital India ', the'Pradhan Mantri Awas Yojana'is being facilitated through online medium to help fulfill the dream of building a house."" """"","“‘डिजिटल इंडिया’ की योजनाओं के तहत, ‘प्रधानमंत्री आवास योजना’ को ऑनलाइन माध्यम से सुविधाजनक बनाकर, घर बनाने के सपने को पूरा करने में सहायता प्रदान की जा रही है।”।",डिजिटल इंडियां नीं योजनाओं थी प्रधानमंत्री आवास योजनां थी ऑनलेण करीन सुविधा वाळां घेरूं बणांवा नां हपनां नें पुरूं करवा हारूं मदत आली री से।
"When you buy groceries, cleaning products, beauty items, and paper items, the store brand will often cost less.","जब आप किराने का सामान, सफ़ाई के उत्पाद, सौंदर्य से जुड़े आइटम और कागज़ की वस्तुएँ खरीदते हैं, तो स्टोर ब्रांड की कीमत अक्सर कम होगी।",जाहर तम किराणा नु समान (वस्‍तु) साफ - सफाई नी वस्‍तु सणगार हारू चीज अन कागज नी वस्‍तु लेवी से ता  स्‍टोर ब्राड नी कीमत (भाव) हमेशा (हरदम) ओसी रहे ।
He has become the fourth Indian to win a Grand Slam.,वह चौथा भारतीय ग्रैंडस्लैम जीतने वाले बन गये हैं।,त्यो सौथो भारतीय ग्रैडस् लैम जीतवा वाळों बणीं ग्यों से।
How much is it to the coast?,यह तट तक कितना है?,युं किनार तक केतरू से?
"""A case of accidental death has been registered and the body has been sent for post-mortem,"" senior inspector George Fernandes of Malad police station told mid-day.com.","मलाड पुलिस स्टेशन के सीनियर इंस्पेक्टर जॉर्ज फर्नांडीज ने मिड-डे डॉट कॉम को बताया, ""इसे लेकर आकस्मिक मौत का मामला दर्ज किया गया है और शव को परीक्षण के लिए भेज दिया गया है।",मलाड पुलिस थाणा ना मोटा तरकडो जॉर्ज फर्नान्डीस थी मिड-डे डॉट कॉम ने वताडयू इनान लीन ( अपसू के मरवा ) अपसूक नी मौतयो ना मामला दर्ज करी गया से अन लास (शव) ने जांस हारू मोकल देदू से।
"In this interview, PM Modi frankly expressed his views on many issues.",इस इंटरव्यू में पीएम मोदी ने कई मुद्दों पर बेबाकी से अपने विचार रखे।,अणा इण्टरव्यु मा पीएम मोदी ये घणा मुदों पर बेबाकी ही आपडी विस्यार मेलिया।
The Prime Minister will inaugurate the Lucknow Metro Rail Project.,प्रधानमंत्री लखनऊ मेट्रो रेल परियोजना का उद्घाटन करेंगे।,प्रधानमंत्री लखनउ मा जमीन मा सालवा वाळी रेळ नी योजना नो उदघाटन करहे।
He asked the officials to use satellite technology to expedite the processes for identifying tribal habitations.,उन्‍होंने अधिकारियों से जनजातीय निवास स्‍थानों की पहचान करने के लिए प्रक्रियाओं में तेजी लाने हेतु उपग्रह प्रौद्योगिकी का उपयोग करने को कहा।,इहूयी मोटा साहब थी जनजातीय रहवा नी जगह ने ओलखाण करवा इनी कार्यवाई ने एकदम लावा हारू उपग्रह करखाना नो काम करवा केदु।
"In an interview to PTI, Dinesh Lal Yadav accused Akhilesh Yadav of creating an anti-national image of the Yadavs, saying that those supporting Akhilesh Yadav without thinking should understand this.","पीटीआई को दिए एक साक्षात्कार में दिनेश लाल यादव ने अखिलेश यादव पर आरोप लगाया कि उन्होंने यादवों की देश विरोधी छवि बनाई है, उन्होंने कहा कि अखिलेश यादव का बिना सोचे समझे समर्थन करने वालों को इस बात को समझना चाहिए।","ष्पीटीआई मा एक वातसीत मा दिनेश लाल यादव यी अखिलेश यादव पर गुनो लादियो कि ततीहुयी यादवो नी देह नी विरूद्ध बदलावणी करी से, तीहुयी केदू कि अखिलेश यादव नी वगर हीरो हमजे तीनी वळो थावा इनी वात ने हमजावु जोवे । ष्"
Union Minister for Skill Development and Entrepreneurship Mahendra Nath Pandey yesterday elaborated on the plans to set up 14 authorized World Skills India training centres in 9 cities in the media and entertainment sector.,केंद्रीय कौशल विकास और उद्यमिता मंत्री महेंद्रनाथ पांडेय ने कल मीडिया और मनोरंजन सेक्टर में 9 शहरों में 14 अधिकृत विश्व कौशल भारत प्रशिक्षण केंद्र स्थापित करने की योजना के बारे में विस्तार से बताया।,केंद्रीय कोशल विकास अन उध्मिता मंत्री महेन्द्रनाथ पाण्डेय ये काले मिडिया अन मनोरंजन सेक्टर मा 9 सहरो मा 14 अधिकृत विश्व कोशल भारत प्रशिक्षण केंदर स्थापित करवा नी ओजना ना बारा मा पूरी वताडी |
"""The official match jersey of Delhi Capitals will have'Thank You COVID Warriors'written on it and will be worn by the team throughout the season,"" the Delhi team said in a statement.","दिल्ली टीम ने एक बयान में कहा, ‘‘दिल्ली कैपिटल्स की आधिकारिक मैच जर्सी पर ‘थैंक्यू कोविड वारियर्स’ लिखा होगा और पूरे सत्र में टीम यही जर्सी पहनेगी।",दिल्‍ली टीम मी एक बयान मा केदू श्श्दिल्‍ली केपिटल्‍स नी आधिकारिक मेच जर्सी उपर श्श्थैक्‍यू कोविड वारियर्स लिख्‍यू ओहे अने पूरा सत्र मां टीम ये जर्सी पेहरहे।
"In addition, various images are presented in thumbnails to give more information about the file, such as a picture frame around an image file, or a filmstrip on a video file.","इसके अलावा, फ़ाइल के बारे में अधिक जानकारी देने के लिए विभिन्न छवियों को थंबनेल में प्रस्तुत किया जाता है, जैसे कि एक छवि फ़ाइल के चारों ओर एक तस्वीर फ्रेम, या एक वीडियो फ़ाइल पर एक फिल्मस्ट्रिप.",इना अलावा फाइल ना बारा मा वदू जानकारी आलवा हरू अलग अलग छवियू नू थबनेल मा उपलब्ध करावी जाय से जैवू कि एक छवि फाईल नी चारू तरफ एक फोटे फेम या एक विडियो फाईल पर एक फिल्म स्टिप
"During his visit to India, Prime Minister Dr. Joseph Muscat will attend the Vibrant Gujarat Summit 2019 and hold a meeting with the Chief Minister of Gujarat.",अपनी भारत यात्रा के दौरान प्रधानमंत्री डॉ. जोसेफ मस्कट वाइब्रेंट गुजरात सम्मेलन 2019 में शामिल होंगे तथा गुजरात के मुख्यमंत्री के साथ बैठक करेंगे।,आपडा भारत आवा ना दौरान बाद मा प्रधानमंत्री डॉ जोसेफ मस्कट वाईब्रेंट गुजरात सम्मेलन मेलो 2019 मा भेलो थावनों से अने गुजरात नों मुख्यमंत्री नी हाते बठक कर करवनों से।
Wait for some time.,थोड़ी देर इंतजार करो।,थोडीक वार वात जो जो ।
"Given the government's emphasis on cashless transactions through mobile phones, the course content will also focus on digital wallets, mobile banking, Unified Payments Interface (UPI), Unstructured Supplementary Service Data (USSD), and Aadhaar Enabled Payment System (AEPS), among others.","मोबाइल फोन के जरिये नकदी रहित लेनदेन पर सरकार के जोर को देखते हुए पाठ्यक्रम सामग्री में भी डिजिटल वॉलेट, मोबाइल बैंकिंग, यूनिफाइड पेमेंट्स इंटरफेस (यूपीआई), अनस्‍ट्रक्‍चर्ड सप्लिमेंट्री सर्विस डेटा (यूएसएसडी) और आधार समर्थ भुगतान प्रणाली (एईपीएस) आदि पर जोर दिया जाएगा।","मोबाईल फोन थी रूपया ना लेण देण पर सरकार ना जोर ने देखता जय पाठयक्रम ना समान मा भी डिटीटल वालेट, मोबाईल बैंकिग यूनिफाईड पेमेंट इंटरफेस अनस्‍टक्‍चर्ड सप्‍लीमेंट्री सर्विस डाटा अने आधार समर्थ भूगतान प्रणाली पर वदारे जोर आलवो जोवे ।"
He built the city of Bhopal.,भोपाल शहर का निर्माण उन्होंने किया।,भोपाल सेहरो ने तीनायी बनायो
The Prime Minister said that Swami Vivekananda believed that our well-being lies in the development of India.,प्रधानमंत्री ने कहा कि स्वामी विवेकानंद का विश्वास था कि हमारा कल्याण भारत के विकास में निहित है।,तिन्‍हुंनों भरोहो हतो कि काव्‍य उपदेश हारूं नीं होय से।
"Non-financial institutions have raised Rs 45,000 crore through corporate bonds and private placements in just four months, indicating a broad base of financing.","गैर-वित्तीय संस्थाओं ने चार महीनों में ही कॉरपोरेट बॉन्ड और प्राइवेट प्लेसमेंट के जरिए 45 हजार करोड़ रुपए का निवेश जुटाया है, जिससे वित्तपोषण का व्यापक आधार दर्शाता है।","गैर-वित्तीय संस्थाओं ये 4 मईना मां ज कॉरपोरेट बॉन्ड अने  प्राइवेट प्लेसमेंट ने जरिए 45 हजार करोड़ रुपया नो निवेश भेळो करयो से, जिनथी वित्तपोषण नो मोटो आधार वताडे से।"
The ants run away.,चीटियॉं दौड़ी जाती हैं।,किडिया दौडी जाय छे
And I believe that there is a need to attract the younger generation of the country not only to faith but also to its scientific methods.,और मुझे विश्‍वास है कि सिर्फ आस्‍था तक सीमित न रहते हुए उसके वैज्ञानिक तौरतरीकों की तरफ भी देश की युवा पीढ़ी को आकर्षित करने की आवश्‍यकता है।,अन मन भरोहो से की खाली आस्‍था बहुदी काम नी रेतां जाईए तिहुंना विज्ञानिक तोर तरीकां नी तरु पण देश नां जुवानु नी पीढ़ी घणीं लावा नी जरूर से।
The temple was demolished by the Mughal emperor Babur in the 16th century and a mosque was built in its place.,इस मंदिर को 16वीं सदी में मुग़ल सम्राट बाबर द्वारा ध्वस्त कर दिया गया था और उसके स्थान पर एक मस्जिद बनाई गई थी।,इना मोंदीर काजे १६ वी सोदी मा मुगल राजे बाबर तुडी नाखलो ना तिनर जोगह पर एक मोस्जिद बोणाया नाखली
Laterite soils are formed in tropical regions with heavy rainfall.,भारी वर्षा वाले उष्णकटिबंधीय क्षेत्रों में लेटराइट मिट्टी बनती है।,भारी पाणी वाळा उष्णकटीबंधिय क्षेतर में लेटराइट गारो वणे से।
Don't force your partner to make a purchase you can't afford.,अपने साथी को ऐसी खरीदारी करने के लिए मजबूर न करें जिसे आप खरीद नहीं सकते हैं।,आपडा हांती ऐवा लेणदेण करवा हांरू दबाव नी करे तिने आपु ली नी सकयी से।
"He also called for the creation of more online dictionaries, encyclopedias, glossaries, research articles, and searchable databases in all Indian languages.","उन्होंने सभी भारतीय भाषाओं में अधिक से अधिक ऑन लाइन शब्दकोश, इनसाइक्लोपीडिया, ग्लोसरी, शोध लेख और खोज किए जाने वाले डाटा बेस का सृजन करने की भी अपील की।",तिहुई बद्दी भारत में भाषाओं में वधु थिवधु ऑनलैंड शब्दकोश इन साइक्लोपीडिया ग्लोसरी जोवाना लेख जोवेला जांवाड़ा डाटाबेस ने वदार्य करवानी पड़ बात करीब
It is the world's first Indian world cruise ship with an all-female crew.,"विश्‍व का यह पहला भारतीय विश्‍व जल यात्रा पोत है, जिसकी सभी क्रू-सदस्‍य महिलाएं हैं।",दनिया नो पेलखो भारतीय दनिया विश्व यात्रा पोत जिनी हंगळां कु्र सदस्य बयीरां है।
The newly elected president has broken the agreement signed by the former president and the Tamil Tiger rebels will have to split the aid between the two.,नवनिर्वाचित राष्ट्रपति ने पूर्व राष्ट्रपति द्वारा हस्ताक्षरित समझौते को तोड़ दिया है और तमिल टाइगर विद्रोहियों को दोनों के बीच सहायता को विभाजित करना होगा।,हमणें जितवा वालों राष्टपति अन पेलखा ना राष्टपति यी दसखत वाला समझौता ने तौड देदो अन तमिल टायगर लडावा वालों बेहु नी वसमा सहायता नें वाटवा पडहैं।
"Dattimal focuses on Gandharva music and discusses sargam, defining a tonal framework called grama in terms of intervals consisting of 22 subtle danas with an octave.",दत्तीमल गंधर्व संगीत पर केंद्रित है और सरगम पर चर्चा करता है जिसमें एक सप्तक वाले 22 सूक्ष्म दान वाला अंतराल के संदर्भ में ग्राम नामक  एक तानवाला ढांचे को परिभाषित किया गया है।,दत्तिमल गंधर्व संगीत कलाकार वण केद्रित तिना हारू देखवा हारू मन बणायो से अने सरगम पर वात करी से जिनामा एक सप्तक वाला 22 सूक्ष्म तानवाला अन्तराल ना संदेश गावडा मा एक नानवाला टायो का परीभाशिक करीयो से।
"Under ""Digital India,"" the success of ""UPI"" has raised India to global technological standards, leading other countries to focus on its potential.","“डिजिटल इंडिया” के अंतर्गत, “UPI” की सफलता ने भारत को वैश्विक तकनीकी मानकों पर खड़ा किया है, जिससे अन्य देशों ने भी इसकी संभावनाओं पर ध्यान केंद्रित किया है।","डिजिटल इंडिया थी यूपीआईं योजनां मां खास सफलता नें बढावों से, जिनांथी बीजां काम बी इनांन बढावा पर ध्‍यान दी रयां से।"
"Madhya Pradesh Chief Minister Shivraj Singh Chouhan, Union minister Narendra Singh Tomar, BJP's Rajya Sabha member Jyotiraditya Scindia, state BJP chief V D Sharma, and former chief minister Uma Bharti were BJP's prominent campaigners.","प्रदेश के कैबिनेट मंत्री प्रद्युम्‍न सिंह तोमर के मुताबिक प्रदेश के मुखिया शिवराज सिंह चौहान, केंद्रीय मंत्री नरेंद्र सिंह तोमर, बीजेपी प्रदेश अध्यक्ष वीडी शर्मा कार्यक्रम में शामिल होंगे.",प्रदेश न केबिनेट मंत्री प्रद्युम्नसिंह तोमर ना हवाला थी प्रदेश ना मुखिया शिवराजसिंह चैहान केन्द्रीय मंत्री नरेन्द्रसिह तोतर बीजेपी प्रदेश अध्यक्ष वी.डी. शर्मा इना कार्यøम मा आवहे।
"The Ministry of Tourism has launched the Nirmal Bharat Abhiyan to make all sections of the society aware of the importance of cleanliness and hygiene in public places, especially monuments and tourist places.","पर्यटन मंत्रालय ने सार्वजनिक स्‍थानों, विशेषकर स्‍मारकों तथा पर्यटक स्‍थलों पर सफाई तथा स्‍वच्‍छता के महत्‍व के बारे में समाज के सभी वर्गों को जागरूक करने के लिए निर्मल भारत अभियान की शुरूआत की है।",यात्रा व्यापार नु मंत्रालय बदा हरु स्थान खास पूर्तियों यानि यात्रा व्यापार साफ रखवानु ताजा भारत अभियान शुरू थाएला द्य
"Kothari, his son and wife were also questioned by the CBI.","सीबीआई ने कोठारी, उनके बेटे और पत्नी से भी पूछताछ की थी।",सीबीआई यें कोठारी तिनांना सोरा अने बयेर ही पण पूसतास करी ।
"Referring to the huge energy requirements in the country, Dr Jitendra Singh said, India is hopeful of promoting the production of nuclear energy on a large scale and the two countries can work jointly to achieve this goal.",देश में ऊर्जा की व्‍यापक आवश्‍यकताओं का उल्‍लेख करते हुए डॉ. जितेंद्र सिंह ने कहा कि भारत बड़े पैमाने पर परमाणु ऊर्जा के उत्पादन को बढ़ावा देने के प्रति आशान्वित है और दोनों देश इस लक्ष्य को हासिल करने के लिए संयुक्त रूप से काम कर सकते हैं।,देह नी ताकत नी व्यापक जरूरत नु लेख करवा नी हारू डॉ.राजेन्द्रसिंह ही केदु की भारत मोटा पेमाने पर परमाणु उरजा नी उत्पादन ताकत बढावा हारू आशान्वित से। अने बेहे देह इना लक्ष्य ने हासिल करवा हारू संयुक्त काम करी सके से।
"The mood of life you are in, the resolutions you are striving to achieve,","जीवन की जिस भाव अवस्था में आप हैं, जिन संकल्पों को सिद्ध करने के लिए आप प्रयासरत हैं,",जीवन नी जिना भाव अवस्‍था मा तमु से जिना संकल्‍पो ने सिध्‍द करवा हारु तमु प्रयासरत से।
But no one sees the sacrifice of our players.,लेकिन किसी को भी हमारे खिलाड़ियों की कुर्बानी नजर नहीं आती।,आज हमारा देहा ना रमावा वाला सोरा सोरीनी देखवा मा नजर नी आवे।
An Air India Express spokesperson said four of its pilots have been taken off the roster as per the DGCA directive.,एअर इंडिया एक्सप्रेस के प्रवक्ता ने बताया कि डीजीसीए के निर्देशानुसार उसके चार पायलटों को फिलहाल रोस्टर (ड्यूटी) से बाहर कर दिया गया है।,एअर इंडिया एक्सप्रेस ना प्रवक्ता हीं वताड़यु कि डीजीएस ना निर्देशानुसार तिना स्यार पायलटों ने फिलहाल रोस्टर ( ड्युटी ) थी बाहेर करी दीदा ग्या से ।
"Since then, he has posted hundreds of videos. His effort stands out for many reasons, especially because it gives people living in cities an opportunity to see the lifestyle they are used to.",तब से वे सैकड़ों video post कर चुके हैं। उनका यह प्रयास कई कारणों से सबसे अलग है। खासकर इसलिए कि इससे शहरों में रहने वाले लोगों को वो जीवनशैली देखने का अवसर मिलता है,जदी ही वी सैकडों Video Post करी सक्या है। बणुनो यो प्रयास कई कारणो थी सबही अलग है। खासकर इना हणु के इनही शहरों मा रेवा वाला लोगो ने वे जीवन शैली देखवा नो अवसर मल्यों है।
"Make any remaining vegetables from tomorrow, but don't make eggplants.","कल से बाकी कोई भी सब्ज़ी बनाना, लेकिन बैंगन मत बनाना ।","हवेर थी बाकी कहनी बी सब्जी बणावजो, पण रिंगणा मती बणावजो।"
"Also, Juhi never received a copy of the allegedly copied script.","इसके अलावा, जूही को कभी भी कथित रूप से कॉपी की गई स्क्रिप्ट की प्रतिलिपि नहीं मिली।",इनक अलावा जूही ने कदी पण केवा ना रूप् मां नकल करेली स्क्रिप्ट नी प्रतिलिपी नी मली ।
"Good morning, everybody.","सुप्रभात, सभी.",सुपरबात बदा ।
And the world should take inspiration from you and this solar energy campaign should go from house to house.,और दुनिया आप में से प्रेरणा ले और ये solar energy का अभियान घर-घर चले,अन दनिया आप माहती सीके अन ई सोलर एग्री ना अभियान घेर घेर साले ।
Please don't cry.,कृपया रो मत।,ए रडे मति।
"Whatever happens to you in the unfortunate event, you want your family to be safe during a recession.","दुर्भाग्यपूर्ण घटना में आपको कुछ भी हो जाता है, आप चाहते हैं कि आपका परिवार मंदी के दौरान सुरक्षित रहे।","दुर्भाग्यपूर्ण घटना मा आपुन कई पण थई जाए है, तमु चाहो है कि तमारा परिवार मंदी ना दौरान सुरक्षित है।"
"In our country, these 10 crore citizens mean 10 crore families.",हमारे देश में ये 10 करोड़ नागरिक मतलब कि 10 करोड़ परिवार हैं।,आपडा देह में यो 10 करोड़ मनाख इनो मतलब  10 करोड़ परिवार से।
"Thus, girls became equipped to spin, weave, and cook, and to perform general housekeeping, conduct business, and handle real estate deals.","अतः लड़कियाँ सूत कातने, बुनाई करने, और खाना पकाने, तथा सामान्य गृहप्रबन्ध करने, व्यवसाय करने, साथ ही भू - सम्पत्ति सौदे सम्भालने के लिए सज्जित हो जाती थीं ।","ऐतरे सोरियों सूत कापवा, बुनाई करवा, अने खावानु बणावा, अने सामान्य गृहप्रबन्ध करवा, व्यवसाय करवा, हाते ही भू - सम्पत्ति हौदा हमाळवा हारू सज्जित थई जाय से ।"
"The IAS officers met the Minister of State (Independent Charge) Development of North Eastern Region (DoNER), MoS PMO, Personnel, Public Grievances & Pensions, Atomic Energy and Space, Dr Jitendra Singh as representatives of the Indian Civil and Administrative Services (Central) Association to discuss various issues of working conditions in the civil services.","भारतीय प्रशासनिक सेवा के अधिकारियों ने 'भारतीय नागरिक और प्रशासनिक सेवा (केंद्रीय) एसोसिएशन' के प्रतिनिधि के तौर पर पूर्वोत्‍तर क्षेत्र विकास (स्‍वतंत्र प्रभार), प्रधानमंत्री कार्यालय, कार्मिक, जन शिकायत और पेंशन, परमाणु ऊर्जा और अंतरिक्ष विभाग राज्‍य मंत्री डॉ. जितेंद्र सिंह से मुलाकात कर प्रशासनिक सेवाओं में कार्य स्थितियों के विभिन्‍न मुद्दों पर चर्चा की।",भारतीय प्रशासनि सेवा ना अधिकारीयों भात ना मनख अने राज नी सेवा केन्द्रीय मंत्री एसोसिएशन ना परतिनिधि ना तोर पर उगमणा अन पूरी जगा मा स्वतंत्र प्रभार  परधानमंतरी कारयलय राज मंतरी डॉ. जितेन्द्र सिह यी मलिन सरकार नी सेवाओं ना काम ना स्थ्तियु ना घणी तरे ना मुददा पर सुरक्षा करी ।
The Prime Minister also had the opportunity to interact with eleven South American leaders during the meeting hosted by BRICS and President Rousseff of Brazil.,प्रधानमंत्री को ब्रि‍क्‍स और ब्राजील के राष्‍ट्रपति रोसेफ द्वारा आयोजि‍त बैठक के दरम्‍यान ग्‍यारह दक्षि‍ण अमेरि‍की नेताओं से बातचीत करने का अवसर भी मि‍ला।,प्रधानमंत्री ने ब्रिक्स अने ब्राजिल ना राष्ट्रपति रोसेफ द्वारा करेली बैठक ना दरम्यान इग्यारे दक्षिण अमेरिका नेताओं थी वातचित करवानों अवसर भी मलीयों ।
"The objective of the MoU is to collaborate in areas of mutual interest in the field of medicine, biological sciences and health research.","इस एमओयू का उद्देश्‍य चिकित्‍सा, जैविक विज्ञान और स्‍वास्‍थ्‍य अनुसंधान क्षेत्र में आपसी हित के क्षेत्रों में सहयोग करना है।","ऐनां एमओयू नो मतलब इलाज, जैविक विज्ञान अने स्वास्थ्य अनुसंधान इलाको मां आपडा हित न इलाकों मां मदद करवानु है।"
Prime Minister's address in the 92nd Episode of Mann Ki Baat Mara Pyara Deshvasiyon Namaskar August Na Ina Maah Maa Tayara Badaana Patraon Khabariyo Ane Ne Maa Karigomay Karo De Do Se Mane Evo Kade Hi Patra Malyo Ohe Jina Par Tiranga Na Ohe Tha Tange Ane Azadi Thi Judeli Baat Na Ohe Poria Ne Yuvaon Sathiyon Ter Amrat Mahotsav Ghanu Asal Asal Chitra Aur Kalakari Pan Vanavi Ne Bheji Se Azadi Na Ina Maina Humara Desh Vaare Maa Amrat Mahotsav Ni Amratdhara Wohi Se Amrat Dhara Hi Se Amrat Mahotsav and Swatantata Ane Divas Na Khas Maa On This Special Occasion Humuyi Desh Ni Aak Sathi Shakti Na Darshan Kar Se Ek Mann Ki Anubhav Se Itra Mota Desh Etri Vividhra Bhawani Phir Bhi Ek Bhawana Maa Maa Maa Bhakti Maa Maa Maa When we look at the Bhakti Mahotsav,मन की बात  की 92 वी कड़ी में प्रधानमंत्री के सम्बोधन  मारा प्यारा देश वासियों नमस्कार अगस्त न इना महिना  माँ तयारा बदाना पत्रों खबरयो अने ने मारा कार्यलय में तिरंगोमय करी दे दो से मने एवो कदी ही कोई पत्र मल्यो ओहे जीना  पर तिरंगा न ओहे था तिंरगे अने आजदी थी जुदेली बात न ओहे पोरिया ने युवाओ साथीयों ने तेर अम्रत  महोत्सव पर घनु असल असल चित्र अने कलाकरी पन वनावि ने मोकली से आजदी  न इना मइना या हमारा  पूरा देश या हर शहर  हर गामड़े माँ अम्रत महौत्सव नि अम्रतधरा वही री से  अम्रत महोत्सव नि अम्रत धरा  वही  री से अम्रत महोत्सव अने स्वतंत्ता  अने दिवस न इना खास  मोका पर हमुयी देश नि अक साथी ताकत न दर्शन करया से अक मन नि अनुभूति से इतरा मोटा देश एतरी  विविधता फेर भी अक ही भावना माँ बहता देखाया नि आकी तेर हर कोई एक ही रखवालो वनीं लोग जीवे अगला आया हमुने स्व्चता  अभियान अने वेक्सिन  अभियान नि वखल देश नि देखली अम्रत महौत्सव  माँ हमुन फेट देश भक्ति नो तेवो ही जब्बो देखता मली रयो से,मारा प्यारा देश वासियों नमस्कार अगस्त न इना महिना  माँ तमारा बदाना पत्रों खबरयो अने ने मारा कार्यलय में तिरंगोमय करी दे दो से मने एवो कदी ही कोई पत्र मल्यो ओहे जीना  पर तिरंगा न ओहे था तिंरगे अने आजदी थी जुदेली बात न ओहे पोरिया ने युवाओ साथीयों ने तेर अम्रत  महोत्सव पर घनु असल असल चित्र अने कलाकरी पन वनावि ने मोकली से आजदी  न इना मइना या हमारा  पूरा देश या हर शहर  हर गामड़े माँ अम्रत महौत्सव नि अम्रतधरा वही री से  अम्रत महोत्सव नि अम्रत धरा  वही  री से अम्रत महोत्सव अने स्वतंत्ता  अने दिवस न इना खास  मोका पर हमुयी देश नि अक साथी ताकत न दर्शन करया से अक मन नि अनुभूति से इतरा मोटा देश एतरी  विविधता फेर भी अक ही भावना माँ बहता देखाया नि आकी तेर हर कोई एक ही रखवालो वनीं लोग जीवे अगला आया हमुने स्व्चता  अभियान अने वेक्सिन  अभियान नि वखल देश नि देखली अम्रत महौत्सव  माँ हमुन फेट देश भक्ति नो तेवो ही जब्बो देखता मली रयो से
"In this, he used the folk theatre of Yakshagana.",इसमें उन्होंने यक्षगान के लोक रंगमंच का उपयोग किया।,इनमा तिनोहे मखा वाला प्राणियो नो गीत ना लो रंग शाला नो उपयोग करयो।
"Under the'Swachh Bharat Mission ', we have launched several schemes to spread awareness about cleanliness and make every citizen adopt hygiene habits.","“‘स्वच्छ भारत मिशन’ के अंतर्गत, हम ने स्वच्छता के प्रति जागरूकता फैलाने और हर नागरिक को स्वच्छता की आदतों को अपनाने के लिए कई योजनाएं शुरू की हैं।”।",स्‍वच्‍छ भारत मिशन थी हमुंनें स्‍वच्‍छतां नां प्रति जागरूकता फैलाडवी अनें हर नागरिकों नी स्‍वच्‍छता नी आदतों नों अपनाडवां हारूं योजनां लागूं करी से।
Union Minister for Tribal Affairs Shri Arjun Munda will launch two Centres of Excellence for the welfare of tribal communities in collaboration with the Ministry of Tribal Affairs and Art of Living through video conferencing here tomorrow,जनजातीय मामलों के केन्‍द्रीय मंत्री श्री अर्जुन मुंडा कल यहां वीडियो कॉन्‍फ्रेंसिंग के माध्‍यम से जनजातीय कार्य मंत्रालय और आर्ट ऑफ लिविंग के सहयोग से जनजातीय वर्गों के कल्‍याण के लिए दो उत्‍कृष्‍टता केन्‍द्रों की शुरुआत करेंगे,जनजातीय मामलों ना केन्द्रीय मंतरी श्री अर्जुन मुंडा ये काल वीडीयो कान्फ्रेन्स ना माध्यम थी जनजातीय कार्य मंतरालय अने आर्ट ऑफ लिविन्ग नी मदद हीं जनजातीय वर्गो ना कल्याण हारू बे खास केन्द्रो नी सरूआत करी।
"Today in India, it is clearly seen that many changes are being made by 140 crore countrymen. We have seen a direct example of this in this festive season.",आज भारत में यह स्पष्ट रूप से देखा जा रहा है कि कई परिवर्तन 140 करोड़ देशवासियों द्वारा किए जा रहे हैं। हमने इसका सीधा उदाहरण इस त्योहार के मौसम में देखा है।,"आजे भारत मा यु असळ तरेह थी भळाईरुसे के 140 करोड़ लोकुन थी छणु बदळाव करियु जाईर्यु से,हमुये इनु हिदु केवतु इबा तेवार ना मोसमा मा देख्यु से |"
"Emphasis is being laid on changing the mindset of people at the grass root level by training them, sensitising and making them aware and through community mobilisation.","बुनियादी स्तर पर लोगों को प्रशिक्षण देकर, संवेदनशील और जागरूक बनाकर तथा सामुदायिक एकजुटता के माध्यम से उनकी सोच को बदलने पर जोर दिया जा रहा है।","पेलखां स्तर पर मनखों ने ट्रेनिंग आलीन, संवेदनशील अने बदलवा ऊपर जोर आली - रा से ।"
He appealed to the people for cleanliness and fight against corruption in India.,उन्होंने लोगों से भारत में स्वच्छता और भ्रष्टाचार के खिलाफ लड़ाई की अपील की।,तिन्हुये लोकुन थी भारत मां सफाई अने ठगोरा खाउगडिया ना खिलाफ लडई नी अरज करि ।
I myself am going to elaborate on that day and I am not going to be without connecting you.,मैं खुद उस दिन विस्तार से विषय में बताने वाला हूँ और आपको जोड़े बिना रहने वाला नहीं हूँ।,हूं खुद इन दन घणी लांबा विषय मां वताड वाणों नो से अन आपुन जोड़े वीना रेवा वालो नत्थी से|
He claimed that many patients were dying due to lack of oxygen cylinders.,उन्होंने दावा किया कि ऑक्सीजन सिलेंडर की कमी से कई मरीजों की मौत हो रही है।,तिहूयें दावो करयो कि ऑक्सीजन सिलेंडर नी कमी थी घणा मांदा मनखू नी मौत थाई गी।
They cooperated in economic matters by relying on cooperative companies (ta'avani) in the area of partnership.,उन्होंने साझेदारी के क्षेत्र में सहकारी कंपनियों (ता'आवनी) पर विश्वास रखकर आर्थिक मामलों में सहयोग किया।,तिनायी मळीन तिनानी भागीदारी ना एरया मां सरकारी कम् पनीयो ताआवानी पर भरोहो राखी ने रूप्या ना मामला मां मदत करी।
"The Minister of Rural Development, Shri Jairam Ramesh has said that the'Himayat'scheme was launched in Jammu and Kashmir in 2011.",ग्रामीण विकास मंत्री श्री जयराम रमेश ने कहा है कि 2011 में जम्‍मू-कश्‍मीर में 'हिमायत' योजना शुरू की गई थी।,ग्रामीण विकास मंत्री श्री जयराम रमेश ने कहा से।कि 2011 में जम्‍मू-कश्‍मीर में 'हिमायत' योजना शुरू की। गई थी।
"In academics, there are laboratories for physics, chemistry, biology, computer science, and home science.","शिक्षाविदों में, भौतिकी, रसायन विज्ञान, जीव विज्ञान, संगणक विज्ञान और गृह विज्ञान के लिए प्रयोगशालाएं हैं।",शिक्षा विदो मा भौतिकी रसायन विज्ञान जीव विज्ञान संगणक विज्ञान अनी गृह विज्ञान नी हारू प्रयोगशालाएं से।
Road connectivity in rural areas is now 90%.,ग्रामीण क्षेत्रों में सड़क कनेक्टिविटी अब 90 प्रतिशत हो गई है।,गामडा ना इलाका मा सडक्‍यो ने एक बिजा थी जोडी नाखीयो हाऊ 90 फीसदी थाई ग्‍यो से।
How are you?,आप कैसे हो।,तमु किकम् से।
"The Hindu god Krishna appears as a lively character in this story, helping an orphan boy named Krishna.","हिंदू भगवान कृष्ण इस कहानी में एक जीवंत चरित्र के रूप में दिखाई देते हैं, जो कृष्ण नामक एक अनाथ लड़के की मदद करते हैं।",हिन्दू भगवान क्रिष्ण इनी कहानी मा एक जीवता जीवन नी जीवंत असल रूप मा देखाई देतेली से त्यों क्रिष्ण नामक एक वगर आय बा ना अंनाथ सोरा नी मदत करी से !
"A variety of crops were grown, including food crops such as wheat, rice, and barley, and non-food cash crops such as cotton, indigo, and opium.","विभिन्न प्रकार की फसलें उगाई जाती थीं, जिनमें गेहूँ , चावल और जौ जैसी खाद्य फसलें और कपास, नील और अफ़ीम जैसी गैर-खाद्य नकदी फसलें शामिल थीं।","घणा तरेनी  फसल उगाडी जातेली, जिनमा गम , चोका अने जौ जैवी खावा नी फसल अने कपा, सीतरा नो रंग अने अफ़ीम जैवी बिना खावा वाळी नकदी फसल भैळी हती।"
Ajatashatru annexed Kashi and ruled over smaller kingdoms.,अजातशत्रु ने काशी को अधिकृत किया और छोटे राज्यों पर शासन किया।,अजातसत्रु ना कासी नो अधिकृत करयों अन नाना राज्यों पर सासन करयों ।
There are many Jain sculptures and relics on the Sun Mountain in the Goalpara district of Assam.,असम के गोलपारा जिले में सूर्य पहाड़ पर कई जैन मूर्तियाँ और अवशेष हैं।,असम ना गोपारा जिला मा हुरज डुगर पर घणा जैन देवता नी मुरतीयो अने हढकां से।
I had the privilege of attending the function and was privileged to be present on the occasion of the centenary celebrations.,उस साभागार में जाने का सौभाग्‍य मिला था और उस शताब्‍दी समारोह अवसर पर मुझे शरीक होने का सौभाग्‍य मिला था।,"तिनी सभागार मां जावा नों असल भाग मळयों हतों अन तिनी शताब्‍दी समारोह नां मोरवा पर मनें सरीक थावा मां हुं, कल्‍पनां करी सकूं से कि, ती नकेवा भाव दनियां नां हतां।"
"Defending champions Afghanistan, Maldives, Bhutan and Bangladesh are in Group B.","गत चैम्पियन अफगानिस्तान, मालदीव, भूटान और बांग्लादेश ग्रुप बी में हैं।","ग्या चैम्पियन अफगानिस्तान, मालदीव, भूटान अने बांग्लादेश ग्रुप बी मां से ।"
We meet for coffee sometime.,हम कुछ समय कॉफी के लिए मिलते हैं।,हमु थोडाक टीम कापी ना हारू मळही ।
"In addition, he had an innate interest in fieldwork.","इसके अलावा, उनकी फील्डवर्क में सहज रुचि थी।","इना बादमा, तिहुनी फील्डवर्क मा घणी रूचि हती l"
"Diversity of society, ideas and customs is a valuable pillar of our Constitution.","समाज, विचारों और रीति-रिवाजों का विविधता, हमारे संविधान का मूल्यवान स्तम्भ है।","समांज मां विसार अने रीति-रिवाज नो विविधता ,अमांरा संविधान नो मूल्यवान स्तम्ब से।"
How technology has made its way into villages as well.,गांवों में भी टेक्‍नोलॉजी ने कैसी अपनी जगह बनाई है।,गामु मा पणटेक्नोलॉजी ये केवी आपहु थाम बणायु से।
Finish the decoration of the turban by adding a bow or lace on the top part.,ऊपर के भाग पर एक धनुष या फीता जोड़कर मर्तबान की सजावट को समाप्त करें।,उपर ना भाग पर  एक कामठी या फीतु जोडिन मर्तबान (हाण्‍डली) नी सजावट ने खतम करे ।
He called for a change in this situation. The President also called upon teachers to imbibe a sense of discipline in students by setting examples.,उन्होंने इस स्थिति में बदलाव का आह्वान किया। राष्ट्रपति ने शिक्षकों का भी आह्वान किया कि वे उदाहरण प्रस्तुत करते हुए विद्यार्थियों में अनुशासन की भावना का समावेश करें।,"तिन्‍हुंई इनीं काहटियुं मां बदलवा हारूं बोलायां हतां, राष्ट्रपति ये मास्तरों थी तेड़ू करियु की त्या एव काम करे की सोरा असल थी, अगाड़ी बड़े अन आपणू नाम मोटुं करे।"
The Union Minister for Tribal Affairs listed the achievements of 10 years of the Ministry.,जनजातीय मामलों के केंद्रीय मंत्री ने मंत्रालय के 10 वर्ष की उपलब्धियां गिनाईं।,आदिवासी मामलों मां केन्द्रीय मंत्री हीं मंत्रालय ना10 वर्ष नी उपलब्धियों गणावी ।
He also assured the leadership of both BJP and JDU that the seats where JDU came second and NDA came third.,उन्होंने भाजपा और जेडीयू दोनों के नेतृत्व को भी आश्वस्त किया कि जिन सीटों पर जेडीयू दूसरे और एनडीए तीसरे स्थान पर आई हैं.,तिन्‍हुंई भाजपा अनें जेडीयू बेहे नां नेतृत्‍व नो बी आश्‍वस्‍त करियो कि जिनां सीटो पर जेडीयू बीजा अनें एनडीए तीसरा ठोडे आवी से।
"In Malaysia, the film grossed US $325,871 after three weekends.","मलेशिया में, फिल्म ने तीन सप्ताहांत के बाद 325,871 अमेरिकी डॉलर की कमाई की।",मलेशीया मां फिल्म ने 3 सप्ताह नि पसल 325871 अमेरिकी डाँलर नी कमाई करी !
He called for coordinated efforts from all the directorates to keep pace with the policies of the central and state government so as to achieve the set goals of the organization more effectively.,"उन्होंने केंद्र और राज्य सरकार की नीतियों के साथ समन्वय बनाये रखने के लिए सभी निदेशालयों से समन्वित प्रयासों का आह्वान किया, ताकि संगठन के निर्धारित लक्ष्यों को अधिक प्रभावी रूप से हासिल किये जा सके।","तिन्‍हुंयी केंद्र अनें राज्यों ने नेमूमा भेड़ा बहन बनावा नि हारू बदा निर्देशालयों थी, वातचीत करवानी वातकरी तैर संगठन न कणैला काम वधु रूप था सके से।"
"Major inter-state bus terminals are located at Bhopal, Indore, Gwalior, and Jabalpur.","भोपाल, इंदौर, ग्वालियर और जबलपुर में मुख्य अंतर-राज्यीय बस टर्मिनल स्थित हैं।","भोपाल, इन्‍दौर ग्‍वालियर अनें जबलपुर मां मोटो राज्‍यों नो हड्डो से।"
"Only the United States, he said, is doing the work of fighting terrorism some 7,000 miles away.","उन्होंने कहा कि केवल अमेरिका ही करीब 7,000 मील दूर आतंकवाद से लड़ने का काम कर रहा है।",तिहूये केदू कि खाली अमेरिका थी लगभग 7000 मील दूर थी। धमकाडवळा थी बाजवा नु काम कररी रया से।
"On Sardar Patel's Jayanti, we bow to him with pride and reverence for his immeasurable contribution.",सरदार पटेल की जयंती पर हम उन्हें उनके अतुलनीय योगदान के लिए गर्व और श्रद्धा के साथ नमन करते हैं।,"सरदार पटेल नी जयंती पर मनावा वाळा एकता दिवस हमू तिनाना हम यादगार करीने मदद ने याद अलाडीयी से ,"
Whatever has to happen will happen.,जो होना है हो जाए।,जे थावु होय ती थाय
"Today, we have been able to change all those systems.",आज उन सारी व्‍यवस्‍थाओं को हम बदल पाएं हैं।,आज तीनी बदी सार वारू न हमू बदली सकूूहूॅ से।
"Sampati, longing for victory, gets burnt on reaching near the sun.",सम्‍पाति जीत की चाह में सूर्य के निकट पहुँचकर जल जाता है।,सम्‍पाति जीत जाही करी न सूर्य मेरे जाइन बली गियू ।
"Together, we will build an India free of terror, communalism and casteism.",हम सब मिलकर के एक ऐसा भारत बनाएंगे जो आतंकवाद संप्रदायवाद और जातिवाद से मुक्त होगा।,"हमू हगला मलिने एवो देह बणावानु छेजो डर नो भाव ,धरम/भाषा/संस्क्रती नो भाव, जात-पात  से सुटक बारो होवे"
"In his message to the Prime Minister-elect, Mr. Baburam Bhattarai, Dr. Manmohan Singh wished him every success in the task of consolidating the democratic gains made by the people of Nepal.",निर्वाचित प्रधानमंत्री श्री बाबूराम भट्टराई के नाम अपने संदेश में डॉ. मनमोहन सिंह ने उन्‍हें नेपाल की जनता द्वारा स्‍थापित लोकतांत्रिक अभिलाभ को मजबूत बनाने के कार्य में संपूर्ण सफलता की कामना की।,निर्वाचित प्रधानमंत्री श्री बाबुराम भटटराई ने नाम आपडा हंदेहा मा डॉ. मनमोहन सिंह ये निताने नेपाल नी जनता द्वारा स्िापित लोकतांत्रिक अभिलाभ ने काठा बणावा ना काम मा हंगळी सफलता नी कामना करी।
We must serve people with disabilities.,हमें अपंग लोगों की सेवा करनी चाहिए।,हमुन लुला लंगडा नी सेवा करवी जो हे।
Changes made after becoming Chief Minister,मुख्यमंत्री बनने के बाद किये बदलाव,मुख्यमंत्री बणवा बाद करिया बदला।
"I also urge you to experience this vast India, ""Unity in Diversity"" is not just a slogan, it is a storehouse of our immense strength.","आपसे भी मेरा आग्रह है कि आप इस विशाल भारत को “विविधता में एकता” सिर्फ़ नारा नहीं, हमारी अपार-शक्ति का ये भंडार है, इसको अनुभव कीजिये।","तमारा थी पण हू कू से थी कि, तमु इना मौका भारत ना नाळी नाळी एकता मा खाली एक नारो नही हमज करो।"
"""He believed that a nation cannot progress by ignoring half its population,"" Sonia said.","सोनिया ने कहा, उनका मानना था कि अपनी आधी आबादी को अनेदखा कर कोई राष्ट्र आगे नहीं बढ़ सकता।","तिन्‍हुंनों मानवों हतो कि खाली गणेंळां लोकुं नें नी बाकि सबुंनें 'यहोवा नां मोह थी, निकळवाळां हर एक वसन पर ध्‍यान आलवा नीं जरूंरत से।"
"In Samuel Johnson's dictionary, he derived the word cricket from ""crise, Saxon, stick.""","सैमुअल जॉनसन के शब्दकोश में, उन्होंने ""क्राइस, सैक्सन, छड़ी"" से क्रिकेट शब्द प्राप्त किया।",सैमुअल जॉनसन ना शब्दो कोश मा तीहूंयी क्राइस टुकड़ो नानी लाकड़ी थी किरकेट शब्द मिळयो से ।
Every government has also made small promises. promises have also been made but the problem has not been solved.,हर सरकारों ने छोटे-मोटे वचन भी दिए हैं. वादे भी किए हैं लेकिन समस्या का समाधान नहीं हुआ है।,घणी सरकारो ने नाना मोटा वचन आलीया से वादा पण करीया पण समस्या नी उखेल नहीं थई से ।
"""Don't we tell people where our families are and where our children study?"" he asked.","उन्होंने पूछा, """"क्या हम लोगों को यह नहीं बताते हैं कि हमारा परिवार कहां हैं और हमारे बच्चे कहां पढ़ते हैं?""",तिनायी पूछू कि केम हमू मनखू नो यू नथी वाताडियी से कि आपडा परिवार कई से अने आपडा पोरियाँ भणवाना से ।
This proves that India is rapidly adopting best practices in the regular framework for Ease of Doing Business on all fronts.,इससे यह साबित होता है कि सभी मोर्चों पर इज़ ऑफ डूइंग बिजनेस के लिए नियमित ढांचे में भारत सर्वश्रेष्‍ठ प्रक्रियाओं को तेजी से अपना रहा है।,तिन्‍ही ये मालूम पडे की हगला समूहो व्‍यापार धन्‍धा मा रोजाना चलाडवा नो तरीको तैयार करवा मा भारत सबथी ताजी प्रक्रिया मा सब ही अगाडी रयो छे।
"He received 89,013 thousand votes, while Madhusudanan received 48,306 votes.","उन्हें 89,013 हजार वोट मिले, जबकि मधुसूदनन को 48,306 वोट मिले।","तीहुने ने 89,013 हजार वोट मलया,जबकि मधुसूदनन ने 48,306 वोट मलया ।"
Jaitley said the dollar has strengthened against almost all currencies.,जेटली ने कहा कि डॉलर लगभग सभी मुद्राओं की तुलना में मजबूत हुआ है.,जेटली ये केदु के डॉलर कम ही कम हंगली मुद्राओ करता मजबूत थाया हे
"In Kalaburagi, Karnataka, the Prime Minister unveiled a plaque and dedicated to the nation, the ESIC Hospital and Medical College in Bengaluru.",कर्नाटक के कलबुर्गी में प्रधानमंत्री ने एक पट्टिका का अनावरण करते हुए बेंगलुरू स्थित ईएसआईसी अस्पताल एवं मेडिकल कॉलेज राष्ट्र को समर्पित किया।,कर्नाटक ना कलबुर्गी मां प्रधानमंत्री ही एक पटिटका नों अनावरण करता जाये न बेंगलुरू नो इएसइसी दवाखानु अने मेडिकल कालेज देश ना सुपरत करयु।
He says that the ruler sometimes went out of the palace to hunt.,उसका कहना है कि शासक कभी - कभी शिकार खेलने के लिये राजभवन से बाहर निकला करता था ।,तीहुनी केवु से। की। राजा कदी.कदी शिकार रमवा हारू राज भवन ही बाहरता निकळी जातेला।
Let us broaden our thinking and pay attention to those who are not able to move forward without our help.,आइए हम अपनी सोच को व्यापक बनाएं और उन लोगों की ओर ध्यान दें जो हमारी मदद के बिना आगे नहीं बढ़ पा रहे हैं।,आवो हमू आपणी होस ने सुसल बणाई से अने मनखा उपर ध्यान देवा हारू त्या हमारी मदद लेवा नथी अगाडी बढाया से नथी स |
"Folk culture, therefore, in its traditional form, is perhaps as much in decline in Orissa as in other regions.",अतएव लोकसंस्कृति अपने परंपरागत रूप में संभवतः अन्य प्रदेशों की भांति ओड़िसा में भी ह्रासोन्मुख है।,तिने हारू लोकसंस्कृति आपड़ा परंपरागत रूप मा होयसकेते: बीजां प्रदेशों नी जेम ओड़िसा मा पण हासोन्मुख से।
"Most of the characters do not have actual human voices, but instead have gestures and robot voices, similar to the voice designed by Ben Burtt, which is similar to the voice.","अधिकांश पात्रों की आवाज वास्तविक मानव की नहीं है, बल्कि इसके बजाय भाव-भंगिमाओं और रोबोट की ध्वनियां हैं, जो आवाज के सदृश हैं, जिसे बेन बर्ट द्वारा डिजाइन किया गया है, जो आवाज़ के सदृश है।","जादातर पात्रो नी अवाज खास मनख नी  से, बाकि इनी वजा भाव-भंगिमाओं अन रोबोट नी अवाज्यो से, त्ये अवाज्यों नी सदृश से तिन बेन बर्ट नी द्वारा डिजाइन करी मेल्यो से त्ये आवाज नी सदृशय से।"
"The rebellion generated sympathy and admiration across India, including among pro-British Indian politicians.",इस विद्रोह ने ब्रिटिश समर्थक भारतीय राजनेताओं सहित पूरे भारत में सहानुभूति और प्रशंसा पैदा की।,ऐना विद्रोह मे ब्रिटिश नी हात वाला भारत ना राजनेता हाते भारत मां सहानुभूति अने प्रशंसा पैदा करी
The Prime Minister informed that the Union Government is working on a special development model for every sector.,प्रधानमंत्री ने बताया कि केंद्र सरकार हर सेक्टर के लिए विशेष विकास मॉडल पर काम कर रही है।,प्रधानमंत्री वताडियो  से केन्द्र नी सरकार हर सेक्टर हारू खास करीन वणावाना मॉडल पर काम करीरिया से।
"While hiding, he begins to think about his past hopes and dreams.","छुपते समय, वह अपनी पिछली आशाओं और सपनों के बारे में सोचना शुरू कर देता है।","हताती वखत, त्ये आपड़ी पासली आशाओं अने हमणां ना बारा मां होसवु शुरु करी दे से ।"
Kenduli is about 30 kilometres from Santiniketan.,शांतिनिकेतन से केंदुली लगभग 30 किलोमीटर की दूरी पर है ।,शान्ति निकेतन थी केदुली कम थी कम 3 किलोमीटर दूर से ।
"Of these, sesame, patchouli, mentha, and arbenis are particularly notable.","इनमें तिल , पचौली , मैन्था और अरबेनिस का नाम विशेष रूप से लिया जा सकता है ।","इनमा तल, पसौळी, मेन्था अने अरबेनिस नु नाम खास करीन ळे से।"
Innocent people sitting in the church were put to death within Sri Lanka.,चर्च में बैठे हुए निर्दोष लोगों को श्रीलंका के भीतर मौत के घाट उतार दिया गया।,सर्स मां बठा थाया निर्दोष लोकों ने श्रीलंका ना भीतर मौत ना घाट उतार दे दा।
"If the accident was your fault, it's also possible that your property could be seized to help pay for the other driver's medical bills.",यदि दुर्घटना आपकी गलती थी तो यह भी संभव है कि अन्य चालक के चिकित्सा बिलों के भुगतान में सहायता के लिए आपकी संपत्ति को जब्त किया जा सकता है।,अने एकसीडेण्‍ड थायू सी तारी गलती थी अने तो थी आवानी खबर से कि बिजा व्‍यक्ति ना अस्‍पताल मा बलो तीनी धन रूपया हारू अस्‍पताल मा सहायता ने रूपया ने भूकता करीयो से।
"Addressing a press conference in Haridwar on Sunday (May 26), Baba Ramdev said, ""India's population should not be more than 150 crore in the next 50 years because we cannot handle more than that.","रविवार (26 मई) को हरिद्वार में एक संवाददाता सम्मेलन को संबोधित करते हुए बाबा रामदेव ने कहा, “भारत की जनसंख्या अगले 50 साल में 150 करोड़ से ज्यादा नहीं होनी चाहिए क्योंकि इससे ज्यादा हम नहीं संभाल सकते हैं।",दितवार ने दन (26 मई) मां हरिदवार मां मिडिया ना मेला ने सबोधित करते लो हतो बाबो रामदेव ये केदू कि भारत नी जनसंख्या अगले वरेह 50 साल मां 150 करोड़ थी वदारे नी थावी जोहे केम की इन थी वदारे हमू नी हमाली सकयी से।
Look at the way a scientist talks.,"देखा, एक वैज्ञानिक का बात करने का तरीका कैसा होता है।","देख्यु, एक वैज्ञानिक नो वात करवा नो तरीको केवो होय से ।"
A military force under Raghunatha Rao was then sent to Gujarat.,रघुनाथ राव के नेतृत्व में एक सैन्य बल गुजरात भेजा गया इसके बाद।,रघुनाथ राव ना नेतृत्व मां एक सैन्य बल गुजरात मोकलीयु गयु इना बाद ।
Rail lines connecting Siliguri in northern Bengal to Kolkata and Assam to Chittagong were cut.,उत्तरी बंगाल में सिलीगुड़ी को कोलकाता और असम को चटगांव से जोड़ने वाली रेल लाइनें कट दी गईं।,"उत्तर बंगाल में सिलीगुड़ी ने कोलकाता अने असम ने छठ गांम थी, जोडवा वाळी रेल लाइण कापि दे दी।"
India's largest working railway model layout.,भारत का सबसे बड़ा कामकाजी रेलवे मॉडल ले आउट।,भारत नो सबथी  मोटो कामकाजी रेलवे मॉडल ले आउट।
Twipra is mentioned in the Ming Shilu as Di-wu-la.,मिंग शिलु में त्विप्रा का उल्लेख दी-वू-ला के रूप में किया गया है।,मिंग शिलु मां त्विप्रा नु उल्लेंख दी वु ला ना रूप मां करयु सें ।
"My dear countrymen, our civilization, culture and languages convey the message of unity in diversity to the entire world.","मेरे प्यारे देशवासियो, हमारी सभ्यता, संस्कृति और भाषाएं पूरे विश्व को, विविधता में, एकता का सन्देश देती हैं।","मारा प्यारा देशवासियों,हमारी सभ्यता, संस्कृति अने भाषायो पूरा विश्व ने, विविधता मां,एकता नोसंदेश आले से ।"
You can use the income-based method to split food expenses or split food expenses according to who consumes how much.,"आप आय-आधारित विधि का उपयोग कर सकते हैं कि भोजन के खर्च को विभाजित करने के लिए या कौन कितना उपभोग करता है, उसके अनुसार भोजन के खर्च को विभाजित करें।",तमु आप आ अधारित विधी कमा उपयोग करी सको कि खावेनु के खरसा ने विभाजित करवा हारू कोई केतरो उपयोग करे है तिनो अनुसार भोजन खरसा को विभाजित करे।
"In an interview to a news agency, he said it was normal for two neighbours to have differences and these should be resolved through dialogue.",एक समाचार एजेंसी को दिए गए साक्षात्कार में उन्होंने कहा कि दो पडोसियों के बीच मतभेद होना सामान्य बात है और इन्हें आपसी बातचीत से सुलझाया जाना चाहिए।,एक हमीस्यार वाला नी हमो तीने केदू की बे मेरे वाला नी वसमा खटपट थाय ये नानी वात से अने इनाने भेला थाइन वातनो खुलासों करवो जोवे।
"In 1989, there were violent riots between Buddhists and Muslims.",1989 में बौद्धों और मुसलमानों के बीच हिंसक दंगे हुए थे।,1989 मां बौद्धुन अन मुसलमानुना वसमा मारा-कूटी वाळज्ञ दंगा थाईला।
"The meeting was attended by NITI Aayog Vice Chairman Rajiv Kumar, Labour Minister Santosh Kumar Gangwar and his officials.","बैठक में नीति आयोग के उपाध्यक्ष राजीव कुमार, श्रम मंत्री संतोष कुमार गंगवार और उनके अधिकारियों ने भाग लिया.","बठक मा नीति आयोग ना उपाध्यक्ष राजीव कुमार, श्रम मंत्री सतोष कुमार गंगवार अने तिनाना साबडा यी भाग लेदा ।"
You are very bad.,तुम बहुत बुरे हो।,तमु घणो भुण्डो से।
"Khande Rao sent a letter to his generals, confirming the agreement to hand over Hyder Ali.","खांडे राव ने अपने सेनापतियों को एक पत्र भेजा, जिसमें हैदर अली को सौंपने के लिए समझौते की पुष्टि की गई थी।",खांडेराव ये आपडा सेनापतियु ने एक कागोल मोकलियु जिनमां सेदर अली ने हुपवा हारू हमजोतरा नी खुलासों करी गेलों
"Examples of such traits include Shaolinkan physical exercises that mimic all other animals or training methods inspired by ancient Chinese philosophy, religions, and legends.","इस तरह के लक्षणों के उदाहरणों में शाओलिन्कन शारीरिक अभ्यास शामिल हैं जिसमें सभी अन्य जानवरों की नकल या प्राचीन चीनी दर्शन, धर्मों और किंवदंतियों से प्रेरित प्रशिक्षण विधियां शामिल हैं।",इनी तरह ना लक्षणो ना उदाहरणो मा शाओलिन्कन शारीरिक अभ्यास भेला से जिनमा सभी अन्य जानवरो नी नकल या पुराना चीनी दर्शन धर्मो अनी किवदंतियो थी प्रेरित प्रशिक्षण विधियां भेळी से।
Another innovative idea I really liked was the Justice Clock.,एक औरinnovative idea मुझे बहुत अच्छा लगा Justice Clock का |,एक फेर nnovative idea मन यो असल लाग्‍यों तो है Justice Clock
"Perini Natyam, a dance dedicated to Lord Shiva, was quite popular during the Kakatiya Empire. The roots of this empire are still attached to Telangana.","पेरिनी नाट्यम, भगवान शिव को समर्पित एक नृत्य, काकतीय साम्राज्य के दौरान काफी लोकप्रिय था। इस साम्राज्य की जड़ें आज भी तेलंगाना से जुड़ी हैं।",पेरिनीं नाट्यम भगवान शिव नें समरपित एक नाच काकतीय राजपाठ नीं थी काफी लोकप्रिय हतां इनां राजपाठ नां जडें आज बी तेलंगाना थी जोड़ायली से।
There are several cricket grounds or grounds located across the city.,शहर भर में स्थित कई क्रिकेट ग्राउंड या मैदान हैं।,शेहर भर मा घणा क्रिकेट ना मैदान से ।
He brought animation to Tamil cinema.,उन्होंने तमिल सिनेमा में एनीमेशन लाकर दिखाया।,तिहुयी तमिल सिनेमां मां एनीमेशन लावीन देखाड़यू ।
India has adhered to the goals of the Charter and has been instrumental in the development of specific UN programmes and agencies.,भारत ने चार्टर के लक्ष्यों को पालन किया है और संयुक्त राष्ट्र के विशिष्ट कार्यक्रमों और एजेंसियों के विकास में सहायक रहा है।,भारत ना चार्टर ना लक्ष्यों नो पालन करयों  से अन संयुक्त राष्‍ट ना विसिष्ट मोसरों अन एजेंसियों ना विकास मां सहायक रयो से ।
"As far as elections are concerned, elections keep coming, there are elections to five states in the coming days.","जहां तक चुनाव का सवाल है चुनाव तो आते रहते हैं, आने वाले दिनों में पांच राज्यों के चुनाव हैं।",जहॉ तक सुणाव नो एक सवाल से सुणाव ते आवते रेहे से आवा वाला दनु मा पास देह मा सुणाव थाई से।
Aparna: - G... G. Absolutely. Absolutely sir.,Aparna :- जी… जी बिल्कुल। बिल्कुल सर।,Aparna:- जी...जी विल्कुल बिल्कुल साब
"The MoU will allow the exchange of information, expertise, best practices and technology in order to foster stability in the region in the context of India-Germany relations.","सहमति ज्ञापन से क्षेत्र में स्थिरता कायम करने के लिए सूचना, विशेषज्ञता, श्रेष्‍ठ व्‍यवहारों तथा टैक्‍नोलॉजी के आदान-प्रदान से भारत और जर्मनी के संबंधों में मंजूरी मिलेगी।","सहमति (हामी) ज्ञापन ना क्षेत्र मां मजबूती राखवा हारू खबरो, जाणकारों, असल वेवार, अने टेक्नोलॉजी नी खबरो थी भारत अने जर्मनी ना संबंधो मां मंजूरी मल्हे।"
"He then requests Dhankor Ba to consider negotiating for peace, and she invites him to celebrate Navratri with Sanedo, intending to kill him.","फिर वह धनकोर बा से शांति के लिए बातचीत पर विचार करने का अनुरोध करता है, और वह उसे मारने के इरादे से सनेड़ो के साथ नवरात्रि मनाने के लिए आमंत्रित करती है।",केर त्या धनकोर बा भी शांति हारू वातसीत उपर विस्थार करव नो निवेदन करे से अन त्यो तिन कारण ना इरादा थी सनेडा नी हाते नोरता वाकवा हारू बोलावे से।
May you be healthy and happy. Thank you very much.,आप स्वस्थ और प्रसन्न रहें। बहुत-बहुत धन्यवाद,तमो हाजा हुरा अने राजी रो । घणों-घणों धन्यवाद ।
Kumar is credited with the highest number of multi-singer and male duet hits with the finest singers of different eras.,कुमार को विभिन्न युगों के बेहतरीन गायकों के साथ सबसे अधिक बहु-गायक और पुरुष युगल हिट का श्रेय दिया जाता है।,कुमार नो अलग-अलग युगों ना  बेहतरीन गायकों ना हाते  सबथी जादा  बहु-गायक अन आदमी  युगल हिट ना श्रेय देदु जावे से।। |
"A heavy smoker but non-drinker, Ray valued work more than anything else.",अत्यधिक धूम्रपान करने वाले लेकिन शराब न पीने वाले रे ने किसी भी अन्य चीज की अपेक्षा काम को अधिक महत्व दिया।,घणा बीड़ी तम्‍बाकु खावा पिवा वाला पण दारू नी पीवा वाला रे थी कयना पण बीजी वस्‍तु नो भरोहो काम ने घणो महत्‍व आलियो से।
"There is so much happening that is strengthening the foundation of a developed India. For example, on this 23rd of August, all of us countrymen celebrated the first National Space Day.","कितना ही कुछ ऐसा हो रहा है, जो विकसित भारत की नींव मजबूत कर रहा है। जैसे, इस 23 अगस्त को ही हम सब देशवासियों ने पहला National Space Day मनाया।",जेतरु भी कई थाइरु से ते असल काम ना भारत नी नीम काठी करी रा से जेवु की इना 23 अगस्‍त नु ही हमु बदा देहवासियो यी पेलखो नेशनल स्‍पेस दन मनायो से
"While Sushil Gupta explained to Kejriwal the problems being faced by traders in Delhi, ND Gupta gave technical and legal details of the new tax system.","जहां सुशील गुप्ता ने केजरीवाल को दिल्ली में व्यापारियों द्वारा झेली जा रही दिक्कतें बतायीं, वहीं एन डी गुप्ता ने नए टैक्स सिस्टम की तकनीकी और कानूनी जानकारी दी.",जा सुशील गुप्ता यी केजरीवाल ने दिल्ली मा वेपारिया यी झेली जाई री से दिक्कत वताड़ी ता एनडी गुप्ता यी नवु टेक्स मा कम्पूटर थी अने कानूण नी जाणकारी आली।
India's ancient wisdom can also guide the world community in overcoming the global environmental crisis.,"वैश्विक पर्यावरण संकट से उबरने में भी भारत का प्राचीन ज्ञान, विश्व-समुदाय का मार्गदर्शन कर सकता है।",दनिया मां पर्यावरण नी काठी वखत मा ही निकलवा मा भारत नु जूनी जानकारीए दनिया ना समुदाय ने पथ उपर सलाडवानु वताड़ी सके  से ।
"The remainder is neither used nor managed, and causes devastating floods over many years.","शेष का न तो उपयोग किया जाता है और न ही प्रबंधन किया जाता है, और कई वर्षों से विनाशकारी बाढ़ का कारण बनता है।","बाकी वसेला नो नी ते उपयोग करे से,  अने देख रेख करी रिया से घणा वरहू थी, खतम करवा वाळी बाढ़ नू कारण वणीरियू सें।"
But now they are not ready to force their future generation to live in wait and so this first dawn of Amrit Kaal has brought us a huge golden opportunity to fulfill the aspirations of that aspirational society.,लेकिन अब वो अपनी आने वाली पीढ़ी को इंतजार में जीने के लिए मजबूर करने को तैयार नहीं हैं और इसलिए ये अमृत काल का पहला प्रभात हमें उस aspirational society के आकांक्षाओं को पूरा करने के लिए बहुत बड़ा सुनहरा अवसर लेकर के आई है।,"पुनें हाऊ ती आपड़ी अगली आवा वाळी पीढी नें वाट जोवा हारूं लासार नथ करवा हारूं तियांर से, इनी हारूं इनां अमृत काल ना पेहली परबात हमुंनें इन्‍हुंनें आसायें पुरूं करवा हारूं, हाडन मोटो मोखों मळयों सें।"
"These include Madhya Pradesh Power Distribution Company, Public Health Engineering and Food and Civil Supplies Department.","इनमें मध्यप्रदेश विद्युत वितरण कम्पनी, लोक स्वास्थ्य यांत्रिकी तथा खाद्य एवं नागरिक आपूर्ति विभाग शामिल हैं।",इनामा मध्यप्रदेश विजळी वाटवा वाळी कम्पनी स्वस्थ्य यात्रिकी अने खावा नो अने नागरिक आपूर्ति विभाग भेळा से।
Decide what is really needed and what can be cut.,यह तय करें कि वास्तव में क्या आवश्यक है और किसमें कटौती की जा सकती है।,"यो तय करों कि वास्तव मा हु जरूरी है,अने किनमा कटौतरो करी सके।"
You should pay attention to how much luggage you can carry at once.,आपको ध्यान देना चाहिए कि आप एक साथ कितना सामान ले जा सकते हैं।,तमु ने ध्यान देवो जोवे की तमु एक हाते केतरो समांन ली जाय सको से।
"""He couldn't refuse.",’ वह मना नहीं कर सकी.,ते ना नी करी सके।
Filing of claims by constituents - Claims will be filed by the MLI from the proposed fund as per the guidelines laid down by the managing committee.,उपादानों द्वारा दावे का दाखिला – प्रबंध समिति द्वारा निर्धारित मार्गनिर्देशों के अनुसार प्रस्तावित निधि से एमएलआई द्वारा दावे दाखिल किए जाएंगे।,गारेटी फिस एम एल आई थी वदु 0.75 प्रतिशत हर तीन मइना नी गांरन्टी नी फिस वसुल कर है।
I am confident that our Joint Working Group on Information Technology will meet soon to chart out a roadmap for cooperation.,मुझे भरोसा है कि सहयोग की रूपरेखा तैयार करने के लिए सूचना प्रौद्योगिकी पर हमारे संयुक्त कार्य समूह की जल्द बैठक होगी।,भारत ना प्रधप्रंधानमंत्रीयी केदूं कि एक भरोहा ना सहयोग हारूं एक रूपरेखा तैयार करवा हारूं सूसना प्रौद्योगिकी पर हमारा बदा कामू समूह ना रूप मां करवा हारूं एक बैठक थाई से।
"It was alleged that Modi paid Rs 30,000 crore to Anil Ambani in the Rafale jet deal.","मोदी ने राफेल विमान सौदे में अनिल अंबानी को 30,000 करोड़ रुपए दिए, इस पर आरोप लगाया गया।","मोदी ने राफेल विमांन होदा मां अनिल अंबानी ने 30,000 करोड़ रुपया आल्या, इन पर आरोपलगाड़यो ग्यो ।"
"If a boxer is right-handed, his left hand is the lead hand and his right hand is the rear hand.",यदि कोई दाएं हाथ का मुक्केबाज है तो उसका बाया हाथ लीड हाथ होता है और उसका दाहिना हाथ रेयर हाथ होता है।,यदि कोई दाए हाथ का मुक्केबाज होय तेरा लिना बायां हाथ लीड हे थाय से अने दाहिना हाथ रिमर हैड थाय से।
The app currently covers seven programmes of the Ministry of Rural Development.,इस ऐप में इस समय ग्रामीण विकास मंत्रालय के सात कार्यक्रमों को शामिल किया गया है।,इना एप म इनी टेम म ग्रामीण विकास मंत्रालय न हाल कार्यक्रम से।
"During COVID-19, home counselling for patients through the eSanjeevani app became very important. I counselled over 80,000 patients in 2020.","कोविड-19 के दौरान, ई-संजीवनी ऐप के माध्यम से मरीजों को घर बैठे सलाह देने का कार्य बहुत महत्वपूर्ण हो गया था। मैंने 2020 में 80,000 से अधिक मरीजों की सलाह दी थी।","कोविड-19 नी रितें ई. संजीवनी ऐव नी माध्‍यम थी मरीजों नें गैर बैठ सलाह देवा नुं काम घणों खास होई ग्‍युं से, हमुंयें 2020 मां 8000 थी वदार मरीजों नी वात वताडी हती।"
The kind of discounts that are available at duty-free stores are worth both the money and effort you put into the purchase.,"जिस तरह की छूट शुल्क-मुक्त दुकानों पर मिलती है, वह यहाँ से खरीदी चीज़ पर लगे आपके धन और प्रयास दोनों के लायक होती है।",जेबी रिले नि छुट किस माप दो कानो पर मली से त्यों ताहे खरीदने चीज पर लागे आपड़ो घन अने कोशिश काम थावेहे
"Union Home Minister Shri Amit Shah expressed gratitude to Prime Minister Shri Narendra Modi for dedicating and laying the foundation stone of 7 development projects worth Rs.541 crores related to water supply, sewerage treatment and riverfront development in Bihar","केंद्रीय गृहमंत्री श्री अमित शाह ने बिहार में जल आपूर्ति, सीवरेज ट्रीटमेंट व रिवर फ्रंट डेवलपमेंट से जुडी 541 करोड़ रूपये की 7 विकास परियोजनाओं के लोकार्पण व शिलान्यास के लिए प्रधानमंत्री श्री नरेंद्र मोदी का आभार व्यक्त किया",केन्द्रीय गृहमंत्री श्री अमित शाह 8 जुलाई 2019 मा नवी दिल्ली मा खुफिया ब्यूरो नो निवर्तमान निदेशक श्री संजीव जैन नौ सम्मानित कर तो हतो
"Gyamar ji: Modi ji, when I opened the website, the people of Arunachal had two options.","ग्यामर जी: मोदी जी, जब मैंने वेबसाइट खोली, तो अरुणाचल के लोगों के पास दो विकल्प थे।","मोदी जी, जे मी वेबसाड खोली ते अरुणाचल ना मनखों कन बे विकल्प एता ।"
"Apart from this, there was also a demand to increase the budget of Pradhan Mantri Fasal Bima Yojana, interest subsidy on agricultural loans, distribution of pulses to states / UTs for welfare schemes, but the government felt it necessary to keep the budget low.","इसके अलावा प्रधानमंत्री फसल बीमा योजना, कृषि लोन पर ब्याज सब्सिडी, कल्याणकारी योजनाओं के लिए राज्यों/केंद्रशासित प्रदेशों को दालों का वितरण का भी बजट बढ़ाने की मांग की गई थी, लेकिन सरकार ने इनका बजट कम रखना जरूरी समझा","इना अलावा प्रधानमंत्री फसल बीमा योजना, खेती लोन मा ब्याज सब्सिडी, कल्याण कारी योजनाओं हारू राज्यों/केंद्रशासित प्रदेशों ने दालों ना वाटवा नो बजट बडावा नी मांग करी से। पण, सरकारा ने इनु नो बजट खूब कम रखनो समझियो"
Now he realizes his mistake.,अब उसे अपनी गलती का एहसाह होता है।,हाव इनी गलती नी समझ पडी गी।
He is unlikely to do so.,ऐसा करना उसकी संभावना नहीं है।,ऐवू करवानु तिनी संभावना नी मळे ।
Son of Sardaar was released on 13 November 2012.,सन ऑफ सरदार 13 नवंबर 2012 को जारी हुई थी।,सन ऑफ सरदार 13 नवंबर 2012 नी चलण थायेली हुती।
Now the idea is what to do next.,अब आगे क्या करने का विचार है।,हाव अगाडी काय करनेन विचारयु
We will set up a channel - Korea Plus - to increase their investment and engagement in India.,"हम एक चैनल-कोरिया प्‍लस- स्‍थापित करेंगे, ताकि भारत में उनका निवेश और कार्य बढ़ाया जा सके।",हमु ए‍क चैनल कोरिया प्‍लस स्‍थापित करवानां से।‍ तिनाथी भारत मां तिनानों निवेश अने काम बढावी सके से।
It has also asked North Korea to refrain from such actions having a negative impact on peace and stability in the region.,उसने यह भी कहा है कि उत्तर कोरिया से वह क्षेत्र में शांति और स्थिरता पर नकारात्मक प्रभाव डालने वाली इस तरह की कार्रवाइयों से बचे।,तीनाये यू बी केदू कि उत्तर कोरिया थी त्यो इलाका मां शांति अने स्थिरता पर अस् थार नो प्रभाव। डालवा वाळी इनी तरह नी कार्रवाइयों थी वसे।
"Out of these 126, India wanted to buy 18 in flyaway condition and the rest were for jets and the rest were to be manufactured under technology transfer to Hindustan Aeronautics Limited.",इन 126 में से 18 को भारत उड़ने लायक हाल में खरीदना चाहता था और बाकी जेट्स को था और बाकी का निर्माण हिंदुस्‍तान एरोनॉटिक्‍स लिमिटेड में टेक्‍नोलॉजी ट्रांसफर के तहत किया जाना था।,इना 126 माहती 18 मा भारत उडवा हरका हाल मा मूल लेवा साहे अने बाकी जेट्रस अने बाकी जेटस ना बाकी बणावा मा एरेनॉटिक्स लिमिटेड मा टेक्नोलॉजी बदलाव ना तहत करीया जाहे ।
It shows Kumar's granddaughter Muktika Ganguly waking up in the middle of the night and in her dreams she meets her grandfather.,इसमें दिखाया गया है कि कुमार की पोती मुक्तिका गांगुली आधी रात को जागती है और अपने सपने में वह अपने दादा से मिलती है।,इनामा देखडी ग्यू कि कुमारनी पोती मुक्तिका गागुली आधी रात तक जागती अने हपना मा आपडा दादा थी मलती।
"Apart from this, the standard deduction limit has also been increased from Rs 40,000 to Rs 50,000.","इसके अलावा मानक कटौती की सीमा को भी 40,000 रुपये से बढ़ाकर 50,000 कर दिया है।","इना बाद मानक कटोती नी हिम ना बी 40,000  रुपिया थी बढ़ी करिन 50,000 कर देदा से ।"
"Better roads and government intervention have connected tribal areas to the outside world, increasing the external influence on tribal communities.",बेहतर सड़कें और सरकारी हस्तक्षेप ने आदिवासी क्षेत्रों को बाहरी दुनिया से जोड़ा। इससे आदिवासी समुदायों पर बाहरी प्रभाव बढ़ा है।,नगद फसल अन धंधो ऐ आदावासी नो वजार पर भरोसेे करीय दिया से। इन्हुई से जीवण म रूप्या म बदलाव आवे से। अन सुणीत आवी से।
I read it myself and will try to publish it in whatever time I have on August 15.,"मैं स्वयं ही उसे पढ़ता हूँ और 15 अगस्त को जितना भी समय मेरे पास है, उसमें इसको प्रगट करने का प्रयास करूँगा।","हु खुद ही इने पढु हुॅं अने 15 अगस्त ने जितरा भी समय मारे मेरा है, इनमा इनाने हाजर करवानी कोशिश करू।"
He claimed that the Prime Minister had promised Rs 15 lakh in everyone's bank account and two crore new jobs and failed to deliver.,उन्होंने दावा किया कि प्रधानमंत्री ने सभी के बैंक खाते में 15 लाख रुपये और दो करोड़ नई नौकरियां देने का वादा किया था और देने में विफल रहे।,तिन्‍हुयी दावों करियों कि प्रधानमंत्री यीं सबुंन नां बैंक खाता मां 15 लाख रूपीया अनें बै करोड नवी नौकरियों आलवा नों वादों करियों सें अनें आलवा मां पक्‍को रियों।
"Here in Delhi, that soil will be poured into a huge Bharat Kalash.",यहाँ दिल्ली में उस मिट्टी को एक विशाल भारत कलश में डाला जाएगा।,यहां दिल्ली में तिनी माटी ना एक विशाल भारत कळश मां भरयु जाहे ।
He discussed how the village could be made a hub of economic activity. I congratulate Ruwala ji for his efforts to make this village a model village.,उन्होंने इस बात पर चर्चा की कि कैसे गाँव को आर्थिक गतिविधियों का केंद्र बनाया जा सकता है। मैं रुवाला जी को इस गाँव को आदर्श ग्राम बनाने के उनके प्रयासों के लिए बधाई देता हूँ।,तीनुये इनी वातियों पर(चर्चा )वात की से की केवा गाम ने अर्थिक गतिविधियो नो केंद्र बणावु जोवे l हूं रुवाला जी ने इना गाम ने आदर्श ग्राम बणावा ने इनु नो परियास नी हारूं बधाई दूँ से l
The money that was earlier wasted due to high interest and other reasons is now being saved. About 1000 rupees are being saved every month.,"पहले जो पैसे ज्यादा ब्याज और दूसरी वजहों से बर्बाद हो जाते थे, वो अब बच रहे हैं। हर महीने करीब 1000 रुपए की बचत हो रही है।","पेला ति रुपया वदारे बियाज हु अने बीजा काम मा वापर देता था ति हेवा वसिरिया है,हर मईना मा करीब एक हजार रुपया ने वसाडीरिया है |"
"He was mentioned in Time magazine as ""The Madras Mozart.""","उन्होंने टाइम पत्रिका में ""द मद्रासी मोज़ार्ट"" के रूप में उल्लेख किया था।",तिहुई टाइम पत्रिका मां द मद्रासी मोजार्ट ना रूप मां उल्लेख करेलो।
You will need this information when writing a complaint to the company.,कंपनी को शिकायती पत्र लिखते समय आपको इस जानकारी की आवश्यकता होगी।,कंपनी नें शिकायती कागद लिखतां टैम तमुंनें इनी जाणकारी नी जरूर पड़हें।
"It was attended by over 600 officials from across the country in brain storming sessions, focused on preparing action plans and implementing PM Janman in mission mode.","इसमें देश भर के 600 से अधिक अधिकारियों ने ब्रेन स्टॉर्मिंग सत्रों में भाग लिया, जो कार्य योजना तैयार करने और मिशन मोड में पीएम जनमन को लागू करने पर केंद्रित था।",इनमा देह भर ना 600थी वदारे अधिकारीयों यी ब्रेन स्टार्टिंग कार्यक्रमों मा भाग लेदो तां कम योजना तयार करवा अन मिशन मोड मा पीएम - जनधन ने सालू करवा नु मन हतु।
He cancelled his visit in the wake of Pakistan coming out in strong support of the Kashmiri people after India revoked the special status of Jammu and Kashmir and bifurcated the state into two union territories.,जम्मू कश्मीर का विशेष दर्जा भारत द्वारा हटाए जाने और राज्य को दो केंद्र शासित प्रदेशों में बांटे जाने के बाद पाकिस्तान कश्मीरी लोगों के जबरदस्त समर्थन में उतर आया है जिसके मद्देनजर उन्होंने अपनी यह यात्रा रद्द कर दी।,जम्मू कश्मीर नो खास दर्जो भारत हींस हरकावा अने राज्य ने बे केन्द्र शासित प्रदेशों मां वाटवा बाद पाकिस्तानी कश्मीरी मनखों कने लुठायी समर्थन मां उतरी आया से जिनाने मुद्दद्देनजर तिनाये आपडी ये यात्रा रद्द करी दे दी।
He pointed out that it is impossible to rid Assam of illegal immigrants under a Congress government.,उन्होंने बताया कि कांग्रेस सरकार के रहते असम को अवैध आव्रजकों से मुक्त करना असंभव है।,तिहुयी वताडियू कि कांग्रेस सरकार ना रेहता असम ना गळत ढंग थी आव्रज़को थी सुटो करवानु कठण से।
"As the rain moved across the North Sea towards the east coast of Britain, it rained in the form of snow.","जैसे ही बारिश उत्तरी सागर में ब्रिटेन के पूर्वी तट की ओर बढ़ी, वह बर्फ के रूप में बरसी।",जेवो पाणी उत्‍तरी सागर मा ब्रिटेश ना पूर्वी तट (उबमणा घणी) बढयो त्‍ये बर्फ जोग पडी।
"Nalanda is at once futuristic, as it is dedicated to the ideal and standard of the ancient seat of learning.","नालंदा एक साथ भविष्यवादी है, क्योंकि यह प्राचीन शिक्षा स्थल के आदर्श और मानक को समर्पित है।",नालंदा एक हाते भविष्यवाणी सें  काहा नी  जुनी सिकाडवा नी जगा असल ना मांनक का समर्पित सें ।
"According to some people in the village, a group of villagers stood guard during the night after a theft had taken place in the village some time ago.","गांव में कुछ लोगों के मुताबिक, गांव में कुछ समय पहले चोरी की वारदात के बाद ग्रामीणों का एक ग्रुप रात के दौरान पहरा दे रहा था।","गांम मां कई लोकुं ना कारण, गांव मां थोडोक टेम पैलखी चौरी नी घटनां नें वाहळ गांव वाळां नो एक टोळीं रात ने टेम फेरो करी रियों हतो।"
"The vision of this far-reaching plan has transformed the economy, which I find particularly interesting. Under it, well-thought-out public welfare campaigns have also been promoted to make development inclusive in all aspects.","इस दूरगामी योजना के दृष्टिकोण से अर्थव्यवस्था में बदलाव हुआ है, जो मुझे विशेष रूप से ध्यानाकर्षक लगता है। उसी के अंतर्गत, विकास को सभी पहलुओं से समावेशी बनाने के लिए सुविचारित जन कल्याण अभियानों को भी बढ़ावा दिया गया है।",इनी सेटी नी ओजणा ना नजरिया थी अर्थवेवस्था मां बदलाव थायो से ज्यो मने खास रूप थी ध्यान देवा जेवु लागे से तिना मई विकास ना हंगळा कामु थी समावेशी बणावा हारू होसीयार जन कल्याण अभियानों ने पण वदारो आल्यो से।
The RBI declined to share the information citing confidentiality clause.,आरबीआई ने गोपनीय उपबंध का हवाला देते हुए सूचना देने से मना कर दिया।,आरबीआई गोपनीय उपबंध नो हवालो आलीन खबर आलवा ही मना कर देदुं से।
"Based on the video, four people from the victim's in-laws have been arrested.",वीडियो के आधार पर पीड़िता के ससुराल के चार लोगों को गिरफ्तार किया गया है.,वीडियो ना आधार पर पीड़िता ना हाहरी ना स्यार लोगों ने गिरफ्तार कर्या ग्या से .
We have to provide better facilities and opportunities to our people in the villages to ensure a better quality of life.,"हमें जीवन की श्रेष्ठ गुणवत्ता सुनिश्चित करने के लिए, गांवों के हमारे लोगों को बेहतर सुविधाएं और अवसर प्रदान करने होंगे।",हमारा जुवान भायें अने बुहनों ने कामधंधों हारू मेहनत मजदूरी मा नवा नवा (रोजगार) गांव मा धंधा खोलवा पडहे। इनी वात वातर करवी पडहे ।
Bhils were seen very happy in this fair singing folk songs and dancing.,"भील लोग इस मेले मेंले में लोकगीत गाते हुए, नृत्‍य करते हुए बहुत प्रसन्‍न दिखाई दे रहे थे।",भील मानसे इना मेला मा गीत गावे नाचे खुश देखा पोडे
I am not comfortable with them.,मैं उनके साथ सहज नहीं हूं।,हुं  तिना नी हाते नज नी नळे।
"Under the revised guidelines, the compensation amount has been increased from Rs 1.50 lakh to Rs 4 lakh in case of death due to natural calamity.",संशोधित दिशा-निर्देशों के तहत प्राकृतिक आपदा के कारण मृत्‍यु होने की स्थिति में मुआवजा राशि 1.5 लाख रुपये से बढ़ाकर 4 लाख रुपये कर दी गई है।,बदलेला दिशा-निर्देश ने लेदे प्राकृतिक आपदा ने(अपसूक थावा वाली घटनाएं)ने लेदे थावा वाली मौत पर मुआजों डोड लाख रूपियां थी वदारेन ग्‍यार लाख रूपिया कर देदा से।
"Smt.Vanaja N.Sarna, Chairperson, Central Board of Excise and Customs (CBEC), Shri Naveen Kumar, Chairman, GSTN, Shri B.N.Sharma, Additional Secretary, Revenue, Shri S.Ramesh, Member, CBEC, Shri Prakash Kumar, CEO, GSTN, Shri Binod, Executive Vice Chairman, Infosys and Shri C.N.Raghupathi, Head, Infosys India Business Unit were also present on the occasion.","केन्‍द्रीय उत्‍पाद एवं सीमा शुल्‍क बोर्ड (सीबीईसी) की अध्‍यक्ष श्रीमती वनाजा एन. सरना, जीएसटीएन के चेयरमैन श्री नवीन कुमार, अपर राजस्‍व सचिव श्री बी एन शर्मा, सीबीईसी के सदस्‍य श्री एस. रमेश, जीएसटीएन के सीईओ श्री प्रकाश कुमार, इन्‍फोसिस के कार्यकारी उपाध्‍यक्ष श्री बिनोद और इन्‍फोसिस इंडिया बिजनेस यूनिट के प्रमुख श्री सीएन रघुपति भी इस अवसर पर उपस्थित थे।","केन्द्रीय उत्पाद अने सीमा शुल्क बोर्ड सीबीईसी की अध्यक्ष श्रीमति वनाजा एन.सरना, जीएसटीएन ना चेयरमैन श्री नवीन कुमार , अपर राजस्व ससिव श्री बी एन शर्मा , सीबीईसी ना आदमी श्री एस. रमेश , जीएस टीएन ना सीईओ श्री प्रकाश कुमार , इन्फोसिस ना कार्यकारी उपाध्यक्ष श्री बिनोद ना इन्फोसिस इंडिया बिजनेस यूनिट ना प्रमुख श्री सीएन रघुपति भी अवसर मा उबा हता।"
Material and technical assistance is provided by India for the people of Palestine.,फिलस्तीन के लोगों के लिए भारत की ओर से सामग्री और तकनीकी सहायता दी जाती है।,फिलिस्तिन ना लोको हरु भारत तरफ थी सामान अने मशीनो मा ठेको आले से ।
"Except for 12 reserve battalions and headquarters, the CISF does not have its own battalion structure like other Central Armed Police Forces.",12 रिजर्व बटालियनों तथा मुख्यालयों को छोड़कर सीआईएसएफ का अन्य केंद्रीय सशस्त्र पुलिस बलों की तरह अपना बटालियन स्वरूप नहीं होता।,रिजर्व बटालियनों ओर मुखयालयों (आफिस) ने सोडी ने सीआईएसएफ नो अन्य बीजो केन्दरीय ससस्त्र पुलिस (पोलिस) बलों नी तरे अपणा बटालियन स्वरूप नी होता ।
"We recognize the role of public-private partnerships, innovative financing and collaboration between national, regional and multilateral institutions, as well as encouraging investment to ensure inclusive logistics development for international trade.","हम सार्वजनिक-निजी भागीदारी, नवीनतम वित्तपोषण और राष्ट्रीय, क्षेत्रीय और बहुपरकारी संस्थानों के बीच सहयोग, साथ ही अंतर्राष्ट्रीय व्यापार के लिए समावेशी लॉजिस्टिक्स विकास को सुनिश्चित करने के लिए निवेश को प्रोत्साहित करने की भूमिका को मानते हैं।",हमू सबुयी अने खुदे भाग लीने नवा-नवा रूप मा रूपया थी पापाल्‍लवानु अने देह ना क्षेत्र भी भाषा सबनुभलू करवानी विभाग ना वसमा मदत साथ थी देह मा वेपार हारू मलवा तीनी जरूरी जगाा पर लिजावा ने अगाडी बडवानो तय करवा हारू अगाडी रूपया नो फायदा नो खूशी करवा नी जवाबदारी ने माने से ।
Most of the injured are people who tried to jump to save themselves.,घायलों में ज्यादातर वे लोग हैं जिन्होंने खुद को बचाने के लिए कूदने की कोशिश की.,घायलो में ज्यादातर वे लोग है जणाये खुद ने वसावा हारू कूदवा नी कोशिश की है।
Can we not win the war against poverty?,क्या हम गरीबी के खिलाफ युद्ध नहीं जीत सकते हैं।,केम हमु गरीबी ना हाम्‍मे लड़ई नी जीती सकियें से।
"Brothers and sisters, I was born in Gujarat, my area of work was Gujarat.","भाइयो, बहनों, मेरा जन्‍म गुजरात में हुआ, मेरा कार्यक्षेत्र गुजरात रहा।","भाइयो अन बेनों माय जलम गुजरात मा थायू से , मारू काम करवे नू क्षेत्र गुजरात से।"
He is a member of the Samajwadi Party.,सदस्य हैं वे समाजवादी पार्टी की।,सदस्य से त्ये समांजवादी पाल्‍टी नी।
"Addressing world leaders at the annual conference of the United Nations COP26, the Hon'ble Prime Minister of India listed India's six commitments to tackle climate change.","संयुक्त राष्ट्र सीओपी26 की वार्षिक सम्मेलन में विश्व नेताओं को संबोधित करते हुए, भारत के माननीय प्रधानमंत्री ने जलवायु परिवर्तन से निपटने के लिए भारत की छह प्रतिबद्धताएँ सूचीबद्ध कीं।",संयुक्त राष्ट्र सीओपी 26 नीं वराह मेलों  मां दुनिया नू नेता काजअे भारत नु प्रधानमंत्री नरेन्द्र मोदी धरती नु बदलाव वाटे निपटेणे नू भारत नु छह प्रतिबद्धताए लाईण बध्द करी
"Modi said India was in favour of greater regional integration, as well as greater free trade and adherence to a rules-based international order.",मोदी ने कहा कि भारत ज्यादा से ज्यादा क्षेत्रीय एकीकरण के साथ ही ज्यादा से ज्यादा मुक्त व्यापार और एक नियम आधारित अंतर्राष्ट्रीय व्यवस्था के अनुपालन के पक्ष में है.,मोदी ये केदू कि भारत वदु ही वदू क्षेत्रीय एकीकरण ने हाते वदू ही वदू मुक्त व्यापार अने एक नियम पर आधारित अंतराष्टीय व्यवस्था ना अनुपालन ना पक्ष मा है।
"That is, for oneself, everyone in the world lives. But in reality, the person who lives for charity lives.",अर्थात् अपने लिए तो संसार में हर कोई जीता है। लेकिन वास्तव में वही व्यक्ति जीता है जो परोपकार के लिए जीता है।,इनी दनियां मां खुद आपड़ी हारु ते सब जीये हैं। पण खरी वात तो से से के जो मनखा बीजा मनखा हारू जीवे त्‍यो जीवी जाए से
"Come with me. Come, I invite you all. We have 25 years. It was 100 years ago; we once walked for Swaraj.","मेरे साथ आओ। आओ, मैं आप सभी को निमंत्रण देता हूँ। हमारे पास 25 साल हैं। 100 साल पहले हुआ था; हम एक बार स्वराज के लिए चले थे।",मारी हाते आवो । आवें हॅू तमून सबू ने बोलावो आलॅू । हमारी कन २५ वर से १०० वर पेहलू थाई लॅू। हमू एक वारी आपडा राज हारू ना ही गेला ।
"Union Minister of State for Agriculture and Farmers Welfare, Shri Parshottam Rupala and Secretary, Agriculture, Shri Sanjay Agarwal also attended the workshop.",केन्द्रीय कृषि एवं कृषक कल्याण राज्य मंत्री श्री पुरुषोत्तम रुपाला और कृषि सचिव श्री संजय अग्रवाल ने भी कार्यशाला में भाग लिया।,केन्द्रीय कृषि एवं  कृषक कल्याण राज्य मंत्री श्री पुरूषोतम रूपाला अने कृषि सचिव श्री संजय अग्रवाल ये भी कार्यशाला मा भाग ले दे थो।
"It will empower citizens by providing them with information, knowledge and skills to operate computers / digital access devices.","यह नागरिकों को कंप्‍यूटर/डिजिटल ऐक्‍सेस डिवाइस के संचालन के लिए सूचना, ज्ञान एवं कौशल प्रदान करते हुए उन्‍हें सशक्‍त बनाएगा।","इना मनखा ने कम्‍प्‍यूटर डिजिटल ऐन्‍सेस डिवाइस ने सलाडवा हारू खबर , अकल पकी सीख आलवा करे। अने लीना न काठो वणावहे।"
Tribhuvanatilaka Basadi is present near the Jain inscriptions at Bommalagutta.,त्रिभुवनतिलका बसादी बोम्मलागुट्टा के जैन शिलालेखों के पास मौजूद है।,त्रिभुवनतिलका बसादी बोम्मलागुट्टा ना जैन शिलालेखों नी मेरे मौजूद से।
All states are moving fast to become open defecation free and India is close to achieving 100% rural sanitation.,सारे राज्‍य खुले में शौच से मुक्‍त होने के लिए तेजी से आगे बढ़ रहे हैं और भारत शत-प्रतिशत ग्रामीण स्‍वच्‍छता प्राप्‍त करने के निकट है।,बदा राज्य खुला मा हगवाथी घोडवा हारू तेजी थी अगाडी बढी रीया से अने भारत सौ टका गांव स्वच्छता लेवा हारू मेरे से ।
"If Nepal, the land of Buddha, can give a message, can't the land of India give a message to the world?","बुद्ध की धरती, नेपाल यदि संदेश दे सकती है, तो क्या भारत की धरती विश्व को संदेश नहीं दे सकती है? और इसलिए समय की आवश्यकता है, हम हिंसा के मार्ग को छोड़ें, भाईचारे के मार्ग पर चलें।","बुद्ध नी जमी नेपाल कदि खबर करी सके से तेर भारत नी जमी दनियां ने खबर नी आली सके से? अन तिनी हारू टेम नी जरूवत से हमु लडाई नी वाटयो सोडीयी, भाई सारा नी वाट पर सालीयी।"
He claimed that there are many such contradictions in the budget.,उन्होंने दावा किया कि बजट में ऐसे कई विरोधाभास हैं।,तिनांई दावों करियों कि बजट मां कोई खटपट नीं मळे से।
"This is due to increased yields of rice, wheat, and coarse grains.","इसका कारण चावल , गेहूँ , और मोटे अनाज की पैदावार में बढ़ोत्तरी है ।",ईनाना कारण सोकाए गव अने मोटा अनाज धान नी पैदावार मा बढ़ोतरी थायी री से।
