English,Hindi,Mundari
Create a series of goals in order of importance.,महत्व के हिसाब से लक्ष्यों की एक क्रमबद्ध श्रृंखला बनाएँ।,महत्व रआः हिसाब ते लक्ष्य कोराः मिआद क्रमबद्ध श्रृंखला बाइपे।
"Coal in India is found in rock strata of two major geological ages - Gondwana, which is a little over two million years old, and Tertiary deposits, which are about 5.5 million years old.",भारत में कोयला दो प्रमुख भूगर्भिक युगों के शैल क्रम में पाया जाता है - एक गोंडवाना जिसकी आयु 200 लाख वर्ष से कुछ अधिक है और दूसरा टरशियरी निक्षेप जो लगभग 55 लाख वर्ष पुराने हैं।,भारत रे कोयला बरिआ मुद् भूगर्भिक युग को रेअः शैल क्रम रे नमोः तना-मियद् गोंडवाना एना रअः सिरमा 200 लाख सिरमा आते तारा अदिका मेनअः ओड़ोः एटअः टरशियरी निक्षेप ओकोअः हला-जोला 55 लाख सिरमा मरि मेनअः।
"Then a lion came out from there and said, ""What did you say?""","उसके बाद वहीं से ही एक शेर निकला और बोल रहा है, क्या बोली थी मइया।",एनाते एनतः तेगे कुला उड़ुड. लेना आद दे मेन जदा चनाःम  मेन लअः मई।
They would eat people as soon as they found them.,वे लोगों को पाते ही उन्हें खा जाते थे।,इनकु होड़ो दो जोम तेगे को नमजद् को तइकेना।
"After this, both of them left.",इसके बाद दोनों चले गये।,एनेते किङ सेनोःजना।
The state has several backwater areas that are used for commercial inland navigation.,राज्य में कई अप्रवाही जल क्षेत्र हैं जिनका उपयोग वाणिज्यिक अंतर्देशीय नौवहन के लिए किया जाता है।,"राइज रे इसु पुरअः दअः बइयाकन टयद् को मेनअः, ओकोनअः को कमिरे अउ मेनते बितर दिसुम रे दअः चलव मेनते को अउ जदा।"
"""Look, once we start, very simply we will go on.""","""देखिए, एक बार शुरू करेंगे, तो बहुत सरलता से हम आगे बढ़ेंगे।""","लेलेपे, मिसाबु एटेःएअ, दो पुरअः गे रबलते अबु अयरतेबु हिजुअ। """
Baa lere enung lelo.,बै लेरे एनङ् लेलोव।,उसी समय घोड़े ने लात मारकर उन्हें तोड़ दिया।
They also have to answer questions raised in the assembly and assure the people who ask questions that appropriate steps are being taken.,उन्हें विधानसभा में उठाए गए प्रश्नों का भी उत्तर देना होता है और प्रश्न करने वाले लोगों को आश्वस्त करना होता है कि उचित कदम उठाए जा रहे हैं।,"चिल्का-लोक निर्माण विभाग, कृषि विभाग, स्वास्थ्य विभाग, शिक्षा विभाग एमन् को।"
He took six wickets.,उन्होंने छह विकेट अपने नाम किए।,इनिः तुरि विकेट अएआः नुतुम ते आउकेदाएः।
"Finally, two Khasis and a pitcher spoke of Handia.",अन्त में तो दो खस्सी और एक घड़ा हंडिया की बात बोले,"टुनडुरेदो बरिय कसि अद् बर चटु इलि रअःकिङ कजिकेदा; एनाओ काए है'केदा, सिदा रअः कजिरेगेए कजिकेदा ।"
gender,लिंग,लिङग
Summer season,ग्रीष्म ऋतु,जेटेः सअः
Your village is in a mess because of its water.,तुम्हारा गांव उसका पानी बिगड़ने के कारण बिगड़ा हुआ है।,हातु दो दअः ओड़ा कान रअः ते ओड़ाकना।
"My dear countrymen, the listeners of'Mann Ki Baat'often write to me about the rapid increase in the use of modern technology in our country in the last few years.","मेरे प्यारे देशवासियो, बीते कुछ वर्षों में हमारे देश में आधुनिक Technology का इस्तेमाल जिस तेजी से बढ़ रहा है, उस पर अक्सर मुझे ‘मन की बात’ के श्रोता, अपनी बातें लिखते रहते हैं।","अइत्र दुलाड़ दिसुमहोडोको, सेनोःजान तारा सिरसा कोरे आबुआ दिसुम ऐ आधुनिक Technology रेए अनागु चिलका सेकेडा सेसेन ताना इनाकोरे अकसर आइत्रा मन की बात' रे आयुमतान को आकोआ जगर को को ओले ताना।"
"So while designing, my big urge was to have a toilet.",तो design बना रहे थे मेरा बड़ा आग्रह था toilet तो होना ही चाहिए।,"दो design बबइ तन केना, अइङअः मरङ अरजि तइकेना toilet   दो होबाओः गे लगातिङअ।"
"For Dr. Syama Prasad Mukherjee, what mattered most was the integrity and unity of India and for this he even lost his life at the young age of 52. Let us always remember Dr. Syama Prasad Mukherjee's message of unity, with a spirit of harmony and brotherhood, committed to India's progress.","""डॉ० श्यामा प्रसाद मुखर्जी के लिए, जो सबसे महत्वपूर्ण बात थी, वो थी भारत की अखंडता और एकता – और इसी के लिए 52 साल की कम उम्र में हीउन्होंने अपनी जान भी गवानी पड़ी। आइये! हम हमेशा डॉ० श्यामा प्रसाद मुखर्जी के एकता के सन्देश को याद रखें, सद्भाव और भाईचारे की भावना के साथ, भारत की प्रगति के लिए जी-जान से जुटे रहें।""","डॉ. श्यामप्रसाद मुखर्जीअः मेनते, ओकोनअः सोबेनाएते जरुड़ु कजि तइकेना, एना तइकेना भारत रअः अखंडता ओड़ोः एकता-ओड़ोः नेअः मेनते 52 सिरमा रेअः हुड़िङ उमर रे इनिः अएअः जीउ गोए जना। देला! आबु सोबेन इमतङ डॉ. श्यामप्रसाद मुखर्जीअः एकता रेअः संदेश के उड़ु जोगवेपे, सद्भाव ओड़ोः भाइचारा रअः भावना लोःते, भारत रअः प्रगति मेनते जी-जान ते जुटवकन तइनोका। """
"In 1926, the ""Lime Stone Company"" was restored, except for the work on the right Lutheran mission school.",सन् 1926 ई. में दाहिजिरा लूथेरान मिशन स्कूल के काम को भी छोड़कर ‘‘लाइम स्टोन कम्पनी’’ के काम में बहाली हो गये।,"1926 ई० रे दाहिजिरा लूथेरान मिशन इसकूल रअःओ कमिः बगेकेद् चि ""लाइम स्टोन कम्पनी"" रअः कमिः सब् केदा ।"
They found many fish as well as many crabs and turtles.,उन्हें बहुत मछलियाँ मिलीं साथ ही बहुत से केंकड़े और कछुवे भी मिले।,हई बारी गे दो का ओड़ोःगे कड़ाकोम को होरो को सब केद् कोवा।
"Then Donka said - Then, how will we do it now?","इसके बाद डोंका ने कहा- तब, अब हमलोग किस तरह करेंगे ?",एनते डोंका मेनकेदा - चि तोबे! नाअःदोबु चिलकाएअ?
"Seven years ago, we used to import mobile phones worth about eight billion dollars.",सात साल पहले हम लगभग आठ बिलियन डॉलर के मोबाइल फोन import यानी आयात करते थे।,एआ सिरमा सिदा आबु कारेदो इरलिआ (आठ) बिलियन डॉलर रअः मोबाइल फोन असि तन ताइकेना।
"Due to their closure, the soup baskets are not available in the haat and the Turi people are begging here and there.","उनके द्वारा कामों को बन्द करने के कारण, हाट में सूप टोकरियां नहीं मिल रहा है और तुरी लोग इधर उधर भीख मांग रहे हैं।","इनकु कमि होकोजन रअःते, पीटिरे हटअः टुंकि का नमोःतना, अद् ओड़ेअको कोएं बड़ातना।"
is there any forecast of rain or snow this week,क्या इस सप्ताह बारिश या हिमपात का कोई पूर्वानुमान है,चिअः ने हपता जरगि च रतङ दअः गमा रेअः जेतन ओनमान मेनअःचिअः ने हपता जरगि च रतङ दअः गमा रेअः जेतन ओनमान मेनअः
"Friends, Along with all this, the year 2022 will always be remembered for another reason.","साथियो, इन सबके साथ ही साल 2022 एक और कारण से हमेशा याद किया जाएगा।","सोंगेः को, नेआःकोलोः मिसाते सिरमा 2022 रे भोड़ो मियद कारन ते सोबेन सोमय को उइु कोवा।"
"""Why not? So you can spend your time with this tramp!""","""क्यों नहीं? तो आप इस tramp के साथ अपना समय बिता सकते हैं!""","चिअः  क? दो अम ने tramp लोः  अमअः  सोमोएम बितव दड़िआ! """
"Then, in the courtyard, the two are being given an oil massage, with the oil massage stopped and some invited men, brought for the box, new clothes are being wrapped around their heads.","इसके बाद आंगन में दोनों को, तेल का मालिश किया जा रहा है, तेल मालिश बन्द करने के साथ कुछ कुछ निमंत्रण दिये गये आदमी, बक्सीस के लिए लाये गये, नये कपड़ों से उन दोनों के सिरों को ओढ़ाया जा रहा है।","एन तयोमते रचारे  सुनुमको गोसोःजद्किङअ; सुनुम गोसोः होकाजनलोःगे, तरामरा नेओता होड़ोको, बकसिस मेनते अउकअद् नबा लिजअःतेको गुगुलजद्किङअ।"
"Today, the common citizen is not satisfied with getting a railway station, he immediately asks, when will the Vande Bharat Express come to our area? His mind has changed.","""आज सामान्‍य नागरिक रेलवे स्‍टेशन मिलने से संतुष्‍ट नहीं है, वो तुरंत पूछता है, वंदे भारत एक्सप्रेस हमारे इलाके में कब आएगी? उसकी सोच बदल गई है। ""","तिसिङ सोंगड़ा होड़ो को रेलवे स्टेशन नम जन रेयो जेतन सुकुगे बनोगा, इनकु रोका को कूलिआ चि बंदे रेलवे एक्सप्रेसअबुअः भारतरे चिउला हिजुगा? इनकुअः उडु़ः को बदिलि उतरा कना।"
"You will also have some things in your mind, which you would like to have your say from the Red Fort with the same intensity.","आपके मन में भी कुछ बातें होंगी, जो आप चाहते होंगे कि आपकी बात भी लाल किले से उतनी ही प्रखरता से रखी जाए।","आपेअः मोन रेओ जांन जगर को मेनअः, ओकोनअः अम् सनङ तना चि अपेअः जगरओ लाल किला रे इमिनङ गि केटें ते जोगाओका।"
"Lochon - A few days ago, the two of us had a conversation with the Donka boy, I asked them if it would be okay if he did not.","लोचोन- कुछ दिन पहले डोंका लड़का के साथ हमदोनों ने बात किया था, उस तरह का ठीक होगा कि ठीक नहीं होगा कहके मैंने उनदोनों से पूछा था।",लोचोन - होनदेर डोंका कोड़ालोःबु जगरकेदा एनकनअः टउकाओअ चि का टउकाओअ मेनतेङ कुलिकेद्किङअ।
Plus-minus will highlight everything.,plus-minus हर चीज़ को उजागर करेंगे ।,"plus-,minus सोबेन रअः को उदुबेया।"
"However, the CBI has denied the charges.",यद्यपि सीबीआई ने इन आरोपों को खारिज कर दिया है।,एनकादो सीबीआई नेआ आरोपकोएः खारिजतादा।
Have you tried any new activities lately?,क्या आपने हाल ही में कोई नई एक्टिविटी ट्राय की है?,चिनअः अम् ने हालि रे जांन नवा चाल-चोलोन कमि को रिका कदा?
"""e) Prime Minister Modi has underlined his commitment to improving the business climate in India through tax, governance and financial regulation, and promoting investment.""","""ई) प्रधानमंत्री श्री मोदी ने कर, प्रशासन और वित्तीय नियमन तथा निवेश को बढ़ावा देकर भारत में व्यापार माहौल को सुधारने को लेकर अपनी दृढ़ता को रेखांकित किया है।""","ई) प्रधानमंत्री श्री मोदी कर, प्रशासन ओड़ोः खुरजि नियम ओड़ोः निवेश के बढ़ाव एमकेते भारत रे बेपार महौल के बइ रूड़ा मेनते अयअः दृढ़ता के रेखा केदा। """
........ is the natural resource that........ people created.,...... प्राकृतिक संसाधन है जो कि.......लोगों ने बनाई।,"........................ प्राकृतिक संसाधन तना, ओकोअ चि ...................... होड़ो को बइ तदा।"
"""When everyone's efforts were successful, this is the biggest success of Chandrayaan-3. I wish that our space sector will achieve many more such successes with everyone's efforts in the future,"" he said.","""जब सबका प्रयास लगा, तो सफलता भी मिली। यही चंद्रयान-3 की सबसे बड़ी सफलता है। मैं कामना करता हूँ कि आगे भी हमारा Space Sector सबका प्रयास से ऐसे ही अनगिनत सफलताएँ हासिल करेगा।""","""ओकोन इमतंङ सोबेन कोअः कोसिस लगाव कना, दो सफलताओ नमा कना। नेअः चंद्रयान-3 रअः सोबेन ते मरंङ सफलता तनअः। आञ कामना तना चि अयर ते ओ अबुअः Space Sector  सोबेन कोअः कोसिस ते नेका गि बेहिसाब सफलता को नम दाड़िओआ।"""
"A few months ago, the country and the world saw the new avatar of Gandhinagar Railway Station in Gujarat.",कुछ महीने पहले गुजरात में गांधीनगर रेलवे स्टेशन का नया अवतार देश और दुनिया ने देखा था।,हुड़िङ चन्डुः सिदा गुजरात रेअः गांधी नगर रेल टेसन रअः नवा मुटन दिसुम ओड़ोः गोटा दिसुम को लेल लअः।
This is actually a major change in mindset.,वास्तव में यही है मानसिकता में एक बड़ा परिवर्तन यह उसी का जीता जागता सबूत है।,सरते कजि दो नेआ गे मानसिकता रे मियद मरंङ बदलि नेआ एना रेआः जीदतन सबुत तना।
"You will be happy to know that in that program, from Malaysia, New Zealand, Switzerland, Portugal, Mauritius, Fiji, Tanzania, Kenya, Canada, Britain, Surinam, South Africa and America, and from many other countries, wherever our mayors are Native-Indians, wherever there are MPs Native-Indians, they all participated.","आपको यह जानकर खुशी होगी कि उस कार्यक्रम में Malaysia, New Zealand, Switzerland, Portugal, Mauritius, Fiji, Tanzania, Kenya, Canada, Britain, Surinam, दक्षिण अफ्रीका और America से, और भी कई देशों से वहाँ जहाँ-जहाँ हमारे मेयर हैं मूल- भारतीय, जहाँ-जहाँ सांसद है मूल-भारतीय, उन सब ने भाग लिया था।","नेआ आयुम केआते जी रसिका पेआ चि एन कार्यक्रम रे Malaysia, New Zealand, Switzerland, Portugal, Mauritius, Fiji, Tanzania, Kenya, Canada, Britain, Surinam, दक्षिण अफ्रिका ओड़ोः America ते, ओड़ोःगे चिमिन-चिमिन दिसुम कोरे अबुआः मेआर को ताइनतान मूल भारतीय, ओकोताः कोरे सांसद मेनाः-कोअ मूल भारतीय, इनकुः सोबेन भाग को अगुलाः।"
"If you see an item that you know is over your budget, don't stop by.",यदि आप कोई ऐसी वस्तु देखते हैं जो आपको पता है कि आपके बजट से अधिक है तो उसके पास न रुकें।,जुदि अम एनकन जिनिस कोम लेलेआ ओकोआ अमके मुनड़ि मेनअः चि अमअः बजट ते पुरअः मेनअः दो एना तअः अलोम तइना।
"""And people just sent messages, not that, they were connected to the mind; somebody wrote poetry, somebody drew pictures, somebody drew cartoons,"" he said.","""और लोगों ने सिर्फ़ सन्देश भेजे, ऐसा नहीं, मन से जुड़ गए थे; किसी ने कविता लिखी, किसी ने चित्र बनाए, किसी ने कार्टून बनाए,""","""ओड़ोः होड़ोको संदेश बारिको कुलाकेदा, नेका का, मोनते जोटोःलेना; ओकोनिः दुरङए ओलकेदा, ओकोनिः छापाए बइकेदा, ओकोनिः कार्टनए बइकेदा, """
"Someone is writing, talking to friends, saying, that, this year is not good, someone is saying 2020 is not auspicious.","कोई लिख रहा है, दोस्तों से बात कर रहा है, कह रहा है, कि, ये साल अच्छा नहीं है, कोई कह रहा है 2020 शुभ नहीं है I","ओकोए ओल जदा, सोंगे को लोः जपागर तना, कजि जदाए, चि ने साल/सिरमा बुगिनअः का तना, ओकोए कजि जदा चि 2020 बुगिनअः का तना।"
"""You have chalk on your face.""","""तुम्हारे चेहरे पर  chalk है।""","""अमअः मेद्मुअंड़ रे chalk मेनअः।"""
"In the freedom struggle, India also moved forward with the strength of solidarity, the strength of its collectivity, its resolve, dedication and inspiration towards a brighter future.","आजादी की लड़ाई में, पूरे-पूरे विश्व में भारत ने भी एकजुटता की ताकत, अपनी सामूहिकता की ताकत, अपने उज्जवल भविष्य के प्रति अपना संकल्प, समर्पण और प्रेरणा - उस ऊर्जा को लेकर देश आगे बढ़ता चला गया।","आजादी रआः लड़ाई रे, पुरा दिसुम रे भारतओ मिद रे जमन रेआ पेदेए, अपना सामूहिकता रआः पेड़ेए, अपनाः उज्जवल भविष्य रआः प्रति अपनाः संकलप,समर्पण ओड़ो प्रेरणा हेन ऊर्जा को इदि केयाते दिसुम बढव तान सेनो इदि जना।"
All of them come from poor families.,सभी गरीब घरों से ही आते है।,सोबेन रेंगे: ओड़अ: को रेन होन को गेआ।
I wish Kamya all the best for Mission Saahas.,मैं काम्या को ‘Mission साहस’ के लिए अपनी शुभकामनाएं देता हूँ।,अइञ काम्या को 'Mission साहस' मेनते अपना शुभकामना ओमाइ तना।
"As in previous chapters, there will be a discussion focusing first on generalities and then on India.",पिछले अध्यायों की तरह पहले सामान्य बातों और फ़िर भारत पर केंद्रित चर्चा होगी।,तयोम कुतुइल को ललेका सिदा सोंगड़ा जगर कोरे ओड़ोः तयोमते भारत रे केन्द्रित जपागर होबाओःअ।
The water that was falling on the chapua fell into the garment that Badda was wearing for the decoration and into his body.,जो पानी चपुवा पर पड़ रहा था वह पानी सब बडदा ने सिंगार करने के लिए जो वस्त्र पहना था उसमें और उनके बदन में गिर गया।,एन चपुअरे टोःलेन दअः बड़ंदा कोड़ाअः कलगारे टोःजना।
I caught him watching at my house.,"मैंने उसे अपने घर में देखने को पकड़ा।""","अइञ इनि अइञअः ओड़अः रे लेल सब किइञअ। """
One rupee will be given for a cup of tea.,एक रुपया पान खाने के लिए देंगे।,मोद् टका पान जोम मेनते-लिङ ओमअमेअ ।
"Seats are reserved for Scheduled Castes, Scheduled Tribes and Backward Castes in the posts of members and office bearers of elected autonomous bodies.","निर्वाचित स्वशासी निकायों के सदस्य तथा पदाधिकारियों के पदों में अनूसचित जातियों, अनुसूचित जनजातियों और पिछड़ी जातियों के लिए सीटें आरक्षित हैं।","निर्वाचित स्वशासी निकाय कोअः गुसिया को ओड़ोः पदाधिकारी कोअः पद कोरे अनुसूचित जाति को, अनुसूचित जनजाति को ओड़ोः पिछड़ा जातिको नङ सीट आरक्षित मेनअः।"
There is a possibility of a new world order even after Corona.,कोरोना के बाद भी Post Corona नये world order की संभावना है।,कोरोना रेअः तयोम तेओ Post करोना नवा world अचुन रेअः संभवना मेनअः।
And what is the solution you are looking for?,और आप कौन सा उपाय चाह रहे हैं ?,ओड़ोः चुकन उपएएम नमतना ?
"Till now, the benefit of reservation in jobs was available only to the Scheduled Castes and Tribes.",अब तक नौकरी में आरक्षण का लाभ केवल अनुसूचित जाति और जनजातियों को ही मिल रहा था।,नाअः जकेद् रे नौकरी रे आरक्षण रअः लाभ अनुसूचित जाति ओड़ोः जनजाति को बारिगे को मनजद तइकेना।
Low pressure is associated with cloudy skies and wet weather.,"निम्न दाब, बादलयुक्त आकाश एवं नम मौसम के साथ जुड़ा होता है।","कम दाँपि, लअरि मेसा सिरिमा ओड़ोः हेमाल बदली होयो लोः ते जुड़ाकन तइन तना।"
The city of Bengaluru in Karnataka is also known as the'Silicon Valley '.,कर्नाटका में बेंगलुरु शहर को 'सिलिकॉन वैली' के नाम से भी जाना जाता है।,कर्नाटक रे बेंगलुरू शहर 'सिलिकन वैली' लुतुम तेयो को इतुवाना।
"""The water of the three jewels of the earth is the best.",“ पृथिव्यां त्रीणि रत्नानि जलमन्नं सुभाषितम्।,"""पृथिव्यां त्रीणि रत्नानी जलमन्नाम सुबासितम।"
Your parents will be suspicious if you come home late two days in a row.,यदि आप लगातार दो दिन देर से घर आते हैं तो आपके माता-पिता को संदेह होगा।,जोदि अम खनेसा बरसिङ हेड़ा ते ओड़अःम हिजुः रे दो अमअः एंगा अपुको अड़अः उड़ुः कोअः।
"He considered liberty, equality, and fraternity to be interdependent. He firmly believed that the absence of any one of these three makes the other two meaningless.","""स्वतन्त्रता, समता, और भाई-चारा को वे एक दूसरे पर निर्भर मानते थे। उनकी दृढ़ मान्यता थी, कि इन तीनों में किसी एक के अभाव में बाकी दोनों अर्थहीन हो जाते हैं।""","स्वतंत्रता, समता ओड़ोः भाई-चारा के अको मियद् एटअः निः लोः ते निर्भर को मनातिङ तन तइकेना। इनकुअः केटेः मनातिङ तइकेना, चि ने अपिआ रे जांय मियद् रअः अभाव रे सरेः बरन किङ मतलबी होबाओःअ। """
The government has also brought in a modern bankruptcy code.,सरकार एक आधुनिक बैंक्रप्सी कोड भी लाई है।,सरकार मिआद आधुनिक बैंकर बेसे कोड आउ तादाए।
He provoked our brother to harm us.,हमारी नुकश्सानी करने के लिए हमारे भाई को उसकाया।,अबुअः नोकोसान मेनते अबुअः हगाए उसकुरकिःअ !
What does that mean?,इसका क्या मतलब?,नेयारः चिकन मने (सनं)?
The ozone layer has been porous.,ओजोन मण्डल में छेद हो गया है।,ओजोन मण्डल रे बुः होबा जना।
"""In addition to defence equipment, I invite Korean investment in areas such as shipbuilding, including LNG tankers.""","""रक्षा उपकरणों के अलावा, मैं एलएनजी टैंकरों सहित जहाज निर्माण जैसे क्षेत्रों में कोरियाई निवेश को आमंत्रित करता हूं।""","रक्षा उपकरण को रअः अलावे, अइञ एलएनजी टैंकरो लोओते जहाज बबइ लेकन टयद् कोरे कोरअः निवेश के नेवता तना। """
This will give a boost to the momentum to fulfil our resolve of a developed India.,यह हमारे विकसित भारत के संकल्प को पूरा करने की गति को बढ़ावा देगा।,नेअ अबुअः विकसित भारत रेअः संकल्प के पूरा रिका रेअः गति के बढ़व इदिअः।
"Thinking that the villagers would not be witnesses against me, he went to the nauva and approached a Rajput watchman.","गाँव के लोग मेरी ओर गवाह नहीं बनेंगे, यह बिचार करके वह नौवा के पास गया और एक राजपूत चौकीदार के पास गया।","हतु हगाको अइङ सअःरे काको गोवाना मेनते बिचारकेंद्ते, सेतअः मिअद् नउअतअःए सेनोःजना अद् मिअद् रजपुतु दिगुअर तअःए सेनोः- जना ।"
"Customs have a special place in Ladakh's culture and the predominant language is Sanskrit, where people often wear churidars.","लद्दाख की संस्कृति में रीति-रिवाज़ का विशेष स्थान है और यहाँ की प्रमुख भाषा संस्कृत है, जहाँ लोग अक्सर चूड़ीदार पहनते हैं।","लद्दाख रअः ससंकिर रे रीति-रिवाज रअः बिसेस टयद मेनअः ओड़ोः नेतअः रअः मूल जगर संस्कृत तनअः, ओकतअः रे होड़ो को जनव चुड़िदार को तुसिंङ जदा।"
Fertilization results in the formation of zygotes (Fig. 6.6).,निषेचन के परिणामस्वरूप युग्मनज का निर्माण होता है (चित्र 6.6)।,निषेचन रेअः परिणामस्वरूप युग्मनज रअः निर्माण होबाओ तना (छपा 6.6)।
The quarrel has been settled and it has settled down.,झगड़ा शान्त हो जाये कहके अलग खिसक गयी हैं और इसने ठीक की हैं।,"एपेरङ हपेओका मेनतेए गसव कना, अदे टउकातदा।"
"Tripura's traditional costumes are very attractive, although the cuisine is popular throughout the country.","त्रिपुरा की पारंपरिक पोशाकें बहुत आकर्षक होती हैं, हालांकि का खाना देशभर में पसंद किया जाता है।","त्रिपुरा रआः दसतुर को इसु लेलोःआ, मेनदो इसुपुराः जोमेआः को गोटा दिसुम रेको सुकुया।"
"After finishing the handi with the entire family, Laddu said, ""Babu Gujuru, what is cooking in your house?""","समूचे घर वालों के साथ हाँड़ी पी खत्म कर लदु ने कहा, ""बाबू गुजुरु तुम्हारे घर में क्या तियन पका रहे हैं?""","गोटा ओड़अः रेनकोलोःते इलिको नूचबाकेद्ते, लदु मेनकेदा, ""अते, बबु, गुजुरु, अपे ओड़अःरे चेनअःको उतुजदा ?"""
That he spread his songs through this medium is not to be taken for granted.,"इस माध्यम के जरिये वे अपने गीतों का प्रसार किये, यह स्वीकार करने की बात नहीं है।",ने होरा ते इनकु अकोअ: दुरङको नितिर लअ: नेआ मनातिङो: कजि का तनअः।
Can we make games on them?,क्या हम उन पर games बना सकते हैं ?,चना अबु नेया कोरे गेम्स कोबु बइ दड़ियाः ?
"In these two overs, he gave away 13 runs while taking no wickets.","""इन दो ओवरों में उन्होंने 13 रन दिए थे, जबकि उन्हें कोई विकेट हासिल नहीं हो पाया था।""","नेअः बरिया ओवर रे इनिः 13 रन ओम लअः, ओको इमतङ इनिः जेतन विकेट का नम दड़िओ तइना।"
Is there a single camera?,"""क्या एकल कैमरा?""","""चिनअः एसकर केमरा?"""
"Come, let's take a break.","आईये, आपलोग विश्राम कीजिए।",692
One of the song books of Fr Martin Topno is'Piolio Song'( Piolio Durango).,फादर मार्टिन तोपनो के गीत किताबों मे से एक तो 'पियोलियो गीत' (पियोलिओ दुरङको) है।,फादर मार्टिन तोपनो गोमकेअ: दुरङ पुथिको रे मियद् दो ' पियोलिओ दुरङको' तनअ:।
"On this day, Guru Gobind Singh's sons, Sahibzade Zorawar Singh and Fateh Singh, were hanged alive in the wall.","आज के ही दिन गुरु गोविंद जी के पुत्रों, साहिबजादे जोरावर सिंह और फतेह सिंह को दीवार में जिंदा चुनवा दिया गया था।","तिसिङाः दिन गे गुरू गोविंद जीःअ होनको, साहिबजादे जोरावर सिंह ओड़ोः फतेह सिंह कोके पाचरि रे जिद गेको बिद् किआ।"
The press conference was attended by a number of questions from newspaper reporters.,इस प्रेसवार्ता में अखबारों के संवाददाताओ ने अनेक प्रश्‍न पछे। इन  चर्चाओ की  रिपोर्ट विभिन्न समाचापत्रो में प्रकाशित हुई।,ने प्रेसवार्तारे अखबाररेन संवाददाताको साड.गिगे सवालको कुलिकेदकोअ निअः जपागारराः रिपोर्ट नएअः-हनाः समाचारपत्ररे उड़ुड.जाना।
It left a deep impression on my mind.,मेरे मन पर गहरा प्रभाव छोड़ जाती हैं ।,अञा जि रे तइ गिड़िवा।
Transfer 114 contacts to the landlord as a March payment.,114 संपर्क मकान मालिक को मार्च के भुगतान के रूप में ट्रांसफ़र करें।,114 जोड़ेन ओड़अः किसन के मार्च रअः ओमे लेकाते 114 जोड़ेन ओड़अः किसन के मार्च रअः ओमे लेकाते कुल लगातिङअ। लगातिङअ।
"Left wing extremism, Maoism is staining the country with blood.","left wing extremism, माओवाद देश को रक्‍त से रंजित कर रहा है।","left wing extremism, माओवाद दिसुम मयोम तेएः रंगा चबा जदा।"
Play music by a given artist,किसी दिए गए कलाकार का संगीत चलाओ,ओमाकन ओनोल गोमकेअः दुरंग दुराङएमओमाकन ओनोल गोमकेअः दुरंग दुराङएम
"Maday-Ay, Grandma! You were somewhere in Durbagh, what animal is that?","मदे- ऐ, दादी ! आपने डूरबाघ कहीं थीं, वह कौन सा जानवर है ?","मदेः- अने, अजि! डूर कुलाम मेनलअः, इनिः चिलकानिः?"
"""A good way to make it clear that a salesperson won't follow you into the store is to make it clear that he or she won't be able to make a sale here.""","""कोई बिक्रीकर्ता दुकान में आपके पीछे न पड़े, इसका एक अच्छा तरीका यह स्पष्ट करना है कि वह यहाँ बिक्री नहीं कर पाएगा।""","जांन अकरिङतनिअः दोकान रे अमअः तयोम अलोकाए तइनका, नेअः रअः मियद् बुगिन तरिका नेअः साफा मेनअः चि इनिः नेतअः काए अकिरिङ दड़िअः। """
That one generation works hard to ensure a better future for the next.,कि एक पीढ़ी अगली पीढ़ी का बेहतर भविष्य सुनिश्चित करने के लिए कड़ी मेहनत करती है।,चि मियद पीढ़ी हिजु तन पीढ़ी रेअः बेहतर भविष्य सुनिश्चित मेनते कमिया।
Geeta: - Grandpa! Today I cleaned the house.,गीता:- दादाजी ! आज मैंने घर की सफाई की।,गीता :- सकिम हड़म ! तिसिङ अइञ् ओड़अः कोइञ् सफा केदा।
A thorn was put in the creature.,जीव में कांटे ठोक दिया।,लेः रे जानुम को गुतु किञ।
Ara is eating the haria brought by the two.,आरा दोनों का लाया हुआ हड़िया को खाता पी रहे हैं।,आरा तन किन आउ तद इलि को जोम नू तना।
"Jigilata - Right now, Kudapuriti has gone home, Ruth has gone.","जिकिलता-अभी तो, कुड़ापुरतिकी घर गयी हुई हैं, रूठ गयीं हैं।","जिकिलता - नाअ:, दा, कुड़ापुरतितेको ओड़अ: रेए सेनअकना; हंडा-तनाए।"
"""There are young people, unemployed, but we don't get the youth we need.""",""" नौजवान हैं, बेरोजगार हैं, लेकिन हमें जैसा चाहिए, वैसा नौजवान मिलता नहीं है।""","""दंगड़ा मेनअः कोअः, बेकार मेनअः कोअः, मेनदो अबु चिलका लगातिङा, एनका दंगड़ा को कबु नम जदा।"""
Gamcha to gamcha to bahut se gaamcha toh.,गमछा तो गमछा तो बिता से नापते हैं गमछा तो।,गमचा दो गमचा दो बिता तेबु जोकाएआः गमचा दो।
"As the name suggests, private health services are not owned or controlled by the government.","जैसा कि इनके नाम से ज्ञात होता है, निजी स्वास्थ्य सेवाओं पर सरकार का स्वामित्व अथवा नियंत्रण नहीं होता।","चिलका चि इनकुअः लुतुम ते इतुओःअ, निजी स्वास्थ्य सेवा कोरे सरकारअः स्वामित्व च नियंत्रण का तइना।"
Children at this age have a curiosity about animals.,इस उम्र के बच्चों में जानवरों के प्रति उत्सुकता होती है।,ने उमर रेन होन को जनवर को लेल रअः सनङ तइना।
The artist makes his body flexible.,कलाकार अपने शरीर को लचीला बनाते है।,कलाकार अपनअः होड़मो के लचीला को बइएआ।
"""And that is why my brothers and sisters, I have waged a great battle against corruption and black money.","""और इसलिये मेरे भाइयों बहनों मैंने भ्रष्टाचार काले धन के खिलाफ एक बहुत बड़ी लड़ाई छेड़ी है।",ओड़ो एनामेनते हगा-मिसी को अञ् भरष्टाचार काले धन रअः खिलाफ मेनते मियाद मरङ लड़ाइ एटेःआ कना।
"This day marks the birth anniversary of our Iron Man, Sardar Vallabhbhai Patel.",इस दिन हमारे लौह पुरुष सरदार वल्लभभाई पटेल की जन्म-जयंती मनाते हैं।,ने दिन अबुआ लौह पुरूष सरदार बल्लभभाई पटेल लअः जोनोम जयंती मंतिओ तना।
"Munda said to him, ""Well, give it as soon as you can.""","मुनडा ने उसे कहा, ""अच्छा जितनी जल्दी दे सको दे दो।","मुनडा मेतअःइअ, ""हे', मर; चिमिनङ सेकेड़ाम ओम दड़िअ ओमतम ।"
"Bukila said, ""You, Ruta, you have become too stupid.""","बुकिला ने कहा-आप, रूटा, आप बहुत ज्यादा मूर्ख बन गये।","अद बुकलिा मेनजदा, - अम, रुटा, पुरअः गेम डोनडो जना।"
"""Be it the speed of rail, road, i-way, highway, new airports, in a way, our country is moving at a very fast pace.""","""रेल की गति हो, रोड की गति हो, i-way हो, highway हो, नए airport हों, एक प्रकार से हमारा देश बहुत तेज़ गति से आगे बढ़ रहा है। ""","""रेल रअः गति तइनो, सड़का रअः गति तइनो, आई-वे तइनो, हाइवे तइनो, नवा एयरपोर्ट तइनो, मिद् लेकाते अबुअः दिसुम पुरअः सेकेड़ा गतिते अयर ते बढ़ओ तना।"""
"The ""Dol Mela"" of Garo women is coloured by traditional dress and ""Shongora"" song-and-dance.",गारो महिलाओं का “डोल मेला” पारंपरिक पोशाक और “शोंगोरा” गीत-नृत्य से रंगीन हो जाता है।,"गारो कुड़िकोअः ""डोल मेला"" पारंपरिक सोनोओः ओड़ोः ""शोंगोरा"" दुरङ-सुसुन ते रंगाओःअ।"
I want to find all the AICTE approved institutes offering Diploma courses.,मैं डिप्लोमा पाठ्यक्रम प्रदान करने वाले सभी AICTE अनुमोदित संस्थानों को खोजना चाहता हूं।,आञ डिप्लोमा कोर्स ओम तनको सोबेन ए आई सी टी ई मान्यता नमा कन संस्थान कोके नम सनाङ तनाञ।
Neolithic sites have yielded a wide variety of pottery.,नवपाषाण युग के पुरास्थलों से कई प्रकार के मिट्टी के बर्तन मिले हैं।,नव पाषाण जुग रेअः पुरास्थल कोरे रकम रकम रअः हसा रेअः चटु-थड़िको नमा कना।
"It can all be done, friends in the country, come and stand shoulder to shoulder with me.",ये सब हो के रह सकता है देश में दोस्‍तों आइए मेरे साथ कंधे से कंधा मिलाकर के चलिए।,नेआको होबा दड़िओःअ दिसुम रे सोंगे को हिजुःपे आञ लोः तरन-ते-तरन जमा केआते सेनेपे।
Who explains all this to them?,आखिर उन्हें यह सब कौन समझाता है?,आखिर ओकोएः नेआको बुजाओकोआएः?
"Despite this diversity, crops can broadly be divided into two categories.",इस विविधता के बावजूद मोटे तौर पर फसलों को दो वर्गो में बाँटा जा सकता है।,ने बिपिनगा रेअः बावजुद संगि लेकाते खेतिको के बर खण्ड रे हटिङ दड़िओःअ।
"Today, even after getting acceptance, recognition and fame in the field of art, we remember the adverse times.","आज कला के क्षेत्र में स्वीकृति, मान्यता और प्रसिद्धि पाने के बाद भी विपरीत समय को याद करते हैं।","तिसिङ कला रे क्षेत्र रे स्वीकृति, मान्यता ओड़ोः उमि नम रेअः तयोम तेओ विपरीत सोमोय के पहमेआ।"
"You just abuse them so much! They don't want to be counted with the birds and they don't like being counted among the animals, so they'll have a different life. ""","तुमलोग उनको इतना ही गाली दो ! यह पक्षियों के साथ गिनती करवाना नहीं चाहा और जानवरों में गिनती करवाना उनको पसन्द नहीं आ रहा है, इसलिए इनको कुछ अलग जिन्दगी मिलेगा।’’","नी चेंड़ेंकोलोः हिसाब् रिकन काए सनङजना, ओड़ोः जनतुरे हिसाबेनो काए सुकुतना; एना मेनते नी जुदानोः जिनिद्गेए नमेअ।’’"
Why do you auction FM radio.,आप एफएम रेडियो का auction क्यों करते हैं।,अपे एफ एम रेडियो रअः auction  चनअः मेनते रिकाअः।
"""Otherwise, remember Hindustan, the land of snakes and snakes, the land of the witch, what to eat on Ekadashi.""","""वरना हिन्‍दुस्‍तान याद है सांप-सपेरों का देश, जादू-टोना वाला का देश एकादशी को क्‍या खाना।""","मेनदो हिन्दुस्तान पहम मेनअः बिङ-सपेरों कोअः दिसुम, जादू-टोना कोअः दिसुम एकादशी के चनअः जोम। """
"From here he went to Sarnath, near Varanasi.",यहाँ से वे वाराणसी के निकट स्थित सारनाथ गए।,नेताअः ते इनि: वाराणसी जपा: सारनाथ ते सेनोः जना।
make a new list for me,मेरे लिए एक नई सूची बनाएं,आञ नागेन मिआद नावा सूची बाइपेआञ नागेन मिआद नावा सूची बाइपे
"If the leak is minor and does not damage your home's furnishings or tiles, etc., it is worth waiting to have the repair done during normal business hours.","""यदि रिसाव मामूली है और आपके घर की चीज़ों या टाइले, आदि को नुकसान नहीं पहुंचाता है तो सामान्य व्यावसायिक घंटों के दौरान मरम्मत कराने के लिए इंतजार करना फायदेमंद है।""","जदि लिंगि हुड़िङगे मेनअः ओड़ोः अपेअः ओड़अः रअः जिनिसको च टाइल्स एमन कोके नुकसान काए तेबअःए रेदो सोंगड़ा किरिङ-बेयर रिका इमतङ तंगि मजा मेनअः। """
Discourses and kirtans are regular temple activities.,प्रवचन और कीर्तन मंदिर की नियमित क्रियाएं हैं।,धोरोम जगर आर धोरोम दुरङ मंदिल रेअः जनाओ रअः कानिको तनाः।
Sweet! Dinner is ready!,प्यारे! डिनर तैयार है!,दुलड़! मनडि तेअरअकना!
remove my alarm for tomorrow morning,कल सुबह का मेरा अलार्म हटाओ।,गपा सेतअः रअः अइञअः अलेरम अतोमए मे।
I can never do it.,मैं तो कभी न कर सकती।,आञ दो जाआं इमतुङ काञ रिका दाड़िआ।
"This could include credit card debt, your mortgage, or any other debt.","""इसमें क्रेडिट कार्ड ऋण, आपका़े बंधक, या अन्य कोई भी ऋण शामिल हो सकते हैं।""","नेअः रे क्रेडिट कार्ड रिंड़ि, अपेअः बंधक, च एटअः जेतन रिंड़िं जमा होबा दड़िओअ। """
What happened in the battles of Chamkaur and Sirhind three hundred years ago is indelible history.,तीन सौ साल पहले चमकौर और सरहिंद की लड़ाई में जो कुछ हुआ वो अमिट इतिहास है।,अपि सौ सिरमा सिदा चमकौर ओड़ोः सरहिन्द रेअः लड़ाइ रे ओकोनअः होबा लेना एना मिटव रेअः इतिहास तनअः।
It started in every village.,हरेक गाँव में इसकी शुरुआत हुई।,सोबेन हातु रे एना एटेः जना।
"I asked these questions so that our new generation would be curious, they would read more about them, go see them.","ये प्रश्न मैंने इसलिए पूछे ताकि हमारी नई पीढ़ी में जिज्ञासा बढ़े, वो इनके बारे में और पढ़ें, इन्हें देखने जाएँ|","नेआ कुनुलि को अइङ एना मेनतेइङ कुलि जद् पेअः चि अबुआ नवा पिढ़ि रे सनङ को बढ़ाव का, इनकु नेआः बारे रेको पड़ावएका, नेअः के लेलेन तेको सेनोओका।"
"For a sample, consider, What meat is first when you say chicken meat?","नमूना के लिए तुमलोग विचार करो, मुर्गा मांस कहने पर मुर्गा पहले क्या मांस पहले का पता चलेगा ?","नमुनाते बिचारेपे; सिम जिलु मेनलेरे, सिम सिदानिः चि जिलु सिदा रअःमुनडिओअ ?"
"To find a bride, they search near the guests - relatives, not the market, the haat, everything.","कन्या खोजने तो मेहमानों-रिस्तेदारों के पास ही खोजते हैं, बाजार, हाट सब तो नहीं।","कोनेअ दंड़ा दो कुटुम्ब कुपुल कोता गेको दंड़ा, बाजार पीटी, हाट को दो का।"
There is a scramble of common years.,आम वर्षों का झुरमुट है ।,उलि को आम्बाराए मेनाः।
"""As expenses come up, it might be a good idea to split them up.""","""जैसे ही खर्च आते हैं, उन्हें बाँट लेना एक अच्छा विचार हो सकता है""","चिलकागे करचा हिजुःअ, एना हटिङएअः मिअद् बुगिन बिचार होबा दड़िओअ। """
"By then, a couple of men had returned from the market.",तब तक बाजार से एक दो आदमी वापस आए हुए थे।,इमताङ जाकेद पीटिआते मिआद बारिआ होड़ोको हिजुः रूआड़ाकान को ताइकेना।
I'm going to. I can? Remember you?,"मैं जा रहा हूँ जा रहा हूँ. मैं कर सकता हूँ? तुम्हें याद करने के लिए?""","सेनोः तनइड. सेनोः तनइड. अइङ. दडिअ चि? अम टो’र मेनते?"""
Tin is electroplated over iron in tin cans used for storing food.,खाद्य पदार्थों के भंडारण के लिए उपयोग किए जाने वाले टिन के डिब्बों में लोहे के ऊपर टिन का विद्युतलेपन किया जाता है।,जोमे जिनिस कोरअः भंडारण लइते उपयोगोः तन टिन रअः डब्बा कोरे मेड़ेद् चेतन रे टिन रअः विद्युतलेपन रिकाओःआ।
"That is something that I would like to share with you. In most of the letters, people have appreciated the capabilities of the country and the collective strength of the countrymen.",वह कुछ ऐसा है जिसे मैं आपके साथ साझा करना चाहूंगा अधिकांश पत्रों में लोगों ने देश की क्षमताओं और देशवासियों की सामूहिक शक्ति की सराहना की है।,एना एनकनअः तनअः चि एना अइङ अपे लोःते हटिंङ सनङ तना पुरअः ते लिका कोरे होड़ोको दिसुम रेअः क्षमता ओड़ोः दिसुम रेन होड़ोकोअः गोंट रेअः पेड़ेः को सहरव केदाको।
"But it is not just me, there are many people and I have heard many times about many - a sculptor from Pune, Mr. Abhijit Dhondhfale, institutions Nisarga-Mitra, Vigyan Prabodhini from Kolhapur.","लेकिन ये सिर्फ मैं नहीं कह रहा हूँ, कई लोग हैं और मैंने कइयों के विषय में कई बार सुना है – पुणे के एक मूर्तिकार श्रीमान अभिजीत धोंड़फले, कोल्हापुर की संस्थायें निसर्ग-मित्र, विज्ञान प्रबोधिनी।","मेनदो नेअ: बारि आञ काइङ कजि तना, तरा होड़ोको मेनअ: कोअ:, ओड़ो: आञओ तरा कोअ: पइति रे बेसे लेकाइङ अयुमा कदा - पुणे रे मियद् मुरतु बइनि: श्रीमान अभिजीत धोंड़फले, कोल्हापुर रेअ: संस्था रे निसर्ग-मित्र, विज्ञान प्रबोधिनी।"
Please create a new list.,कृपया एक नई सूची बनाएं।,कृपया मिआद नावा सूची बाइपे।
So she kept trying day and night to bring forward such marginalized tribal groups.,तो ऐसे आखिरी छोर पर रहने वाले आदिवासी समूहों को आगे लाने के लिए वो दिन रात प्रयास करती रहती थीं।,दो नेकन टुंड़ु सअः रे तइन तन आदिवासी गोट को अयर अउ मेनते इनि निदा-सिंगि कुसिस तन तइकेना।
make sure breads are on my grocery list,सुनिश्चित करो कि ब्रेड मेरी ग्रोसरी सूची में हों,सारतेमे चि ब्रेड आञा किराना सूची रे ताइनोःका
And that is the real power and only then can we celebrate the victory together.,और वही सच्ची शक्ति की साधना हो और तभी जाकर कर के हम मिल कर के विजय का पर्व मना सकते हैं।,ओड़ो: एना सरति पेड़े रआ गि साधना होबाओ का ओड़ो: इमताङ  सेन केयाते आबु जामा ते  जिताव कन रआ परब बु मनातिङ दाड़िआ।
"""Pujya Bapu's thoughts and ideals are more relevant today than ever before, if the economic thinking of Mahatma Gandhi had been captured, understood, and followed that path, there would have been no need for the Atmanirbhar Bharat campaign today.""","""पूज्य बापू के विचार और आदर्श आज पहले से कहीं ज्यादा प्रासंगिक हैं, महात्मा गाँधी का जो आर्थिक चिन्तन था, अगर उस spirit को पकड़ा गया होता, समझा गया होता, उस रास्ते पर चला गया होता, तो, आज आत्मनिर्भर भारत अभियान की जरूरत ही नहीं पड़ती।""","""मइनन बापूअः बिचार ओड़ोः आदर्श तिसिङ सिदाए ते जेता तेओ पुरअः गे रासिका मेनअः, महात्मा गांधीअः ओकोन आर्थिक उड़ु तइकेना, जदि एन spirit के सबोः जन रेदो, बुजव जनरेदो, एन होरा रे सेनोः जनरेदो, तिसिङ आत्मनिर्भर भारत अभियान रअः जरुड़ु गे का होबाओअः।"""
The President said that the tribal community attaches equal importance to humanity and nature.,राष्ट्रपति ने कहा कि जनजातीय समुदाय मानवता और प्रकृति को समान महत्व देता है।,राष्ट्रपति कजि केदा चि जनजातीय समुदाय मानवता ओड़ोः प्रकृति के मिद लेका मइन को ओम जदा।
"When you do this, you are in a way sharing a cultural capital with the whole society.",आप जब ऐसा करते हैं तो एक तरह से आप एक सांस्कृतिक पूँजी को पूरे समाज के साथ साझा करते हैं।,अपे एनकापे रिकाजद् रेदो मिद् लेकाते अपे मियद् ससंङकिर हिताअः के गोटा समाज कोलोओपे सजा जदा।
Can we associate local products with our prestige and pride?,क्या हम Local Products को अपनी प्रतिष्ठा और शान से जोड़ सकते हैं?,चना आइञ हातु दिसुम रे बाइया कान जिनिस को अपनाः प्रतिष्ठा ओड़ो शान ते जोड़ाव दड़िओआ?
"Just now, while I was talking to you, an idea came to my mind that can we hold a mock parliament in every district of India? Where these 18-25 year olds sit together to brainstorm on New India, find ways, make plans? How will we fulfil our resolutions before 2022? How can we build an India that our freedom fighters dreamt of? Mahatma Gandhi made the freedom movement a people's movement.","""अभी जब मैं आपसे बात कर रहा हूँ तो मुझे एक विचार आया कि क्या हम भारत के हर ज़िले में एक mock parliament आयोजित कर सकते हैं ? जहाँ ये 18 से 25 वर्ष के युवा, मिल-बैठ करके New India पर मंथन करें, रास्ते खोजें, योजनाएँ बनाएँ ? कैसे हम हमारे संकल्पों को 2022 से पहले सिद्ध करेंगें ? कैसे हम एक ऐसे भारत का निर्माण कर सकते हैं जिसका सपना हमारे स्वतंत्रता सेनानियों ने देखा था ? महात्मा गाँधी ने आज़ादी के आंदोलन को जन-आन्दोलन बना दिया था।""","""नअः चिमतङ अइङ अपे ते जगर तना दो अइङ के मियद् बिचार हिजुः जना चि चिनअः अबु भारत रअः सोबेन जिला रे मियद् mock  Parliament चलाव दड़िआ? ओकोतअः नेअः 18 ते 25 सिरमा रेन दंगड़ा को, जमा-दुब केआते New India रे मंथन रिका, होरा दांड़ाए पे, जोजना को बइएपे? चिलका अबु अबुअः किरिअः को 2022 ते सिदा सिद्ध रिकाएअः? चिलका अबु मियद् नेकन भारत बु बइ दड़िआ ओकोनअः रअः कुमु अबुअः स्वतंत्रता सेनानि को लेला कदा? महात्मा गाँधी आजादी रअः आन्दोलन के जन-आन्दोलन बइ केदा।"""
Why he did not ask anyone cannot be said about it.,किसलिए वह किसी से नहीं पूछा यह इसके बारे में कहा नहीं जा सकता है।,चिनअःमेनते काएः कुलि केद् कोअ एना कजि दो का धड़िओःअ ।
"""Not only this, if Kili and Nima in Tanzania can lip sync songs of India in this way, then do we have any Gujarati children on Tamil songs in my country, in many languages of our country, there are many types of songs.""","""इतना ही नहीं अगर तंजानिया में किलि और नीमा भारत के गीतों को इस प्रकार से Lip Sync कर सकते हैं तो क्या मेरे देश में, हमारे देश की कई भाषाओं में, कई प्रकार के गीत हैं क्या हम कोई गुजराती बच्चे तमिल गीत पर करें।""","""इमनङ गि का जुदि तंजानिया रे किलि ओड़ोः नीमा भारत रेअः दुरंङ को नेन लेकाते लिपसिंक दाड़ियआ को दो चिअः अञ: दिसुम रे, आबुअः दिसुम रेअः चिमिनङ जगर (भाषा) कोरे, चिमिनङ रोकोम रेअः दुरंङ मेनअः चिआः आबु जांन गुजराति होन तमिल दुरंङ रेबु रिकाएआ।"""
"Later, the sepoys from the West took the disciples from Kashmir on the day of their introduction to the religion and world of India.",बाद में पश्चिम के शिपयों को भारत के धर्म और संसार में पहचान बनाने के दिन शिष्यों को कश्मीर से ले गए।,तायोमते पश्चिम रेन चेला कोके भारत रेआ धरम आर ससंकिर लोः चिपिना रिका नागेन आको के काश्मीर तेएः इदि केद कोआ।
D: Sid Leke Gham Kaid.,दः सिद लेकए गम केद।,मूसलाधार पानी बरसा।
"Law is equal for all and everyone has to and must abide by the law, be it an individual, an organisation or a political party.","कानून सब के लिये समान होता है और कानून का पालन भी चाहे व्यक्ति हो, संगठन हो या राजनैतिक दल हो, हर किसी को कानून का पालन करना ही होता है और करना ही पड़ेगाI","अइन सोबेन को मेनते बराबरि होबाओअ ओड़ो: अइन रअ: जतनओ च होड़ो तनि:, गोट तनिः, राजनीतिक गोट तनि:, सोबेन कोके अइन रअ: जतन रिका होबाओ गेअ: ओडो: रिका गे होबाओअ ।"
Madara Munda kept her and brought her up.,मदरा मुण्डा ने उसे अपने पास रखा और पाल-पोस कर बड़ा किया।,बमाड़ एन होन मानकी मादरा मुण्डा तयःते सुतिःम्बा हातु तेए इदि तुकाऐया।
Khanda doom hi chuka.,खण्डा दोम हिचि तुकादा।,खण्डा दोम हिचि तुकादा।
Our Narmada scheme has been in the making for twenty years.,हमारी नर्मदा योजना बीस साल से बन रही है।,अबुआः नर्मदा योजना बारगेल सिरमा ते बाइओःतानगेआ।
"Good. ""","अच्छा।""","हे ""मर।"""
"The spermatozoa, although very minute, each have a head, a midrib, and a tail.","शुक्राणु यद्यपि बहुत सूक्ष्म होते हैं, पर प्रत्येक में एक सिर, एक मध्य भाग एवं एक पूँछ होती है।","शुक्राणु जबचि इसु हुउिङ तइना, मेनदो सोबेना रे मियद् बोः मियद् तला भाग ओड़ोः मियद चलोम तइना।"
"iii. the union of the living beings in human form under the tree, that is, under the lion -",iii. सिङ-तले वृक्ष-तले अर्थात् सरना और जीव जन्तुओं का मनुष्य रुप में संयोग -,iii. सिङ-सुबा दारू-सुबा ओड़ो: जीव जन्तुकोअ: मनोवा रुप रेअ: मेनेसा-
"Bir Singh: If you are not going to tell the story, think about something else.",बीरसिंह-आप यदि कहानी नहीं सुनायेंगे तो कोई बात के बारे में सोचिए ।,बिरसिड. - का‘नि काम का‘निअलेरे दो जान जगरगे उडुड.एमे।
"At night, after dinner as usual, Sandu was crossing the river from Lata with his dholak and rooster.","रात के समय, हर दिन की तरह खाना खाने के बाद सान्दु अपने ढोलक और मुर्गे को लेकर लता से नदी पार कर रहा था।","निदा दिपिलि जनव लेका मंडी- उतु जोम के आते अएअ दुलकी, संडी सिम इदि किना ते बान्दु नाड़ि ते हका परोमेन तन केना।"
He reached home later.,कुछ देर मे घर पहुँच गए।,हुडिङ हेड़ा रेदो ओड़अ किन तेबा केदा।
No photographs of the Dombari Buru incident have been seen.,डोंबारी बुरू की घटना की कोई तस्वीर नहीं दिखी है।,"डोंबरी रेअः घटना ओड़ो गे मेना, ओकोआ रे कमि होबाओ लगातिङा।"
"Ridu - We have done one ganj in the barn, after cutting and finishing the remaining one, there will be equal to that and maybe two ganj, not more than that. Did you start cutting or not.","रिड़ु-हमलोगों ने खलिहान में एक गांज किये हैं, बचा हुआ को काटकर समाप्त करने पर, उसी के बराबर और शायद दो गांज होगा, इससे अधिक नहीं। तुमलोग काटना शुरू किया कि नहीं।","रिडु - कोलोमकोरे मिअदले पड़ोएतदा, सरेअःकनअः इर चबालेरे, एना इमपिरड. ओडोः बरिअ जाअः पड़ोएओअ; पुरअःदो का। अपेदो इरोःपे एटेःकेदा चि अउरिगे ?"
Where does the nakedar live?,नाकेदार कहां रहता है?,होरोनिः कोतअःरेः तइन तना?
The Union Cabinet chaired by the Prime Minister Shri Narendra Modi has been apprised of the Memorandum of Understanding (MoU) between India and Russia on cooperation in the Human Spaceflight Programme.,प्रधानमंत्री श्री नरेन्द्र मोदी की अध्यक्षता में केंद्रीय मंत्रिमंडल को मानव अंतरिक्ष उड़ान कार्यक्रम के अंतर्गत भारत और रूस के बीच समझौता ज्ञापन से अवगत कराया गया।,प्रधानमंत्री श्री नरेन्द्र मोदीअः अध्यक्षता रे केन्द्रीय मंत्रीमंडल के मानव अंतरिक्ष उड़ान कार्यक्रम रअः लेकाते भारत ओड़ोः रूसअः तला रे समझौता ज्ञापन रअः बारे रे उदुबाःइअ को।
Durga will not like it if both of you do not eat even after saying this.,"इतना कहने के बाद भी आप दोनों के नहीं खाने पर, दुरगा को अच्छा नहीं लगेगा।","निमिनङ कजिजनते काबेनअ: रे, दुरगा बे'से काए अटकरे ।"
"""When you're buying food items, it's good to get in the habit of checking the expiration date.""","""जब आप खाद्य वस्तुएं खरीद रहे होते हैं, तो समाप्ति तिथि की जांच करने की आदत डालना अच्छा होगा।""","ओकोन इमतंङ अपे जोमेअः जिनिस कोपे किरिङ जदा, दो टुनडु तारीख रअः जाँच रअः हेवा अउ माजा होबाओआ। """
Shri Arjun Munda proposed to set up Tribal Sports Academy to nurture the sporting talent of tribal youth.,श्री अर्जुन मुंडा ने जनजातीय युवाओं के खेल प्रतिभा को निखारने के लिए 'ट्राइबल स्पोर्ट्स एकेडमी' की स्थापना का प्रस्ताव दिया।,श्री अर्जुन मुंडा दो जनजातीय युवा कोअः खेल प्रतिभा को लेल रिका मेनते 'ट्राइबल स्पोर्ट्स एकेडमी' के बइ रअः प्रस्ताव ओमाइञा।
"It also has activities, sports.","इसमें activities भी हैं, खेल भी हैं |","नियारे activities कोयो मेनाः, इनुड. कोयो मेनाः।"
These words of Sardar Saheb are still inspiring and relevant to our vision of New India.,"सरदार साहब का ये कथन आज भी हमारे New India के vision के लिए प्रेरक है, प्रासंगिक हैं।",सरदार सयोबाअः नेआः जगर तिसिंङ ओ अबुआः New India रेअः vision नगेनते प्रेरक तनाः प्रसांगिक तना।
Raigada - I can't say about this.,रइगड़ा - इसके बारे में मैं कह नहीं सकती।,"रइगड़ा - एना दो, ना, काइङ कजि दड़िअ।"
"Old man - ""Hey, G, grab a small basket and walk.""","बुढ़ा-‘‘ऐ, जी, एक छोटी टोकरी को पकड़कर चलो।’’","हड़म, ‘‘मिअद् टुपअः, ना, सबेमे; दोला।’’"
"Perhaps, even in IITs, you will find some people who are not used to using mobile phones.",शायद यहां आई आई टी में भी कुछ लोग मिल जाएंगे जिनको पूरी तरह मोबाइल उपयोग करने की आदत नहीं होगी।,होबा दड़िओःअ नेताः आई आई टी रेओः तरा होड़ो को नमोःअ ओकोए तको सोबेन लेकाते मोबाइल कमि रे अउ रेअः हेओआ का होबाओःअ।
"Yes, this kind of thing is very good, and you should believe and act on this kind of thing.","हाँ, इस प्रकार की बात बहुत ही अच्छी है, और इस प्रकार की बातों को आप लोगों को विश्वास करना चाहिए और उसके आधार पर चलें।","हे, नेकन जगर पुरःगे बुगिना अद् नेकन जगर को अपे बिसुवास लगतिङ ओड़ोः एनलेका सेनेपे।"
"Of these, I have heard of kaduvakanda, kursi, sakhua seeds, handifal dal, kursi seeds and mango kernels and ole, being spread with tamarind leaves, but I have not seen them.","इनमें से मेरे जानकारी में कड़ुवाकन्द, कुरसी, सखुआ के बीज, हन्डिफल का दाल, कुरसी का बीज और आम की गुठली और ओल, इमली की पत्तियों के साथ पसाया जाता है कहके मैंने सुनी है, लेकिन मैंने उनलोगों को नहीं देखी है।","एनाकोरे अइङ इतुअना हड़द् बो’:, कुलु, हदअः सरजोम, हनडि जो’रअः दालि, कुरसि जङ, ओड़ोःउलि कुबु; अद् ओ’लदो जोजो सकमलोःको तङएअ मेनतेङ अयुमअकदा, मेनदो काइङ लेलअकद्कोअ।"
"About 300 million years ago, the Earth was heavily forested in low-lying areas.",लगभग 300 मिलियन वर्ष पूर्व पृथ्वी पर निचले जलीय क्षेत्रों में घने वन थे।,हला - जोला 300 मिलियन सिरमा सिदा ओते रे लतर उतर दअः क्षेत्र को रे अखण्ड बिर टोनङ तइकेना।
"A sense of peace and contentment pervades their rhythm, beat and dance.","उनकी लय, ताल और नृत्य में एक शान्ति और सन्तोष की भावना पाई जाती है।","एनारअ लय, ताल ओड़ओ सुसुन रे मिअद सुकु ओड़ओ सनङ रआ भाव नमओ तना।"
That is why the government has taken several concrete steps to strengthen internal security.,इसीलिए सरकार ने आंतआं रिक सुरसुक्षा को और मजबूत ब बू नाने के लिए अनेक ठोस कदम उठाए हैं।,नेया मेनते सरकार आंतरिक सुरक्षा को ओड़ो गे केटेः बइयोका मेनते रकम रेया केटेः होरा कोए बइया कदा।
Where we are starting a new venture capital fund.,जहां पर हम एक नया उद्यम पूंजी कोष शुरू कर रहे हैं।,कोताः रे आबु मिआद नवा उद्यम पूंजी कोष बु एटेः जादा।
"Sardar Vallabhbhai Patel was not only a man of transformative ideas, but he was also able to find practical solutions to complex problems.","सरदार वल्लभ भाई पटेल की विशेषता ये थी कि वे न सिर्फ़ परिवर्तनकारी विचार देते थे, लेकिन वे, इसको कर दिखाने के लिए जटिल-से-जटिल समस्या का व्यावहारिक हल ढूंढने में क़ाबिल थे।","सरदार बल्लभ भाई पटेलअः जरूड़ु को एनाको तइकेन चि इनिः मोन को बदजिओः तेआ उडु च विचार कोएः उदुब जद तइकेना, मेनदो इनिः एनाको रिका नगेनते हम्बल ते हम्बल दन्दा-पन्दा देअः व्यवहार रेअः होराः को दांड़ा रे तइकेना।"
"He had an MA in economics, and was employed elsewhere, but he wanted a good, respectable job.","उन्होंने अर्थषास्त्र में एमत्र ए. किया था।, कहीं पर उनको नौकरी करती थी, परन्तु वे अच्छी मान्य नौकरी चाहते थे।","आएः अर्थशास्त्र रे एम. ए. पास अकद होड़ो जेता रेगे कामि (नुकुरि) नाम केदाए होनाङ, मेनदो बुगिन मरङ माइनान नुकुरि सानाङ तान ताइकेना।"
Where will it go next?,आगे के लिए कहां से बचेगा?,आयारते नागेन कोतागाते बाञचाओ: आ?
"The first part (pages 01 to 85) gives various examples of jati, vachana, kriya, adjectives, etc., with vowel characters and consonant characters of Mundari.","प्रथम भाग में (पृष्ठ संख्या 01 से 85) में मुण्डारी के स्वर वर्ण और व्यंजन वर्णों के साथ जाति, वचन, क्रिया, विशेषण इत्यादि का विभिन्न उद्धाहरण देकर लिखे हैं।","सिदा हनाटिंग् रे (मुंअड़ 01 आते 85) रे होड़ो जगर रेअ: मुनु बनि ओड़ो: बोजा बनि लो: ते जाति, सकम, उदम, गमनङ एमनको रअ: रोकोमको जोनोका ओमजद् लो:ए ओमाकदा।"
add coffee to grocery list,किराने की सूची में कॉफ़ी जोड़ दो,किराना सूची रे किराना सूची रे कॉफी जोड़व तम जोड़व तम~।~
But is this true?,मगर क्या यह सत्य है ?,चि नेअ सरते गेआ?
"""No, one above the other, and one above them, and the other, so you go up, and I will go up with you.""","‘‘नहीं, एक के उपर दूसरा, और उनके उपर में और दूसरा, इस तरह से तुमलोग चढ़ते जाओ और मैं तुमसबके साथ ही उपर जाउंगा।’’","काएअ मिअद् निअः चेतन रे एटअः निः ओड़ोः इनिः चेतन रे ओड़ोः पटनः निः ने लेका देए: इदिपे आद् अइञ् अपेअः तेगेइञ् रकाबा ।"""
"Our farmers are doing wonders in honey production these days. The sweetness of honey is changing the lives of our farmers, increasing their income.","""हमारे किसान इन दिनों शहद के उत्पादन में ऐसा ही कमाल कर रहे हैं। शहद की मिठास हमारे किसानों का जीवन भी बदल रही है, उनकी आय भी बढ़ा रही है।""","अबुआ किसान ने दिन हुरूम सुकु रासे रआ उत्पादन रे नेका गि कमाल रिका जदा। हुरूम सुकु रआ हेडेम अबुआ किसान कोआ जीवनओ बदलि जदा, इनकुआ आय ओ हरा इदि तना। """
"Dimbu: In the Kahaani'( story of Dambu), the Dimbu king sees that the plough has sunk into the pit and become quiet.",डिम्बूअ: कहानि' (डम्बू की कहानी) में डिम्बू राजा देखता है कि हल गड्ढ़े में दब गया और शांत हो गया।,डिम्बूअ: कहानि रे डिम्बू राजाए: लेल कि:अ चि नयल गड़ा रेए: तोपान जना आद्ए: हपेन जना।
The boy took the snake.,लड़का साँप को ले चला।,एनाते होन बिङए इदि किआ।
"With more energy now than our government did in 10 years, we have to put all our strength on these four Amrit Pillars.","हमारी सरकार ने जितना 10 साल में किया, अब उससे भी ज्यादा ऊर्जा के साथ हमें इन चार अमृत स्तंभों पर अपनी पूरी ताकत लगानी है।","अलेअः सरकार चिमिनङ 10 बोरोस रे रिका कदए, नअः दो एना तेओ पुरअः पेड़ें लोओते अबु के नेअः उपुन निरल खुंटा रे अपनअः सोबेन पेड़ें एमोओः मेनअः ।"
"Ros I am very sorry. ""","रोस मुझे बहुत खेद है।""","मेस अइंग के बेसे दुकु मेनाः। """
"In Garo marriages, the love song ""Dang Bong"" is sung in the Garo language at the Varmala ceremony.",गारो विवाह में वरमाला समारोह में गारो भाषा में प्रेम गीत “डांग बोंग” गाए जाते हैं।,"गारो अंड़दि रे वरमाला समारोह रे गारो जगर ते दुलाड़ा दुरंङ ""डांग बोंग"" दुरंङओ तना।"
"This Diwali, as every year, I once again went to the border, to the border with China, to celebrate Diwali with the jawans.","हर वर्ष की तरह इस बार दिवाली के मौके पर, मैं फिर एक बार जवानों के साथ दिवाली मनाने के लिये, चीन की सीमा पर, सरहद पर गया था।","सोबेन सिरमा लेका जे नसकानोः सोहराई पोरोब रेअः मौका रे, अइञ ओड़ोः मिसा पलटनको लोः ते सोहराई पोरोब मनातिङ नङ मेनते, चीन रेअः सीमान रे, सरहद रे सेनाकन तइकेना।"
Do I have a list of Dabur safe?,क्या मेरे पास डाबर की एक सूची सुरक्षित है।,चिनअः अइङ तअः रे डबार रेअः मिअद् सूची बुगि लेका मेनअः।
The weavers know early on which fabric to make and how much to make.,बुनकरों  को प्रारंभ में ही पता चल जाता है कि उन्हें कौन-सा कपड़ा बनाना है और कितना बनाना है।,तुकुइतानकोओ ऐटेरेगेको उरूमेअःको चि आकोके चिनकान लिजाःको बाइअःहेके ओड़ो चिमनाडःबाइअः हेके।
The government has also formulated guidelines under Paramparagat Krishi Vikas Yojana (PKVY) to promote organic farming and develop a market for organic products.,· सरकार ने जैविक कृषि को बढ़ावा देने और जैविक उत्पादों के बाजार को विकसित करने के लिए परंपरागत कृषि विकास योजना (पीकेवीवाई) के अंतर्गत दिशानिर्देश भी तैयार किए हैं।,"सरकार, जैविक कृषि के बढ़ावा एम मेनते ओड़ोः जैविक उत्पाद रेअः पीटि के हरा-रकाब मेनते परंपरागत कृषि विकास योजना (पी. के. वी. आई.) रेअः होराते दिशा-निर्देशओ तेयार कदा।"
"God came again and again and asked the same question, and every time he got the same answer. Then God thought, ""This is not right.""","भगवान बार-बार आकर पूछते और हर बर वही उत्तर मिलता। तब भगवान सोचने लगे, यह तो ठीक नहीं है।",एनते सिंग बोंगए एड़ुः केद चि नेय दो का ठीक जन कजि।
"Have you seen today's weather forecast, light rain is forecast in the morning.","क्या आपने आज का मौसम पूर्वानुमान देखा है, सुबह हल्की बारिश होने की संभावना बताई गई है","चिनअः अम तिसिङ रअः मौसम लेल उनुदुब लेला कदा, सेताः नोरोम दअः हिजुः रअः संभवना उदुबा कना।"
send a reply to robert for his email received this morning,रोबर्ट को उसकी आज सुबह मिली ईमेल के लिए जवाब भेजो,राबर्ट के इनिः तिसिङ सेताः नमलेन ईमेल मेनते जबाब कुलेपे
Ramu calls him'Tommy '.,रामू उसे 'टॉमी' कहता है।,रामू इनिः टॉनी लुतुम ते रअः इआ।
Union minister Rajiv Pratap Rudy told reporters that the party completely dissociates itself from what Shanta Kumar said or wrote.,"""केंद्रीय मंत्री राजीव प्रताप रूडी ने संवाददाताओं से कहा कि शांता कुमार ने जो कुछ कहा या लिखा, पार्टी उससे अपने आप को पूरी तरह से अलग करती है।""","केन्द्रीय मंत्री राजीव प्रताप रूडी पत्रकार को के कजिअद कोअः चि शान्ता कुमार ओकोनअः गे कजि केदा च ओल केदा, पार्टी एनाते अपन ते पुरअः गे बिनगा केनाए।"
The nation that does not eat you will be counted among the nations that are higher than you when you eat them.,"तुम्हारा नहीं खाने वाले जाति का तुम्हारे द्वारा खाने पर, वह तुमसे उंची जाति में गिनती किया जायेगा।","अमअः का जोजोम जतिअःम जोजोमरेदो, इनिः अमेते मरङ जतिरेए हिसाबोअ।"
He claimed that there are many such contradictions in the budget.,उन्होंने दावा किया कि बजट में ऐसे कई विरोधाभास हैं।,इनिः दावा केदए चि बजट रे ने लेकन चिमिन बिपिनगा को मेनअः।
vknfe,vknfe,s cqf<+
Book a cab that costs the most,एक कैब बुक करें जिसकी कीमत सबसे सस्ती हो,मोयोद टैक्सी बुक लेम ओकोआ गोनोङ सोबेनकोआते सस्ता मेनाः
Lakhs of people gather in Allahabad to participate in the Magh Mela festival on the banks of the Ganges.,गंगा के तट पर माघ मेला उत्सव में भाग लेने के लिए लाखों लोग इलाहाबाद में इकट्ठा होते हैं।,गंगा जनर रेअः गेना रे माघ मेला उत्सव रे जमन मेनते लाखों होड़ो को इलाहाबाद रे जमाओअः।
They eat and drink during the day by performing pooja and go to throw flowers in the evening.,दिन को तो पूजा पाठ करके खाते  पीते हैं और शाम शाम को फूल फेंकने जाते हैं।,सिगि दो बोंगा बुरू केचि को जोम नू केआ आद अयुब अयुब गिढ़ि बा को सेनोगा।
Chapter-11,अध्याय - 11,कुतुइल - 11
This discovery made them both weak.,इसी खोज कारण वे दोनों बलहीन हो गये,ने पुनुचिद् तेगोकिङ बनदुनुजनाः जेता काकिङ रिका दड़िअइङअ।’’
"When the note is held up by a source of light, the watermark is often visible from both sides.",जब नोट रौशनी के किसी स्त्रोत से लगाया जाता है तो जलचिह्न अक्सर दोनों तरफ से दिखाई देता है।,जब नोट मसकल रअः जान सेतोम ते लगावआ दो दअः चिना जनव बरन सअः ते लेलोगा।
Are all institutions related?,हर संस्था के संबंध है ?,सोबेन सनसटः रेअः संबंध तना  ?
"Hearing the two of them and the sound of the pots and the rooster chirping, Balga began to laugh, he ran away from there as he could not stop laughing and was listening from behind a tree at a distance and was laughing holding his stomach.","उनदोनों का चिल्लाना सुनकर और घड़ों का आवाज और मुर्गा का बकबकाहट सुनकर, बलगा को हंसी आना शुरू हुआ, वह हंसी को रोक नहीें पाने के कारण वहां से भाग गया और थोड़ी दूर में एक पेड़ के पीछे से सुन रहा था और पेट पकड़  कर हंस रहा था।","इनकिङअः ककला अयुमते, ओड़ोः चटुको रअः सड़ि अद् सिमअः बकाबका अयुमते, बलगा, लनदा काए समबड़वकेद्चिइ निरजना, अद् संगिननोः रअः मिअद् दरु दनङ आतेए अयुमतना, अद् लाइः चपुअ चुपअए लनदातना।"
Biogas is by far the most efficient at using animal dung.,बायोगैस अब तक पशुओं के गोबर का प्रयोग करने में सबसे दक्ष है।,बायोगैस नअः जकेद् उरिः मेरोम कोअः गुरूइ रेअः प्रयोग रिका रे सोबेन कोअः ते सेअकना को।
"They range in width from 10 to 50 km and in height from 900 to 1,100 m.","इनकी चौड़ाई 10 से 50 कि॰मी॰ तथा ऊँचाई 900 से 1,100 मीटर के बीच है।","नेअः रेअः चकार 10 (गेलेआः) ते 50 (बारहिसि गेलेआः) कि॰मी॰ (कोस) च सलांगि 900 आते 1,100 मीटर रेअः तलाः रे मेनाः।"
Traditional foods of the Bhilala people use seasonal vegetables and fruits.,भिलाला लोग के पारंपरिक भोजनों में मौसमी सब्जियों और फलों का उपयोग किया जाता है।,भीलाला होड़ोकोअः ससंकिर जोमेअः रे रिमबिल अड़अः सकम ओड़ोः जोः कोरअः कमि रे अउओः तना।
Have you ever been to the mountains?,क्या आप कभी पहाड़ी इलाकों में गए हो?,चिनअः अम जंइमतङ बुरू दिसुम रेम सेन केना?
He has initiated new programmes to improve health services in rural areas.,उन्होंने ग्रामीण क्षेत्रों में स्वास्थ्य सेवाओं के सुधार के लिए नए कार्यक्रमों की शुरुआत की है।,इनिः हातुओड़ाकोरे स्वास्थ्य देङगाको सुधार मेनते नावा कामिकोरमोको एटेः तादा।
"The lake is a popular picnic spot, built by Balak Rao Pratihar of the Kshatriya community in 1159 CE.","""यह झील एक लोकप्रिय पिकनिक स्थल है, जो 1159 ईस्वी में क्षत्रिय समुदाय के बालक राव प्रतिहार ने बनाई।""","नेअः झील मियद् उमिअकन पिकनिक टयद् तनअः, ओकोनअः 1156 ई. रे क्षत्रिय गोट रेन लड़कअः राव प्रतिहार बइअः कदा। """
My Oxigen reward has not been credited to my bank account.,मेरा आक्सीजन इनाम मेरे बैंक खाते में जमा नहीं किया गया है।,अइङअः ऑक्सीजन इनाम अइङअः बैंक खाता रे का जमा कना।
And where the improvement starts is in governance.,और जहां-जहां पर Governance पर सुधार शुरू होता है।,ओड़ोः ओकोतअः-ओकोतअः रे सासन रे सुधार एटेः गोअः।
The horse had come in the day itself on the pretext of roaming after seeing the place or the furniture tied.,दिन में ही घुमने का बहाना करते घोड़ा बांधा हुआ जगह या आसताबल को देख कर आ गया था।,सिंगि रेगे होनोर बेड़ा बहाना ते सदोम तोलो जगह च गोंड़ा लेल पदर सिंग केदा।
He then fell unconscious and died at 9 pm.,फिर वे बेहोश हो गये और 9 बजे उनकी मृत्यु हो गई।,एन तयोम ते 9 बजे लेका रेदो ए बेहोश जना आद् एन तअः रेगे जी सेनोः जना।
"You say big brother, everything will fall on your head.",तुम बड़े भाई कह के सब कुछ तुम्हारे माथे पर आ पड़ेगा।,मरङ बरेअकनम मेनते सो:बेनअ: अमअः बो': रेगे टोगो ।
"After that, no one has asked.",उसके बाद और तो किसी स्थान के लोगों ने नहीं पूछा है।,एनते ओड़ोःदो जेतारेनको काको कुलिअकद्लेअ ।
"Generally, these winds have a very low moisture content, as they originate and blow over terrestrial parts.","सामान्यतः इन पवनों में नमी की मात्रा बहुत कम होती है, क्योंकि ये स्थलीय भागों पर उत्पन्न होती हैं एवं बहती हैं।",भारत रेअः ओड़ोः तंत्र मेनाः।
Where can I check my old deals in Airtel Money?,एयरटेल मनी में मैं अपने पुराने सौदे कहाँ देख सकता हूँ?,एअर्टल मनी रे अइङ अइङअः पुरना सोला कोतअः रेइङ लेल दड़िअः?
Me too!,मैं भी!,अइङओ!
"""Dear Lord!""","""प्रिय प्रभु!""","""मइनन बोंगा!"" """
Traditions are very popular in the state of Assam and people here speak Telugu and prefer to wear a dhoti.,असम राज्य में परंपराएं बहुत प्रसिद्ध है और यहाँ के लोग तेलुगु भाषा बोलते हैं तथा धोती पहनना पसंद करते हैं।,असम राइज रे परंपरा को बेसे उमि गिड़िअः कना ओड़ोः नेतअः रेन होड़ो को तेलुगु जगर को जगर तना ओड़ोः दुति तुसिङ को सुकुअः।
Atwa ka khaliaan mein dhaan sab ko dauri ki kuchh rahi hai.,एतवा का खलियान में धान सब को दौंरि करके खत्म किया।,एतोवा तकोआ कोलोम रे बाबा कोको दाँरि चबा केदा।
"He bought the cat for one hundred rupees, as before.",वह पहले की तरह ही बिल्ली को एक सौ रूपये में खरीद लिया।,इनिः सिदा लेकागे पुसी के मिद् सौ तेएः किरिङ किःअ ।
"This year 2018, coming 18th, 1st January, I don't consider it as normal 1st January.","ये वर्ष 2018 का, आने वाला 18, 1 जनवरी, मैं इसे सामान्‍य 1 जनवरी नहीं मानता।","नेआ सिरमा 2018 रेआ, हिजु: तन 18, 1 जनवरी,अञ नेआ रबल 1 जनवरी कञ मनातिङआ ।"
"We will look after our own business. The one who has gone, he will not come even by calling him, he has made a house in another place.","हम अपने अपने काम धंधा को देखेंगे। जाने वाला तो चला गया, उसको बुलाने से भी नहीं आयेगा, उसने दूसरे जगह में घर बना लिया है।",रअः लीरेओ काए हिजुअ
"This feature of the Constitution, the balance between the three institutions that constitute the basic structure of the Constitution, has also been emphasized by the Supreme Court in many of its judgments.","""संविधान की इस खूबी पर, संविधान के मौलिक ढांचे से जुड़ी तीन संस्थाओं के बीच संतुलन पर सुपीमकोर्ट ने भी अपने कई फैसलों में जोर दिया है |""","""सोम्विधान रेअः नेअः खूबी रे, सोम्विधान रेअः मुनु बबइ ते जुड़वाकन अपिअः संस्था कोअः तला रे बराबरि रे सुपीमकोर्टओ अयअः चिमिनङ फएसला रे जोर ओमा कदाए।"""
"On the second day after Hadu and Binsay left the depot, Baliram and Narayan Singh made their way to Assam.","हड़ु और बिनसए के डिपु से जाने के दूसरे दिन, बलिराम और नारायण सिंह ने आसाम की राह पकड़ी।","हड़ुतेकिङ डिपुएतेकिङ सेनोःजन गपातेरे, बलिरामतेकिङ असाम होरा-किङ सब्केदा ।"
"I read an inspiring story in the paper this morning, it was great.","आज सुबह अखबार में एक प्रेरणादायक कहानी पढ़ी, बहुत अच्छा लगा।","तिसिङ सेताः अखबार रे मियद् उसकुरन कानि पढाव लअः, पुरअः गे सुकु किःअ।"
"Good governance is the only way. These are the two tracks to take the country forward, good governance and development. We want to move forward with the same intention.","सुशासन एक ही रास्ता है। देश को आगे ले जाने के लिए ये ही दो पटरी हैं जो गुड गवर्नेस एंड डेवलपमेंट, उसी को लेकर के आगे चल सकते हैं और उसी को लेकर चलने का इरादा लेकर के हम चलना चाहते हैं।","शासन रुआड़ मियद् गि होरा तना। दिसुम के अयर इदि मेनते नेया गि बरिआ पटरी तना जे गुड गवर्नेस एंड डेवलपमेंट, एना के गि इदि केयाते अयर सेसेन दाड़ि मेना ओड़ो: एनाके गि इदि केयाते सेसेन रआ इरादा इदि केयाते आबु सेसेन सानाङ तना।"
2) A Mundari First Reader,2) ए मुंडरी फस्ट रीडर,2) ए मुंडरी फस्ट रीडर
I would also like to thank the YouTubers who did many programs on'Mann Ki Baat '.,मैं उन YouTubers को भी धन्यवाद दूंगा जिन्होनें ‘मन की बात’ पर अनेक कार्यक्रम किए।,अइञ एन YouTubers  को के धन्यवाद ओमा कोअञ ओकोन को 'मोन रेअः जगर' रे पुरअः कार्यक्रम को रिका कदा।
"As it cools, the water vapor condenses to form clouds.",ठंडा होने पर जलवाष्प संघनित होकर बादलों का रूप ले लेता है।,राड़ेः जनाते दाः भाप गोटा केयाते लअरि रेआ रूप इदि जदा।
Name the states where the Ganges-Brahmaputra basin is located.,उन राज्यों के नाम बताइये जहाँ गंगा-ब्रह्मपुत्र बेसिन स्थित है।,एन राइज को रेआ नुतुम उदुबेम ओकोताः रे गंगा-ब्रह्मपुत्र बेसिन मेनाः।
Union Minister Shri Shekhawat expressed concern over the slow progress of work coupled with under-utilization of funds and requested the State to implement the scheme expeditiously.,केन्द्रीय मंत्री श्री शेखावत ने कार्य की धीमी प्रगति के साथ कोष के कम उपयोग पर चिंता जाहिर की और राज्य से तेजी से योजना का कार्यान्वयन करने का अनुरोध किया,केन्द्रीय मंत्री श्री शेखावत कामी रेअः मंड़ि प्रगति लोःते कोष रअः हुड़िङ उपयोग रे फिकिर उदुब केदाए ओड़ोः राइज ते सेकड़ा ते जोजना के लागू रिका रअः विनती केदए।
Who would have thought this would happen on the way?,"रास्ते में ऐसा होगा, किसने आगे सोचा था ?",होरारे नेकाओअ मेनते दो ओकोए ओड़ोः टो'र अयरलअः ?
Ask your friends and family to share your posts to gain visibility and build a larger customer base.,अपने दोस्तों और परिवार से अपनी पोस्ट को साझा करने के लिए कहें ताकि प्रत्यक्षता मिल सके और एक बड़ा ग्राहक आधार बन सके।,अमअः सोंगे को ओड़ोः ओड़अः रेनको अमअः पोस्ट के हटिंङ मेनते कजिआको पे जे चि लेलेल नमोःअ ओड़ोः मिअद् मरङ गाकि कोअः आधार बइ दड़िओःअ।
"Last Friday in New Delhi, Home Minister Rajnath Singh attended a crucial review meeting with the Chief Secretaries and Directors General of Police of the Left Wing Extremism affected states and DGs of Central Security Forces.",पिछले शुक्रवार को नई दिल्ली में गृहमंत्री राजनाथ सिंह ने वाम चरमपंथियों से प्रभावित राज्यों के मुख्य सचिवों और डायरेक्टर जनरल ऑफ पुलिस तथा केंद्रीय सुरक्षा बलों के डीजी के साथ महत्वपूर्ण समीक्षा बैठक में भाग लिया।,सेनोः जन सुकरूवार हुलाङ नई दिल्ली रे गृह मंत्री राजनाथ सिंह वामपंथी अतिवादी कोआते प्रभावित राइज रेन मुख्य सचिव को ओड़ोः डायरेक्टर जनरल ऑफ पुलिस ओड़ोः केन्द्रीय सुरक्षा बल रेन डीजीपी लोःते महत्वपूर्ण समीक्षा दुनुब रे हिजुः लेना।
"Even after working hard, he earned very little.",बहुत परिश्रम करने के बाद भी उन्होंने बहुत कम कमाया।,साड.गिते साड.गिकामिकेअद ताएओमतेओ ओको हुड़िगेको कामाइकेदा।
Mangalyaan can reach from here within nine months.,नौ महीने के भीतर-भीतर यहां से मंगलयान पहुंच सकते हैं।,एरेया चन्डुः तला-तला नेताःते मंगलयान तेबाः बु दड़ियाः।
"Having given them hope, he returned the next day and went to Haru, saying, ""I went to the village you were told about; they hope we will go on a certain day.""","उनकी आशा देने पर वह दूसरे दिन लौटा और हड़ु के पास जाकर कह रहा है, - ""तुम को कहे गए गाँव मैं गया था; उन्होंने आशा ही, हम लोग निश्चित दिन जाएँगे।","इनकु बोरसाकेद्चि, गपातेरेए रुअड़लेना अद् हड़ुतअःतिः जनचिइ मेतअइतना, ""अइङ कजिअद्-मे हतुतेङ सेनकेना; इनकु बोरसाकेदा; नेनडा हुलङबु सेनोअ ।"
I would like to share with you two very inspiring efforts related to the glorious heritage of Tamil Nadu.,मैं आपके साथ तमिलनाडु की गौरवशाली विरासत से जुड़े दो बहुत ही प्रेरक प्रयासों को साझा करना चाहता हूँ।,अ´ अपेलो डते तमिलनाडु रआ गौरवशाली विरासत ते जुड़ावकन बरिआ प्रेरक जुलुङ को उदुबे´ सनङ तना।
Some private services often encourage activities that are not appropriate in order to earn more.,"कुछ निजी सेवाएँ अधिक कमाने के लिए प्रायः ऐसे कार्यों को
प्रोत्साहित करती हैं, जो सही नहीं हैं।","उड़िङ अपना देपेङगाको साङगी अरजाओमेनते नेलेका कामिको रसिकातेको रेकारिकाजादकोआ, चिलकातेचि बेसकाःहेके।"
"Fairs and festivals of Haryana are famous throughout the country, while its cuisine is rich in spices.","हरियाणा के मेले और त्योहार पूरे देश में प्रसिद्ध हैं, जबकि के व्यंजन मसालों से भरपूर होते हैं।","हरियाणा रअः मेला ओड़ोः त्योहार गोटा दिसुम रे उमिअकना, मेनदो इनिआ व्यंजन मसला ते पेरेःआ कन ताइना।"
Is this meat brought for us to eat or for the vulture eagles to eat?,इस मांस को हमलोगों के खाने के लिए लाया गया है या गिद्ध चीलों के खाने के लिए ?,ने जिलु अबु जोमे मेनते नेतअःरे अउअकना चि दिदि कुड़िदका जोमेका मेनते?
"The next morning, Nandi got up very early and swept the places that had never been cleaned before.",दूसरे दिन सुबह नन्दि बहुत ही जल्दी उठी और पहले कभी भी नहीं साफ की हुई जगहों तक को झाड़-बुहार कर साफ किया।,गापातेरे सेताः दो नंदि इदाङ रे बिरिद जाना आ'र जेताइमताङ का जोः टोगोः तानताः को राटिः जोः पारचि केदा।
This can help you a lot.,ये आपकी बड़ी मदद कर सकता है |,नेया अपेके इसुःइ देंगा पेया।
"On this day, the elderly people are busy in eating and drinking.",इस दिन बुढ़े बुढ़ियाएं खाने पीने में ही व्यस्त रहते हैं।,ने हुलङ दो हड़म बुड़िया जोम नू रेगे को अदाकन तइना ।
Schemes set up by the Ministry of Tribal Affairs can have a positive impact in the long run.,जनजातीय कार्य मंत्रालय द्वारा स्थापित की गई योजनाएं लंबे समय तक सकारात्मक प्रभाव डाल सकती हैं।,जनजातीय कार्य मंत्रालय सअः ते स्थापित कन योजना को इसु दिन जकेद सकारात्मक प्रभाव ओम दड़ियोगा।
"In summer, residents cultivate barley, potatoes, peas, beans, and turnips.","ग्रीष्म ऋतु में यहाँ के निवासी जौ, आलू, मटर, सेम एवं शलजम की खेती करते हैं।","जेटे रितु रे नेताः तइन तन होड़ो को जो बाबा, आलू, मटर, मनाल ओड़ोः सालगोम रेआ को खेती तना।"
Delete my appointment for tomorrow.,कल मेरा अपॉइंटमेंट मिटा दो।,गपा आञाः गपा आञाः अपॉइंटमेंट मिटव तपे। मिटव तपे।
Why do they write like this?,किसलिए वे ऐसा लिखते हैं ?,चिलकाते एनकाको त्र्प्रोलेत्र्प्र?
My caste is Munda.,मेरी जाति मुण्डा है।,अञः जाति मुण्डा तनः ।
"""Don't disrespect anyone because of age or race, respect everyone.""","""उम्र-जाति के कारणों की वजह से किसी का भी अनादर मत करो, हर किसी का सम्‍मान करो।""","""उमर-जति रे कारण कोरअः ते जांन गे अलोपे हिनसतिअः, सोबेन कोके मिद् बराबरि लेल कोम।"""
was done.,किया गया।,रिका जना।
"That's bad. ""","हू? बुरी बात है.""","हु? एद्कन कजिगे। """
Our society is still patriarchal.,हमारा समाज अभी भी पितृ-प्रधान है।,अबुअः होड़ो गोट नअःओ पितृ-प्रधान तनअः।
"Traditionally, vegetarian dishes, such as pitha and aloo-chutney, are prepared with great fanfare in Odisha.","ओडिशा में पारंपरिक रूप से शाकाहारी व्यंजन, जैसे पिठा और आलू-चटनी, बड़े धूमधाम से बनाए जाते हैं।","उड़िशा रे पारंपरिक रूप ते अड़अः सकम जोमेअः को, चिलका चिनलव ओड़ोः आलू-चटनी, पुरअः धूमधाम तेको बइएअ।"
Peacekeeping operations are not easy tasks.,Peacekeeping operations आसान कार्य नहीं हैं।,Peacekeeping operations रबल कामि का तनअः।
Let's find out how it all works out.,"आइए, पता लगाएँ कि यह किस प्रकार संपन्न होता है।","एलाबु, पता लगओएआ चि नेआ चिल्का होबाओ तना।"
"from our home. ""","हमारे घर से।""","अले ओड़अःएते। """
I think they will be gone soon can you add this to my list.,मुझे लगता है ये जल्दी खत्म हो जाएँगे क्या तुम इसे मेरी सूची में ऐड कर सकते हो।,अइंग ठोर जदा चि नेया को सेकेड़ा गे चबाओःअ चिनअः अम नेया अइंञा सूची रे जोड़व दड़िया
"Hence, both these husbands used to visit the Patni Governor's House.",इसलिए ये दोनों पति पटनी गवर्नर हाउस जाया करते थे।,एनामेनते आकिन कुलगिया गवर्नर हाउस तेकिन सेनोः बाड़ा तान ताइकेना।
"Water, in a way, is more important than Paras.","पानी, एक तरह से पारस से भी ज्यादा महत्वपूर्ण है।",दअः मिद लेका ते पारस ते ओ पुरअः महरङ मेनअः।
Narayan Singh and Baliram are adding'sahiya '.,नारायण सिंह और बलिराम 'सहिया' जोड़ रहे हैं।,नरायनसिङ अद् बलिराम सहिअकिङ जोड़वजदा ।
"""This is unbelievable! I can't believe the sign didn't work!""","""यह अविश्वसनीय है! मैं विश्वास नहीं कर सकता कि चिह्न काम नहीं किया!""","""नेअः का विसुवासतना! अइङ काइङ बिसुआस दड़िअः चि चिना का कमिजना!"""
"Old man - ""Come then, I have an empty house, stay there with you.""","बुढ़ा-‘‘चलो तब, मेरा एक खाली घर है, उसमें तुमदोनों ठहर जाओ।’’","हड़म, ""दोला तोबे; अइञअः मिअद् चुटा ओड़अः मेनअः; एनरे डेराएबेन।”"
We pay homage to the martyrs and also congratulate the Navy for its successes.,हम शहीदों को श्रद्धांजलि देते हैं। साथ-साथ Navy की सफलताओं के लिए उन्हें मुबारकबाद भी देते हैं।,अबु शहीद कन कोके मइन-मनारङ ओमाको तना । एना लोओते Navy रेन कोअः दड़िन को मेनते इनकु के धन्याबाद ओमाको तना।
Our Rig Veda is thousands of years old.,हज़ारों साल पुराना हमारा ऋग्वेद |,हजारो सिरमा पुरना अबुआ ऋग्वेद ।
"Bandua - Don't ask me if you understand or don't understand, it will make you laugh. They will distribute wine, drink it at will.","बन्डुआ-समझ में आया या समझ में नहीं आया, ऐसा मुझसे मत पूछो, ऐसा में हंसी निकलेगा। वे मद्य बांटेंगे, उसे तुम इच्छा भर पी लो।","बनडुअ -मुुनडिकेद च काम मुनडिकेद एनाको अलोम कुलि´अ;एनकातेगे लनदा उड़ुड.ओअ। इलिको तिलेअ, एना सनड. बारि नूअनमे।"
"We are familiar with all the forms of God, from the naughty Kanhaiya to the gigantic Krishna, from the scriptural strength to the weapon-strength Krishna.","हम भगवान के सब स्वरूपों से परिचित हैं, नटखट कन्हैया से ले करके विराट रूप धारण करने वाले कृष्ण तक, शास्त्र सामर्थ्य से ले करके शस्त्र सामर्थ्य वाले कृष्ण तक।","अबु भगवानः सोबेन रुउप कोबु इतुवाना,नटखट कन्हैया ओड़ोः मराअं रुप  बई कृष्ण जकेद शास्त्र इतुवनिःयाते शास्त्र पेड़ेः मेनेः तिनिः कृष्ण जकेद।"
"One day after the friendship, they brought her home to meet their mother.",दोस्ती के बाद एक दिन वे अपनी मां से मिलाने के लिए उसे घर ले आए।,सोंगेजान तायोम ते इनिः मुसिङ ओडाः ते एंगाते बुड़िआ लोः लेपेल मेनतेः आउलिःआ।
More than five crore selfies were also posted on the Har Ghar Tiranga website.,हर घर तिरंगा website पर पाँच करोड़ से ज्यादा Selfie भी पोस्ट की गई।,सोबेन ओड़ाः तिरंगा website रे मोड़े करोड़ ते लआः Selfie ओ post जाना।
(c) Chillan Diri (Excluded Stone) - in the range,(ग) छिलन दिरि (बहिष्कृत पत्थर) - सीमंात में,(ग) छिलन दिरि हतु सिमान टुन्डुरे
"He claimed that Hooda's ministers were ""powerless"" and had no say in the functioning of the government.",उन्होंने दावा किया कि हुड्डा के मंत्री ‘शक्तिहीन’ हैं और सरकार के कामकाज में उनकी कोई सुनवायी नहीं है.,इनकु दावा केदाको चि हुड्डाअः मंत्री 'बेगर पेड़ेः’ तनिः ओड़ोः सरकारअः कजि कमिरे इनिअः जेतन सुनवाई बनोःअ।
"The Himalayas, which stretch along India's northern border, are geologically young and structurally complex mountain ranges.",भारत की उत्तरी सीमा पर विस्तृत हिमालय भूगर्भीय रूप से युवा एवं बनावट के दृष्टिकोण से वलित पर्वत श्रृंखला है।,भारत रेअः बोआः कुन्दुड़ि सीमान रे पसरावकन बुरू चुटि  मुटन ते (युवा) च बइयआकन तेआः दृष्टिकोण ते वलित बुरू (श्रृंखला) तनाः।
"Similarly, while writing the Mundari language, the identity of both Visarga and Halanta is linked in the special.",ऐसे ही मुण्डारी भाषा भी लिखते समय विसर्ग और हलन्त दोनो की पहचान विशेष में ही जुड़ा हुआ है।,एन लेकागे मुण्डा जगरो अेल रे हलन्त ओड़ोः विसर्ग लेकन चिना को टुङ विशेष रेगे जुड़ागो तना।
"Programmes like Digital India, Start-up India and Make in India are transforming the economic landscape of the country.","""डिजिटल इंडिया, स्टार्ट अप इंडिया और मेक इन इंडिया जैसे कार्यक्रम देश के आर्थिक परिदृश्य को बदल रहे हैं।""","""डिजिटल इंडिया, स्टार्टअप इंडिया ओड़ोः मेक इन इंडिया लेकन कार्यक्रम को दिसुम रअः आर्थिक दसा को बदलि जदा।"""
But the rise of coalition politics in India in recent years has somewhat limited the powers of the prime minister.,लेकिन हाल के वर्षों में भारत में गठबंधन की राजनीति के उभार से प्रधानमंत्री के अधिकार कुछ हदतक सीमित हुए हैं।?,मेनदो हाल रअः साल भारत रे गठबंधन रे राजनीतिअः उभारते प्रधानमंत्रीअः हक हुड़िङ कन लेका चबा जना।
"Tools, weapons, jewelry, and utensils were made from copper and bronze.","ताँबे और काँसे से औज़ार, हथियार, गहने और बर्तन बनाए जाते थे।","तांबा ओड़ोःकाँसाते ओजार, हतेयार, हिसिर ओड़ोः तड़ा बइओः तन तइकेना।"
"Where they are used, it is also a good way to protect the environment. We will all make efforts together, only then the environment will also be strong and the country will also move forward.",जहाँ उनका उपयोग होता रहे। यह भी पर्यावरण की रक्षा का एक अच्छा रास्ता है। हम सब मिलकर प्रयास करेंगे तभी पर्यावरण भी मजबूत होगा और देश भी आगे बढ़ेगा।,ओकोरे नेअः को कमि रे हिजुःआ। नेआओ पर्यावरण रेअः होरो-जतान रेअः मिअद बुगिन होरा तनअः। अबु सोबेन मिसाते जुलुङ रेदो पर्यावरणओ केटेः गोःअ ओड़ोः दिसुमओ अयर ते सेनोःगा।
"The Lishai tribe of Manipur presents the traditional sword-waving image to the beats of thap and dholak in the folk dance ""Ghaudiya.""",मणिपुर के लीशई जनजाति के लोग लोकनृत्य “घोऊडिया” में थाप और ढोलक की ताल पर पारंपरिक तलवार लहराते हुए छवि प्रस्तुत करते हैं।,"मणिपुर रेन लीशाई जनजाति होड़ोको लोक सुसुन ""गौड़िया"" रे थाप ओड़ो दुलकी रेआ ताल रे पारंपरिक तलवार ओटाङ तनलोः छोबी को लेल रिका जादा।"
This sort of commodification of the praja ryots with the royal zamindar gave rise to the name zamindari system.,राज जमींदार के साथ प्रजा रैयत का इस प्रकार का माल निर्धरण ही जमींदारी सिस्टम नाम पड़ा।,राजा-जिमिदार कोलोः परजा रइयत कोअः नेलेकन मार तोनोलगे जिमिदारी (जमीनदारी) तोनोल (सिसटम) नुतुमजना।
"Later, the descendants of the same boys of Manu spread all over the country.",पीछे मनु के उन्हीं लड़कों की सन्तान सारे देश में फैल गई।,मनुअः अयः होन को पुग पुर दाशा सोबेनअः एं उदुःबद् कोआ। निकु सोबेन मनुअः होन को(मनवां) कजिओः जना।
It is a sin to rob another of his or her earnings.,"दूसरे के कमाए पुंजी को लुटना,पाप है।","एटा निः कमि-उदम तद पुंजी रे ताउइ का बेसेअ, पाप नमोअ।"
"""Of course I do! And I'm going to give it back to you as soon as they do it from this key-lit spot.""","""निश्चय ही मैं करता हूँ! और मैं इसे तुम्हें वापस देने के लिए जा रहा हूँ जैसे ही वे इस कुंजी चमकी हुई जगह से कर रहे हैं।""","""जरुड़ु गे अइङ रिकाअः! ओड़ोः अइङ नेअः अमके ओम रुड़ा मेनतेङ सेनोः तना चिलका गे इनकु ने चाबी चमकाओ तन तअः तेको रिका जदा।"""
Budu has become thin!,बुदु को पतला पखाना हो गया है !’’,बुदु लाइः दुल नमअकअःइअ!’’
"These rules were followed by an assembly of caste elders, called in some areas'caste panchayats '.",इन नियमों का पालन जाति के बड़े-बुजुर्गों की एक सभा करवाती थी जिसे कुछ इलाकों में 'जाति पंचायत' कहा जाता था।,नेअ अइनअड़ि कोअ: पालन जाति रेन मरङ हड़म होड़ो कोआ: सभा रिका जद तइकेना को ओकोके एनतारा टयद् रे ’जाति पंचाइत’ को मेन जाद तइकेना।
We Indians take great pride in these cultural ties.,इन सांस्कृतिक संबंधों को लेकर हम भारतीय काफ़ी गर्व महसूस करते हैं |,ने ससंकिर संबंध कोअः ते गे अबु भारतीय को पुरअः गे गर्व बु अटकारेया।
"Hungera: Hey, brother, we both are thinking the same way.","हंगेरा- ऐ, भाई, हम दोनों एक ही तरह का सोच रहे हैं।","हंगेरा - ‘ए’ हले, बरनकिङ मिद् रकम उड़ुःगे नमकेद्लङअ।"
"""That's it!""","""यही है!""","नेअगे तनअः!"""
Brothers are agreed by the people.,हड़ु से भाई लोग राजी होते हैं,हड़ुलोः हगाको रजिनतना
The standard language is based on the Cuttack dialect.,मानक भाषा कटक की बोली पर आधारित है।,पातिआन जागार कटक राः जागार रे टेकाओआकाना।
There is a provision for creation of 25 posts in various ranks from the ranks of Assistant Commandant to Additional Director General to augment the supervisory staff in the senior duty posts of CISF.,सीआईएसएफ के वरिष्ठ ड्यूटी पदों में सुपरवाइजरी स्टाफ बढ़ाने के लिए सहायक कमांडेंट से अपर महानिदेशक के रैंकों तक विभिन्न रैंकों में 25 पदों के सृजन का प्रावधान है।,सीआईएसएफाः वरिष्ठ ड्यूटी पद रे सुपरवाइजरी स्टाफ बढाव मेनते सहायक कमांडर-जनरल ते अपर मरड. उनुदुब गोमकेअः पद जकेद बिनगा-बिनगा पद रे 25 (मोड़े) पद सिरजन रअः प्रावधान मेनअः।
"And it fits on a stroller. ""","और यह एक stroller पर फिट है।""",ओड़ोः नेअः मियद् ⁇  रे fit मेनअः।
I congratulate Bilal Dar very much.,मैं बिलाल डार को बहुत बधाई देता हूँ।,अइङ बिलाल दार के पुरअः गे बधाईङ ओमइ तना।
It left a deep impression on my mind.,मेरे मन पर गहरा प्रभाव छोड़ जाती हैं।,आञाः जी रे इकिर असर बागेओःआ।
"In Karam songs, Halka Karam, Bhari Karam and Khemta Ye To Karam are sung along with the songs.","करम गीतों में तो हल्का करम, भारी करम और खेमटा ये तो करम गीतों के साथ ही गायी जाती है।","करम दुरङको दो रबल करम, हंबल करम ओड़ो: खेमटा को दो करम दुरङको लो: तेगे दुरङ जमाओ तना।"
"In Bhogali Bihu in Assam, a meal prepared with rice, water, and fresh meat at home is a symbol of family reunion.",असम के भोगाली बिहू में घर-घर में चावल पानी और ताजा मांस से तैयार भोजन पारिवारिक मेल मिलाप का प्रतीक है।,असम रअः भोगोली बिहू रे ओड़अः-ओड़अः रे चउली दअः ओड़ोः बेरेल जिलु ते सेकेड़ा जोमेआ ओड़अः-दुअर रे मेल-मिलाप रअः चिना तना।
Christian societies are called mission people.,क्रिश्चियन समाज को मिशन लोग कहे जाते हैं।,किरतन समाज मिशन में कजियो तना।
I want to apply for an education loan.,मैं शिक्षा ऋण पर आवेदन करना चाहता हूं।,अइङ पढ़व रिंड़ि रे दरखास सनङ तना।
Keep a sample of your writing in this file.,इस फ़ाइल में अपने लेखन का एक नमूना रखें।,नेआ फाइल रे अपनअः ओनोल रअः नमुना जोगावएपे।
These provide aggregate information about specific industries and trends.,ये विशिष्ट उद्योगों और रुझानों के बारे में समग्र जानकारी प्रदान करते हैं।,निअः बेसतेएअः उद्योग ओड़ोः सेसेनतनअः कोरअः बारेरे मेसाकन इनितुए ओमजादा।
"I am happy to note that our farmers, especially the young ones with small holdings, are enthusiastically adopting natural farming.","मुझे यह जानकर प्रसन्नता हुई है कि हमारे किसान, विशेषकर छोटी जोत वाले युवा किसान प्राकृतिक खेती को उत्साह-पूर्वक अपना रहे हैं।","अइञ नेअः इतु केआते सुकु रसिका जनाइञ चि अबुअः किसान, जे लेका चि हुपुड़िङ दंगड़ा किसान को प्रकृतिक खेतोके रसिका लोःते को अपनव जदा।"
He has highlighted the role of tribal communities in environmental conservation.,उन्होंने पर्यावरण संरक्षण में आदिवासी समुदायों की भूमिका को महत्वपूर्ण बताया है।,इनिः पर्यावरण जोगव-जोतोन रे आदिवासी समाज कोअः भूमिका को मइनन उदुबा कदए।
"""Following the Tercian practice of chord construction by stacking thirds, the simplest first stress above the third and fifth notes present is attached to a triad by stacking, the other third note above the fifth note, giving a new tone, a strongly pitched seventh note distinct from the original note and thus called the"" ""seventh"" ""tone of the chord and producing a four-note chord, called the"" ""seventh chord."" """"","""तीसरे स्वरों के स्टैक द्वारा कॉर्ड निर्माण के टर्शियन चलन का अनुसरण करते हुए, मौजूद मूल स्वर, तीसरे और पांचवे स्वर के ऊपर सबसे सरल प्रथम तनाव को स्टैंकिंग द्वारा एक ट्राइऐड से जोड़ा जाता है, अन्य तीसरे स्वर को पांचवे स्वर के ऊपर, एक नया स्वर देते हुए, मूल स्वर से अलग एक सातवें स्वर का सशक्त रूप से कर्कश सदस्य और इस तरह कॉर्ड का """"सातवां"""" स्वर कहा जाता है और एक फोर-नोट कॉर्ड पैदा करता है, जिसे """"सातवां कॉर्ड"""" कहा जाता है।""","""अपिअ लेका सड़िकोरेअः स्टैकते ससंङ बइ रअः टर्शियन चोलोन ओतोड. तनलोः, मेनअः मूद ससंङ, अपिअ ओड़ोः मोंड़ेंअ ससंङ रेअः चेतन रे सोबेनेते सिदा उतर तनाव को स्टैंकिंगते मिअद ट्राइआड. ते जोटोः तना, एटअः अपिअ ससंङ को मोंड़ेंअ ससंङ रेअः चेतन रे, मिअद नवा ससंङ ओमजद्लोः, मूद ससंङएते बिनगा मिअद ए 'अ ससंङ रअः पेड़ेःअन नोः लेका कर्कश सदस्य ओड़ोः एनलेका ससंङ रअः"" ए' अ 'ससंङ कजिओअ ओड़ोः मिअद उपुन-नोट रअः कोडोः सिरजओअः, एना दो ""ए' अ 'ससंङ क"
Tell the company that their service is poor.,company को बताओ की उनकी सेवा खराब है।,कंपनी के उदुबेम चि इनकुअः सुसर बागाड़ा मेनअः।
"Maharashtra's folk music and dance are very famous, while its cuisine has a traditional flavour.","महाराष्ट्र का लोक संगीत और नृत्य बहुत प्रसिद्ध है, वहीं के पकवानों में पारंपरिक स्वाद मिलता है।","महाराष्ट्र रअः लोक संगीत ओड़ोः सुसुन बेसे उमि गिड़िअः कना, एनतअः रअः जोमेआः को रे पारंपरिक सिबिल नमोःअ।"
"Lepo - It is not about getting married, it is about getting partition here.","लेपो - वह तो शादी की जाने, की ही है, यहीं बँटवारा पाकर रहेगी सो बात नहीं है।",नेरेगे हनटिङ नमके'तेए तइना मेने कजिदो बनोअ ।
"I would like to mention here the doctors, nurses, health workers, administrators associated with health services and sanitation workers who have taken care of the victims by risking their lives.","मैं यहां उन डॉक्टरों, नर्सों, स्वास्थ्य-कर्मियों, स्वास्थ्य सेवाओं से जुड़े प्रशासकों और सफाई-कर्मियों का उल्लेख करना चाहता हूं जिन्होंने अपनी जान जोखिम में डालकर पीड़ितों की देखभाल की है।","आञ नेताः एन डॉक्टर को, नर्स को, स्वास्थ्यकर्मि को, स्वास्थ्य सेवा को ते जुड़ाव कन प्रशासक को ओड़ोः सफाई कर्मि कोअः उदुबः सनङ तनञ आको अपनअः जीउ सोंकोट रे ओम केअते पीड़ित कोके नेल जाअःको तइकेना।"
Gaya Munda said that Mor Sahi would have to be killed by cutting and firing like Sibil.,गया मुुण्डा बोला कि मोर साही सिबिल जैसे काट कर फायरिंग करके मर डालना होगा।,गया मुण्डा कजि केदा चि मरा सइल सिलिब लेका बु मअ तुइन गोए कोअ।
"Yet, they tried to deal with the question of sharing power differently.",फिर भी सत्ता में साझेदारी के सवाल को उन्होंने अलग-अलग ढंग से निपटाने की कोशिश की।,इमिन रेओ सत्ता रे साझेदारी रेअः कुनुलि इनकु बिनगा-बिनगा रोकोम ते निपटव रेअः कोशिश जदा।
Note that the tropics lie between the Tropic of Cancer and the Tropic of Capricorn.,ध्यान दे कि उष्णकटिबंधीय प्रदेश कर्क रेख और मकर रेखा के मध्य स्थित हैं।,देयान बु ओमे चि उष्णकटिबंधीय दिसुम कर्क रेखा ओड़ोः मकर रेखा रेआ ताला रे मेनाः।
"During Rakshasa Dahan, the victory flag is hoisted by lighting the effigy of Ravana and fireworks are set off.",राक्षस दहन के समय रावण की झाँकी जलाकर विजय पताका लहराई जाती है और आतिशबाजी की जाती है।,रागोसा ओन्डोर गिड़ि सोमय रावण तकिनाः झांकी ओन्डोर केयाते दड़ीजन  रअः झण्डा ओटङ ओ तना ओड़ोः आतिशबाजीओ तना।
The world has witnessed the IT revolution for the last 30 years.,पिछले 30 वर्षों से दुनिया में आईटी क्रांति देखी गई है।,सेनोः जन 30 सिरमाआते गोटा दिसुम रे आई टी क्रांति लेल जाना।
It is through vision that you can see the words and sentences printed on this page.,दृष्टि द्वारा ही आप इस पृष्ठ पर छपे शब्दों तथा वाक्यों को देख पाते हैं।,दृष्टि द्वारा तेगे अपे ने पृष्ठ रे छपवकन टुङ को ओड़ोः बनि सोनोतोः (वाक्य) केबु नेल दड़िआ।
"One of the poets and scholars of the present time, Shri Bhaiya Ram Munda, has written the stories of Danda Tamakan Hodo.",वर्त्तमान के कवियो विद्वानो में से एक नाम श्री भइया राम मुण्डा ने दांड़ा तमाकन होड़ो कहानियो को लिखे है।,हालियान ओनेल हरिआ अकिलान होड़ो कोआ लुतुम ओड़ोः पुथि को - भइराम मुण्डा - दांड़ा जमाकन होड़ो कानि को
Some consulting firms may also share your information with third parties.,कुछ यंत्रमानव सलाहकार आपकी जानकारी किसी तीसरे पक्षों को भी दे सकते हैं।,तरा लेका यंत्रमानव उनुदुब को अमअः इनितु जांन अपिया पक्ष को ओम दाड़िआको।
I can say that the International Yoga Day on 21st June influenced my life.,मैं कह सकता हूँ कि 21 जून को अंतर्राष्ट्रीय योग दिवस ने मेरे जीवन को प्रभावित किया।,अइञ कजि दड़िआ चि 21 जून रे अन्तर्राष्ट्रीय योग दिवस अइञा जीदन के प्रभावित केदा।
"Don't go ahead, my friend.","तुम आगे में मत चलो मेरे मित्र,","नेलोरेम नयरोअ, गतिङ"
This polling station is located at an altitude of 15000 feet in the Lahaul-Spiti region of Himachal Pradesh.,यह मतदान केंद्र हिमाचल प्रदेश के लाहौल-स्फिति क्षेत्र में 15000 फीट की ऊंचाई पर स्थित है।,नेआ मतदान केन्द्र हिमाचल प्रदेश रेअः लाहौर-सिफति क्षेत्र रे गेल मोड़ेआ हजार फीट रेअ5 सलांगि रे
"If you say it right now, be prepared.",अभी ही कह दें तो तैयार रहेंगे जाओ।,"नाअःरे कजितइरे, तेअरअकनए तइना।"
It is India that talks of Vasudhaiva Kutumbakam.,यह भारत देश ही है जो वसुधैव कुटुंबकम् की बात करता है।,नेअ भारत दिसुम गे तनअः ओकोअ चि वसुधैव कुटुम्बकम् रअः जगर जदा।
"At the same time, the use of technology is also important for the conservation of these heritages. Recently, was reading about an interesting project.","""वहीँ, इन धरोहरों के संरक्षण के लिए technology का उपयोग भी महत्वपूर्ण है। हाल ही में, एक interesting project के बारे में पढ़ रहा था।""","""एनतअः गि, ने धरोहर को रअः संरक्षण मेनते technology रअः उपयोगओ जरुड़ु मेनअः। हालि रेगि, मियद् interesting  project रेअः बारे रे पढ़व तन तइकेना।"""
"Friends, Be it the struggle story of a freedom fighter, the history of a place, any cultural story of the country, during'Amrit Mahotsav'you can bring it in front of the country, become a medium to connect the countrymen with it.","साथियो, किसी स्वाधीनता सेनानी की संघर्ष गाथा हो, किसी स्थान का इतिहास हो, देश की कोई सांस्कृतिक कहानी हो, ‘अमृत महोत्सव’ के दौरान आप उसे देश के सामने ला सकते हैं, देशवासियों को उससे जोड़ने का माध्यम बन सकते हैं।","गतिको, जांन स्वाधीनता सेनानी अः संघर्ष गाथा, जांन टयद रअः इतिहास, दिसुम रेअः जांन सांस्कृतिक कहानि, ‘अमृत महोत्सव’ रअः सोमय रे अपे दिसुम रअः अयर रेेपे जोगव च अगु दड़िया, दिसुम होड़ो को के एनाते जोड़व रअः होरा पे बइ दड़िया।"
A PIL was filed by advocate Awadh Kaushik opposing the decision of the Kejriwal government.,केजरीवाल सरकार के इस फैसले के विरोध में वकील अवध कौशिक द्वारा एक जनहित याचिका दायर की गई थी।,केजरीवाल सरकारअः नेआ फैसला रेअः विरोध रे वकील हागाडि कौशिक सअः ते मियद् जनहित याचिका ओल लेना।
"In the story of Tuyu ad Kula'( The jackal and the lion), once both the jackals (male and female) fooled a lion.",तुयु आद् कुला' (सियार और शेर) की कहानी में एक बार सियार दोनों (नर और मादा) ने एक शेर को मूर्ख बनाया।,तुयु आद् कुला' कहानि रे मोसा दो तुयुकिङ (एंगा अर संडि) मियद् कुला बोकाकिङ बइ कि:अ।
"""These people will fall.""","""ये लोग गिर पड़ेंगे।""",ने होड़ोको बटिओःअ।’’
We are not a community.,हमलोगों के बिरादरी का नहीं है।,अलेअः जातिरेनिः कतनिः ।
"Mangra - Didn't you ask them - birds, how many men will you make buffaloes in the time of cattle? ""","मंगरा-क्या तुमने उनलोगों से नहीं पूछा-पक्षी, गाय-बैल के समय आपलोग कितने आदमियों को भैंस बनायेंगे’’ कहके ?",मंगरा - का चिअम कुलिकेदकोअ “चेड़कउरिः दिपिलि चिमिन होडोपे केडाकोअ ” मेनते?
I have taken the time to read many of these postcards.,समय निकालकर इनमें से काफी पोस्ट कार्ड को मैंने पढ़ने का प्रयास किया है।,सोमय उड़ुड़ केयाते इसु पोस्ट कार्ड को अञ पड़व रेयाःञ कोशिश तेदा।
"If Vedas said -'Vasudhaiva Kutumbakam ', Vinoba ji would say -'Jai Jagat '....................................................................................................................................................................................................................................",अगर वेद कहते थे - 'वसुधैव कुटुम्बकम्' तो विनोबा जी कहते थे - 'जय जगत'......और इसलिए हमारे लिए विश्व एक परिवार है।,मेनदो वेद कजि जाद् ताइकेना - 'वसुधैव कुटुम्बकम्' दो विनोबा जी कजि जाद् ताइकेना  - 'जय जगत.....ओड़ो एना मेनते अबुआ मेनते विश्व मियद परिवार तनअ:।
"Often, doctors are like family friends.",अक्सर डॉक्टर परिवार के मित्र की तरह होते हैं।,डॉक्टर ओड़ाः रेन सोङगे लेका मेनाःइ।
The song is composed in the raga Jatara.,जतरा राग में यह गीत बनाया गया है।,जातरा रोड. रे नेया दुराड. बाइया कना।
"In fact, Munda society still has a rule of thumb for non-bearing children from other castes.",सच मे अभी भी मुंडा समाज मे बच्चे नहीं संभलने पर दूसरे जातियो से रिस्ता का नियम-विधि है।,सरते गे नाओ मुण्डा समाज रे होन को कको टेकव तन रे एटा जाति कोलो कि कुपुल रअ नियम निरगि को मेनअ।
You can get information about different payments from ksb.gov.in to make a financial contribution.,आर्थिक योगदान देने के लिए आप विभिन्न भुगतान के बारे में जानकारी ksb.gov.in से ले सकते हैं |,आर्थिक योगदान ओम मेनते अम बिनगा-बिनगा भुगतान रआ बारे रे जानकारी ksb.gov.in ते इदि दड़िया।
A large number of valleys are found between these ranges.,इन श्रृंखलाओं के बीच बहुत अधिक संख्या में घाटियाँ पाई जाती हैं।,नेअः श्रृंखलाओं रेअः तलाः रे इसु पुरअः लेनेका रे बिनियुर/जोला/घाटि को नमोः तनाः।
"Namaskar, Prime Minister, I, Sharmila Dharpure, am speaking from Mumbai.","प्रधानमंत्री जी नमस्कार, मैं, शर्मिला धारपुरे बोल रही हूँ, मुम्बई से।","प्रधानमंत्री जी जोअर, अइञ, शर्मिला धारपुरेञ कजि जदा, मुम्बइ ते।"
He struck the chameleon with a slingshot while shaking his head.,सिर हिलाता हुआ गिरगिट को उन्होंने गुलेल से मारा ।,डोबोः डोबोः तन टेटेंगा राबडा तेको टोटे किःआ।
Forests were burnt in Baisakh.,बैसाख में जंगलों को जलाया जाता था।,बैसाख रे बिर कोके ओन्डोर जद् तईकेना।
"Assam has a rich cultural heritage, and the special dishes are very tasty.","असम की सांस्कृतिक विरासत बहुत समृद्ध है, और की खास डिश बहुत स्वादिष्ट होती है।",असम रेअः संसकिर बिरासत इसु किसांड़ा मेनअः ओड़ोः नेआ रअः खास जोमेआ को इसु सिबिल होबाओःअ।
Traditional puja rituals are followed in temples and palaces in Bhopal.,भोपाल में मंदिरों और महलों में पारंपरिक पूजा विधियों का पालन किया जाता है।,भोपाल रेअः मंदिरको ओड़ोः महल कोरे पारंपरिक बोंगा-बुरू को मनातिङ तना।
I made poha and tea for breakfast this morning which was very light and tasty.,मैंने आज सुबह नाश्ते में पोहा और चाय बनाई जो बहुत हल्की और स्वादिष्ट थी,आइञ तिसिङ सेताः लोआड़ि रे पोहा केदा ओड़ोः चाय बाइतादा ओकोआ इसु राबाल ओड़ोः सिबिल ताइकेना।
"""And so on the one hand there are allopathic medicines, which you open and eat.""","""और इसलिये एक तरफ एलौपैथिक दवाइयां हैं, जिन्हें खट से खोला और खा लिया।""","ओड़ो एना मेनते मिद् सअःदो एलाउपेदिक रनुको मेनअः, एनाको खटिते निःकेदा अद्ए जोमकेदा। """
"My father Kaka raised a two-legged tiger, he ate those people.","मेरे पिताजी काका लोग एक दो पैरों वाले बाघ को पाल पोस के बड़ा किया, वह उन लोगों को खा गया।",इनिःअकोए जोमकेद्कोअ।
"Due to the demolition of the Kodang-Buru, the height of the Kodang-Buru from the Sukan-Buru is still low.",कोड़ङ-बुरू के ध्वस्त हो जाने के कारण अभी सुकन-बुरू से कोड़ङ-बुरू की ऊँचाई कम ही है।,कोड़ङ-बुरू हंदिड़िजन लेकाते गे निमतङ सुकन-बुरू आते कोड़ङ-बुरू खोम गे सलंगिअ।
Let us try our strength.,आओ हमलोग अपनी ताकत आजमा लें।,एनाते लिटा कोड़ा हे मर तोबे अम गे सिदाएमेः मेन केदा।
"""Here.""","""यहाँ।""","""नेतअः।"""
Thirty-three students have been booked.,तैंतीस छात्रों पर जुर्म दर्ज हो चुका है।,आपिगेल आपिआ इतुन तन को चेतान रे जुर्म ओलउताराकाना।
How much time do people have?,लोगों के पास कितना टाईम है?,होड़ोको ताः चिमनुङ सोमाए मेनअः?
"Forest products are traditionally used by the tribal community in Katangi, Madhya Pradesh.",मध्यप्रदेश के कटंगी में आदिवासी समुदाय के लोग पारंपरिक रूप से वन उत्पादों का उपयोग करते हैं।,मध्यप्रदेश रअः कटंगी रे आदिवासी समुदाय रेन होड़ो को पारंपरिक मुटन ते बिर ते नमोः तन जिनिस को कमि रेको अउएआ।
"For the first time in Saudi Arabia, a woman Al Hanouf Saad Ji led the common yoga protocol.",सऊदी अरब में पहली बार एक महिला अल हनौफ साद जी ने common yoga protocol को lead किया।,सऊदी अरब रें सिदा उतर मियद कुड़ि अल हनौफ साद जी ने common yoga protocol  केदा।
"According to Jayadhir Thirumala Rao, former director of the Andhra Pradesh Eastern Manuscripts Library and Research Centre, the name Telangana is of Gondi origin.","""आंध्र प्रदेश पूर्वी हस्तलिपि पुस्तकालय और शोध केंद्र के पूर्व निदेशक जयधीर थिरुमाला राव के अनुसार, तेलंगाना नाम गोंडी मूल का है।""","आंध्र प्रदेश सिंगि तुरोः रअः तीः लिपि पुथि ओड़ाः ओड़ोः शोध केन्द्र रेन सिदा डायतेक्टर जयधीर थिरूमाला रावअः लेकाते, तेलंगाना नुतुम गोंडी मूल रअः तनअः। """
Jaga Jimmy Sobena Le Oma Vena Ne Taid Re Tabu WongAben.,जगा जिमी सोबेेना ले ओमा वेना ने टयद रे तबू वोंगएबेन।,हमलोग तुम्हें जगह-जमीन सब कुछ देंगे।
But our future generations are not that familiar with history.,लेकिन हमारी आने वाली पीढ़ियों को इतिहास से उतना परिचय नहीं है।,मेनदो अबुअः हिजु तेन होन गांड़ा को नेअ इतिहाइसि ते इमिनङ उपरूम बनोअः।
One magnet can exert a force on another magnet without coming into contact with it.,एक चुंबक दूसरे चुंबक पर बगैर सम्पर्क में आए ही बल लगा सकता है।,मियद् चुम्बक एट्अः चुम्बक लोः बेगर सम्पर्क तेगे बलए लगाओ दड़िआ।
NITI Aayog will work to develop a shared vision of national development priorities.,नीति आयोग राष्ट्रीय विकास प्राथमिकताओं की साझा दृष्टि विकसित करने के लिए काम करेगा।,नीति आयोग राष्ट्रीय विकास प्राथमिकता को रअः साझा दृष्टि विकसित मेनते कमिअः।
He belongs to the Telangana Rashtra Samithi and its minority cell president.,वह तेलंगाना राष्ट्र समिति और इसके अल्पसंख्यक सेल अध्यक्ष से संबंधित हैं।,इनिः तेलंगाना राष्ट्र समिति ओड़ोः एना रेन अल्पसंख्यक सेल अध्यक्ष ते जुड़अः कनाए।
Go to the door.,बरिअ मपरड. दरजारेनकोअः परचारको मेनअःकोअ।,343
She often talks about the greenery of her place.,वह अकसर अपने स्थान की हरियाली की बात करती रहती है।,इनिः जनव गे अपन टयद् रेन हरियर रेअः गे जगर तन तइना।
"It must be presented at the police station; the constable will release it tomorrow and the next day, or it will be tied up.","इसे तो थाने में उपस्थित होना चाहिए; दरोगा इसे छोड़ देतो कल परसों पाएगा, नहीं तो बाँध जाएगा।","नीदो थनारे हजिरेन लगतिङअः दरोगा अड़अःकीरेदो, गपाकोतेए सेनोअ; कारेदोए तोलोअ ।"
This brings us to the second high principle of Auroville.,यह हमें ओरोविले के दूसरे उच्‍च सिद्धांत तक ले जाता है।,नेअ अबु ओरोविकिल रेअः एटअः चेतन सिद्धांत जकेद इदि बुअः।
"Dear countrymen, brothers and sisters, dear children,","प्यारे देशवासियो, भाइयो और प्यारे बच्चो,","दिसुमरे तइन तन दुलाड़ को, हगाको ओड़ोः दुलाड़ होनको,"
Lumbur's wife: I am not speaking to show my intelligence. I am speaking to the very old men I have heard.,लुमबुर की स्त्री - मेरी बुद्धि बताने के लिये तो मैं नहीं बोल रही हूँ। बहुत वृद्ध वृद्धाओं से मैंने जो बात सुनी है उसे ही बोल रही हूँ।,"लुमबुररेनिः - अइञअः सेंड़ां ऊदुब् मेनते, दा, काइङ कजितदा। इसु हड़म ओड़ोः बुड़िअकोएतेङ अयुमअकदा, एनागेङ कजितना ।"
How many years did you work?,कितने साल काम किया ?,चिमिन सिरमाए कमिकेदा ?
"But when the time came for the run, it was seen that less mora was tied than last year.",लेकिन दौनी का समय आने पर देखा गया कि बीते साल से कम मोरा बांधा गया है।,मेनदो इरो: एनोः दिन तेबअः लेनचि लेलजना ओड़ोःते हुडिङ गेङ पोटोमकेदा।
I spent the evening at Gandhi Maidan in Patna yesterday.,मैंने कल पटना के गांधी मैदान में शाम बिताई।,आञ होला पटना रआः गांधी मैदान रे नुबाः आङकेदाञ।
Two little girls were saying where did the old lady leave Grandma.,दो लड़की बच्ची कह रही थी कि दादी बुढ़िया कहाँ छोड़ दिए।,बरिअ दंगिड़ि होन किङ जद तइ केना चि सकिङ बुढ़िया कोता रेबु बगे किअ।
"When the rains come, how much will you do with khukri, rugra, degili, balak bamboo, mata saag, saru saag, serali saag, etc. Is it the same kind of khukri? Kis kis tum naam logi! The fruits are not much on a rainy day. Andi (wild fruit) jamun, and river mangoes are available.","बरसात के पहुंचने पर खुखड़ी, रूगड़ा, दिगिलि, बालक बांस, मटा साग, सारू साग, सेरालि साग, आदि तुम कितना करोगी ! खुखड़ी भी एक ही प्रकार है क्या ! किस किस का तुम नाम लोगी ! फलें तो बरसात के दिन ज्यादे नहीं मिलते हैं। अंड़ि (जंगली फल) जामुन, और नदी आम मिलते हैं।","जरगि तेबअःजनते, उद् पुटुकुइः, दिंगिलि, हेलंता, मटा अड़अः, सरू अड़अः, सेरालि अड़अः, एमनअः चिमिनेम चेकाएअ! उद् बोले मोद् रकमगेअ चि! ओकोअःते ओकोअःइङ नुतुमा ! जो’ कोदो जरगि दिन पुरअः का नमोअ। अंड़ि कुदा, अद् गड़ा उलिको नमोअ।"
"Durga - Yes, you are right.","दुरगा-हां, तुम्हारा कहना सही है।",अमअ: कजि टउकागेअ।
The CBI will question him today as well.,सीबीआई आज भी उनसे पूछताछ करेगी।,सीबीआई तिसिङो इनिःलोः कुलिकुपुलिआएः।
Jammu and Kashmir has the largest Muslim population but also a significant minority of Hindus.,जम्मू कश्मीर में मुसलमान की आबादी सबसे ज्यादा है लेकिन अल्पसंख्यक हिंदुओं की एक बड़ी संख्या भी है ।,जम्मू-कश्मीर रे मुसलमान कोअः आबादी सोबेन कोआते संगिगे मेनअः। मेनदो अल्पसंख्यक हिन्दु कोअः संख्या संगिगे मेनअः।
"West Bengal has a rich cultural heritage, besides its cuisine being rich in spices.","पश्चिम बंगाल की सांस्कृतिक विरासत बहुत समृद्ध है, इसके अलावा के व्यंजन मसालों से भरपूर होते हैं।","पश्चिम बंगाल रअः संसकिर बिरासत बेसे धनी मेनअः, नेआते बिनगा रेअः जोमेआ को मसला ते पेरेआ कन तइना।"
I was very happy to hear that.,सुनकर मुझको बड़ी खुशी हुई।,आयुम कूब्गे सुकुकिःइञअ।
"Narayan Singh - It will happen, but I am afraid, if you rip out the intestines by ripping out the stomach!","नारायण सिंह - बनेगा, लेकिन मैं डरता हूँ, पेट चीर कर आंतड़ी निकाले तो!",मेनदो पोटा जाअःए बोगोएःकेलड-रेदो मेनतेङ बोरोतना ।
"""Madhukeshwar ji, your innovation and success in honey production also makes your name meaningful.""","""मधुकेश्वर जी, मधु उत्पादन में आपके innovation और सफलता, आपके नाम को भी सार्थक करती है।""","""मधुकेश्वर जी, मधुक उत्पादन रे अभगा innovation आर सफलता, अमगा लुतुम केओ सार्थक रिकाया।"""
He started the war against the British with full preparation and fought with great courage and determination.,उन्होंने पूरी तैयारी के साथ अंग्रेजों के खिलाफ़ युद्ध शुरू किया और बहुत ही हिम्मत और संकल्प-शक्ति के साथ लड़ाई लड़ी।,इनिः सोबेन समपोड़ो कोलोः तेआरेन जन चि अंगरेज कोलोः लड़ाई एः एटेः केदा आर पुरअः गे डिड़गर आर उड़ः केटेः लोः ते एः लड़ई जना।
About two-thirds of the total workforce in Meghalaya is engaged in agriculture and allied activities.,मेघालय में कुल कार्यबल का लगभग दो तिहाई हिस्सा कृषि और उससे संबंधित गतिविधियों से जुड़ा हुआ है।,मेघालय रे जमा कामि तनको रेअः करीब दो तिहाई हिस्सा चासा ओड़ो एना ते जुड़ाअः कन कामिको ते जुड़अः कना।
"Now sit down with the guests and have a couple of drinks and go on your way. """,अब महमानों के साथ आपलोग बैठिए और एक दो दोना पीकर आपलोग चले जाईये।’’,"नाअःदो पेडोकोलोः दुबलेनपे, अद् मिअ बर नूकेते सेनोःपे बकंड बकंड़लोःले हेडानना ।"
All these statues are finely carved.,यह सभी प्रतिमाएँ सूक्ष्म रूप से तराशी गई हैं।,ने सोबेन मुरतुको बेसे महीन लेकाते बाइआकाना।
Can you find out if there is going to be any cultural program in the colony this Sunday?,क्या आप जान सकते हैं कि इस रविवार कॉलोनी में कोई सांस्कृतिक कार्यक्रम होने वाला है क्या?,चिनअः अपे मुंड़ि दड़िअः चि ने एतवार कालोनी रे जांन सांस्कृतिक कार्यक्रम होबाओआ चिनअः?
"The two leaders agreed to encourage closer economic cooperation in areas such as fisheries development, tourism, transport, connectivity, health, education, information technology, new and renewable energy, and communications.","""दोनों नेताओं ने मछली पालन विकास, पर्यटन, परिवहन, कनेक्टिविटी, स्‍वास्‍थ्‍य, शिक्षा,सूचना प्रौद्योगिकी, नवीन तथा नवीकरणीय ऊर्जा और संचार जैसे क्षेत्रों में घनिष्‍ठ आर्थिक सहयोग को प्रोत्‍साहित करने पर सहमति व्‍यक्‍त की।""","बरन नेताकिङ हइ असुल विकास, पर्यटन, परिवहन, कनेक्टिविटी, स्वास्थ्य, शिक्षा, सूचना प्रौद्योगिक, नवा ओड़ोः अक्षय ऊर्जा ओड़ोः संचार लेकन टयद् रे जपअः आर्थिक देंगा के उसकुर रिका मेनते रजाकेदाकिङ।"
"This framework covers aspects of data security, privacy, and ethical use.","""इस ढांचे में डेटा सुरक्षा, गोपनीयता और नैतिक उपयोग के पहलुओं को शामिल किया गया है।""","""नेअः खड़ि रे डाटा होरो, गोपनीयता ओड़ोः नैतिक कमि रेअः पहलु को जमा कना।"""
Institutions around the world are recognizing this.,दुनिया भर की संस्‍थाएं इसको recognise कर रही हैं।,दुनिया बारी रेन ससंटा को नेअको recognise जदा।
I didn't know how to act.,मुझे पता ही नहीं था कि एक्टिंग कैसे करते हैं।,आञ इतुओ काञ इतुलाः चि एक्टिंग चिलका लागातिङा।
"After much persuasion, Chand agreed.",बहुत कहने पर चाँद ने मान लिया ।,अमिनङ कजिकिआते चण्डुःए मनतिङ जना।
You will definitely be impressed by the results of the Aatmanirbhar App Innovation Challenge.,आत्मनिर्भर app innovation challenge के results देखकर आप ज़रूर प्रभावित होंगे |,आत्मनिर्भरapp innovation challenge रेया रिजल्ट लेल केयाते अपे जरूड़ सुकुआपे।
Odisha has both traditional vegetarian and non-vegetarian food specialties.,ओडिशा में पारंपरिक शाकाहारी और मांसाहारी भोजन दोनों की विशेषता है।,ओड़िसा रे पारंपरिक अड़अः जोमेअः ओड़ोः जिलु जोमेअः बरनाः रअः बिसेसता मेनअः।
Call or visit the industry and tell them you are unhappy with the product or service.,उस उद्योग को कॉल करें या वहाँ जाएँ और उन्हें बताएँ कि आप उत्पाद या सेवा से नाखुश हैं।,एन उद्योग के कॉलएपे कारेदो एनतअः सेनोःपे ओड़ोः उदुबकोपे चि अम उत्पाद कारेदो सेवा ते काम सुकु तना।
I have seen this incident with my own eyes.,मैंने इस घटना को अपनी आंखों से देखा है।,एन घटना टा आपन मेद्तेञ लेलअकदा।
A. The balance of birds is more pronounced in the Dhurma story of Sonsobonga.,क. धूर्म कहानीयॉ- सोंसोबोंगा मे चिड़ियों का सन्तुलन वर्णन अधिक मिलता है।,क) धोरोम कानि (सुष्टिकथा) सिरजन कानि - सोसोबोंगा कानि रे चेंड़े कोआ पुराः बरनिका मेना।
Durga - Not a daughter.,दुरगा - नहीं बेटी।,"दुरगा - का, मई।"
"Hurdid. Hurdalo: do, inkid. Butilen ta: regge, lo'djante, mi'djulatan arkata uyujana; inkid. Kakid. Or perkajenredokid. lo'djana hond.","हुड़िड. हेड़ालोःदो, इनकिड. बटिलेन तअः रेगे, लो‘द्जनते, मिअद् जुलतन अरकटा उयुःजना; इनकिड. काकिड. ओर परकाजनरेदोकिड. लो‘जना होनड.।",322
They will not be able to sustain their life even if they eat the soil as food.,वे लोग मिट्टी को खाना जैसा खाने पर भी उनका जीवन निर्वाह नहीं होगा।,"इनकुदा, हसागे मनाडिलेकाको जोमेरेओ काको अुसलोअ।"
He started talking like a boy.,लड़को कि तरह अनेक प्रकार कि बाते करने लगे।,हटि कुटि कोड़ा को जगर बंकड़ा लेकान जगर को जगर जदा।
"Bandua-tau, we will finish cutting tomorrow, maybe, only in one of the holes we sowed, there will be a ganja in the barn, not more than that.","बन्डुआ-ताउ, हमलोग कल काट के समाप्त करेंगे शायद, केवल एक गोड़ा में ही हमलोगों ने बोया था, खलिहान में एक गांज होगा, इससे अधिेक नहीं।","बनडुअ - अलेदो, कुकु गपाले इर चबाएअ जाअः मिअद गोड़ारे बारिले हेरअना; कोलोम कोरे मिद पड़ोए होबओअ; पुरअःदो का।"
It is,यह है,नेअः तनाः
"I have 10 acres of land, cultivate only once a year.","मेरी 10 एकड़ जमीन है, साल में एक ही बार खेती करते हैं।","अञः गेल एकड़ ओते मेनः, मिद् सिरिमा रे मिसा गेञ् चासा जदा।"
Rasool - I have not heard any kind of relationship.,रसोअल- मैंने किसी प्रकार का नाता नहीं सुना है।,रसोअल-अइङदो जेतन नता काइङ अयुमअकदा।
"For example, the vines of Amarabel are visible but not found when searching for its root.",जैसे कि अमरबेल की लताएँ तो दिखती हैं किंतु उसके जड़ को खोजने पर नहीं मिलती है।,चिल्का रोअंड़ा रअ: नाड़ि दो लेलो: अ मेन्दो बुटा दंड़ाए रे दो का नमोः अ।
The rise of populism,जनराष्ट्रवाद का उदय,होड़ोकोअः राष्ट्र्वाद रेअः तुरो
You are asking questions over and over again.,बार-बार पूछने में लगे हुए हो।,बेतेड़े-बेतेड़े कुलिः लागाव तादा।
"Within a few days, Thakur Vishwanath Shahdeo declared Ranchi free from the occupation of the Company government.",कुछ ही दिनों में ठाकुर विश्वनाथ शाहदेव ने रांची को कंपनी सरकार के कब्जे से मुक्त घोषित कर दिया।,हुड़िङ दिन तयोम ते महाराजा ठाकुर विश्वनाथ शाहदेव रांची के कंपनी सरकारअ तीः आते हल उड़ुङ केदा।
That the man who saves this girl from the demon will be given half the kingdom.,कि जो आदमी राक्षस के मुॅंह से इस लड़की को बचा देगा उसे आधा राज-पाट दे दिया जाएगा।,अगर ने कुड़ी होन ओकोए रगोसा तेएहार दुगिया तोबे अञ इनी तरा दिशुमेञ अीमाइया मेनतेएकजि केदा।
"But I urge all such families today, when the country is celebrating 75 years of independence, when so many great men have sacrificed their lives for the country, then do you not want your children to understand the nuances of our country?","लेकिन मैं आज ऐसे सभी परिवारों से आग्रह करता हूं, देश के लिए जब देश आजादी का 75 साल मना रहा है, देश के लिए इतने महापुरुषों ने बलिदान दिए हैं तब, जिंदगी खपा दी है तब क्‍या आप नहीं चाहते हैं कि आपकी संतान भी हमारे देश की बारीकियों को समझे।","मेन्दो तिसिङ अञं सोबेन ओड़अः  होड़ो कोलोःते अरजी तना, दिसुम रेअः मेन्ते जब दिसुम रनाड़ा रेअः 75 सिरमा मनातिङोः तना, दिसुम रेअः मेन्ते इमिन होड़ो को दंडे़न जना चि सोबेन जिंदगी एन रेगेको बितव केदा तोबे चिआ अपे कपे सनङ तना चि अपेअः होन कोयो नेलेकन दिसुम रेअः मेन्ते बुगि लेका कोको बुजाव: का।"
"Madhya Pradesh has a rich cultural heritage, with special dishes that are very tasty.","मध्य प्रदेश की सांस्कृतिक विरासत बहुत समृद्ध है, जहाँ की खास डिश बहुत स्वादिष्ट होती है।",मध्य प्रदेश रअः संसकिर बिरासत इसु किसाङ मेनअः एनतअः रअः खास जोमेआः को इसु सिबिल तइना।
"Hearing this, Konda shouted again ""Save! Save! Save!""","यह सुनकर, कोन्डा फिर से चिल्लाया ‘‘बचाओ ! बचाओ ! बचाओ !’’","चिनिः नमकेद्मेअ ?” ओड़ोःगे कोनडा ककलाकेदा, “बोदेअ ! बोदेअ ! बोदेअ !”"
He claimed to have planted bombs in the school compound and in his house.,उसने दावा किया कि उसने स्कूल परिसर में और अपने घर में बम लगाया है।,इनिः दावा केदए चि इनिः इतुसइ रचा रे ओड़ोः अयअः ओड़अः रे बम तिंगु तदा।
"The bicycle slowed down a bit on reaching the tree and it seemed that the man was about to park the bicycle, but he did not stop.","पेड़ तक पहुँचने पर साइकिल कुछ धीमी हुई और लगा की वह आदमी साइकिल खड़ी करने वाला ही है, लेकिन वह रूका नहीं।","दारु ता: तेबा लेद चि साइकाल माड़ी नोः जाना। नेः गेः तिंगुइआ मेनेगे आटाकार लेना, मेनदो काएः तिंगुन जान गेआ।"
"The traditional costumes of Ladakh are very attractive, although the cuisine is preferred throughout the country.","लद्दाख की पारंपरिक पोशाकें बहुत आकर्षक होती हैं, हालांकि का खाना देशभर में पसंद किया जाता है।","लद्दाख रअः ससंकिर तुसिङ को इसु लेल सुगड़ा मेनअः, मेनदो इसुपुराः जोमेआ को गोटा दिसुम रेको सुकुआ।"
"Land property is an object of purchase and sale to another, making its laws.",“जमीन जायदाद” तो एक अन्य के पास क्रय - विक्रय की वस्तु है इसके कानून बना रहे हैं।,“ओते हसा” दो मियद एटअः निः तअः रे किरिङ-अकरिङए रअः चीज तनअः मेनते कानून को बइए तना।
Three Munda men lived in the kingdom of one king.,एक राजा के राज्य में तीन मुण्डा आदमी रहते थे।,मिअद् राजाअः राइज रे अपि होड़ो होड़ोको तइकेना।
The body or soul of the person is thus isolated from the munda goshti.,इस प्रकार उस व्यक्ति के शरीर या आत्मा को मुंडा गोष्टी से अलग-थलग कर दिया जाता है।,नेयअते एन होडो होडम लेकाते चा रोआ लेकाते मुंडा गोटएते हिगड उतराकन तयअ उदुबो: तन।।
You might also consider having Francis work with it.,आप इसके साथ ही फ्रांसिस काम करने का भी विचार कर सकते हैं।,आम नेआः लोः मिसाते फ्रांसिस कमि रआःओम उड़ुः दाड़िआः।
"Overriding other laws. - Except as otherwise provided in this Act, the provisions of this Act shall have effect notwithstanding anything inconsistent therewith contained in any other law for the time being in force or in any custom or practice or in any instrument having effect by virtue of any other law.","20.अधिनियम का अन्य विधियों पर अध्यारोही होना- इस अधिनियम में जैसा अन्यथा उपबंधित है उसके सिवाय, इस अधिनियम के उपबंध, तत्समय प्रवृत किसी अन्य विधि या किसी रूढ़ि या प्रथा या किसी अन्य विधि के आधार पर प्रभाव रखने वाले किसी लिखत में उससे असंगत किसी बात के होते हुए भी, प्रभावी होंगे।","20 अधिनियम रेआ एटा विधि कोरे अध्यारोही होबाओ - ने अधिनियम रे चिलका एटअः उपबंधित मेना, एना बागे केयाते, ने अधिनियम रेआ उपबंध, तत्समय रिका तद एटा विधि चा जान रूढ़ि चा प्रथा चा जान एटा विधिआ आधार रे प्रभाव टोगो जान ओनोल रे बिनगा जान काजि ताइनो रेओ, प्रभावी होबाओआ।"
I look forward to reuniting with you next month.,मैं अगले महीने आपके साथ फिर से जुडने की प्रतीक्षा कर रहा हूँ।,अइञ हिजु चण्डु अपे लोओ ते ओड़ोः मिसा जुड़अन मेनते तंगि तना।
Is there any monthly SIP payment that I have to make in February?,क्या कोई मासिक SIP भुगतान है जो मुझे फरवरी में करना है?,चनअः जान चण्डुः रअः एस विरिद मेनअः ओकोअ अइङ के फरवरी रे रिका मेनअः?
Loko - I am thinking the same thing.,लको-यह बात मैं भी ऐसा ही विचार कर रहा हॅू।,लको -एना कजि अइड.ओ एनकागेड. बिचारजदा।
"The notes then shot arrows into the bushes, making holes in their bends.","इसके बाद झाड़ियों के बारी में छिद्र बनाकर नोटों ने तीर चलाया,","एनतेदो जटा पोंकाकेद्ते, नोटो ततुइङकिःअ।"
This Amrit Mahotsav of independence will continue like this next year - further strengthening the foundation of Amrit Kaal.,आजादी का ये अमृत महोत्सव अभी अगले साल भी ऐसे ही चलेगा – अमृतकाल की नींव को और मजबूत करेगा|,रनाड़ा रेअः नेअः अमृत नेग हिजुः तन सिरमा रेओ। नेकागे सेसेनाः अमृत बेड़ा रेअः नींवओ ओड़ो गे पोकोतोवा।
"""To improve and expand the country's transport network, new projects and schemes are being launched.""","""देश के परिवहन नेटवर्क को सुधारने और विस्तार करने के लिए, नई परियोजनाएं और योजनाएं शुरू की जा रही हैं।""","दिसुम रअः यातायात नेटवर्क के सुधार ओड़ोः विस्तार मेनते, नवा परियोजना ओड़ोः योजना को एटेः जोओ तना। """
"To change this scenario, the government introduced the Pradhan Mantri Mudra Yojana and the Mudra Bank.",इस परिदृश्य को बदलने के लिए सरकार ने प्रधानमंत्री मुद्रा योजना और मुद्रा बैंक की शुरुआत की।,ने लेकन दसा को बदलि मेनते सरकार प्रधानमंत्री मुद्रा योजना ओड़ोः मुद्रा बैंक एटेः केदा।
I am very happy to see that the campaign to plant trees in memory or in honor of Mother is progressing rapidly. People are sharing pictures of planting trees with their mother or with her photo on social media.,मुझे ये देखकर बहुत खुशी है कि माँ की स्मृति में या उनके सम्मान में पेड़ लगाने का अभियान तेजी से आगे बढ़ रहा है। लोग अपनी माँ के साथ या फिर उनकी फोटो के साथ पेड़ लगाने की तस्वीरों को सोशल मीडिया पर साझा कर रहे हैं।,अइड. के नेअः लेल केअते पुरअः रसिका मेनअः चि एंगाअः पहम रे च इनिअः मइन रे दरु रोए रअः अभियान सेकेड़ा ते अयर ते सेनोः तना। होड़ोको अपनअः एंगा लोः ते च ओड़ोः इनिअः फोटो लोः ते दरु रोए रअः फोटो को सोशल मीडिया रे उदुब तना।
Now the poor man carried a load of wood every day and sold it to a moneylender.,अब तो निर्धन व्यक्ति हरदिन एक बोझा लकड़ी ढोकर ले जाता था और एक साहू के पास उसे बेच देता था।,नाअ: दो रेंगे: होड़ो जनव मोद् बारोम सान गोओ: इदि केआते मियद् साउ तअ: रेए: अकिरिङजदए: तइकेना।
Many kings were also poor.,कितने राजा तो गरीब भी थे।,चिमिन राजाको दो रेंगेओ को रेंगे: तन तइकेना।
Show the new scratch card in PayTm.,पे टीएम में नया स्क्रैच कार्ड दिखाएं।,पे टी एम रे नवा स्क्राच कार्ड लेल रिकाएपे।
"Low vision rehabilitation professionals, some of whom are associated with an agency for the blind, can advise on lighting and contrast to maximize remaining vision.","""कम दृष्टि पुनर्वास पेशेवर, जिनमें से कुछ नेत्रहीनों के लिए एक एजेंसी से जुड़े हैं, शेष दृष्टि को अधिकतम करने के लिए प्रकाश और कंट्रास्ट पर सलाह दे सकते हैं।""","हुड़िङ लेनेल (दृष्टिगत) पुनर्वास पेशेवर, इनकु रे तरा लेका मेद् का लेलाकन को मेनते मियद् एजेंसी ते जुड़अः कना, सरेअः कन लेनेल के पुरअः ते रिका मेनते मसकल ओड़ोः विपरीत रे सलाह ओम दाड़िओआ। """
And every year about 6 thousand crore rupees will be spent for those areas,और हर वर्ष करीब-करीब 6 हजार करोड़ रुपया उन-उन इलाकों के लिए खर्च किया जाएगा,ओड़ोः सोबेन सिरमा एन-एन टयद्को नतिन करीब 6 हजार करोड़ टका खरचाओःअ।
"""The goal is to build, repair and modernize the ghats to improve the connection between the people and the rivers.""","""लोगों और नदियों के बीच संबंध को बेहतर करने के लिए घाटों के निर्माण, मरम्मत और आधुनिकीकरण का लक्ष्य निर्धारित है।""","होड़ोको ओड़ोः गाड़ाको रअः तला रे संबंध को बुगिन बइ मेनते घाट को रअः बबइ, बइ रूड़ा ओड़ोः आधुनिकीकरण रअः लक्ष्य बइअकना। """
"But the king will not give such orders to the two of us, perhaps he will put the two of us to death immediately. ""","लेकिन राजा हमदोनों को ऐसा हुकुम नही देंगे शायद, वे तुरत हमदोनों को मरवा देंगे।’’",मेनदो रजा एनका काए हुकुमअलिड.अ जाअः रोकागेए गोएः रिकालिड.अ।
"From roadside stalls to five-star hotels, there is a choice of food and facilities according to the traveller's need and budget.","सड़क किनारे की दुकानों से पांच सितारा होटल तक, यात्री की आवश्यकता तथा बजट के अनुसार भोजन तथा सुविधाओं का विकल्प है।","सङड़क गेना रेअः दोकान ते मोड़े इपिल होटल जकेद, हिजुः तन होड़ो कोअः जरूड़ु ओड़ोः बजट लेकाते जोमेतेअः ओड़ोः सोबोसिता रेअः सला मेनअः।"
"In many parts of India, parents want only a boy.",ऽ भारत के अनेक हिस्सों में माँ-बाप को सिर्फ लड़के की चाह होती है।,ऽ भारत रेअः इसु हिस्सा कोरे एंगा-अपु कोअः कोड़ा होन कोअः गे सनङ मेनअः।
Special health check-up drives are being conducted under government schemes for tribal children.,आदिवासी बच्चों के लिए सरकारी योजनाओं के तहत विशेष स्वास्थ्य जांच अभियान चलाए जा रहे हैं।,आदिवासी होनको मेनते सरकारी योजना लेकाते विशेष स्वास्थ्य जाँच अभियान सेसेन तना।
"Roto: Were you also a disciple of the samadhi, near the preachers?","रोटो-आप भी क्या समधि, प्रचारकों के पास में चेला थे ?","रोटो-त्र्प्रमो चित्र्प्र, सुमदि, परयारको तत्र्प्रःरेम चेलाकना?"
You will read about the Parliament next year.,संसद के बारे में आप अगले वर्ष पढ़ेंगे।,संसद रेअः बारे रे अयर सिरमापे पढ़ावेअ।
He has expertise in making medicines to be used after snakebites.,सांप काटने के बाद उपयोग की जाने वाली दवाई बनाने में उन्हें महारत हासिल है।,बिङ हुआः तयोमते कामिरे हिजुः रानू को इसु पुराःए इतुआना।
"Historians still rely on coins, inscriptions, architecture (building art), and written material to gather information about this period.","इतिहासकार इस काल के बारे में सूचना इकट्ठी करने के लिए अभी भी सिक्कों, शिलालेखों, स्थापत्य (भवन निर्माण कला) तथा लिखित सामग्री पर निर्भर करते हैं।","इतिहाइसीकार नेआ बेड़ा रेअः बारे रे सुचना को जमा मेनते नअः जकेद सिक्का, दिरि खोदा, स्थापत्य (भवन निर्माण कला) ओड़ोः ओलाकन सनापना कोरे को भोरसा तना।"
The prince at the same time went to Deora and cut his curse.,राजकुमार ने उसी समय देवड़ा के पास जाकर अपना शाप कटवाया,होन देवड़ाँ कोताःए सेनोः जना अद अयाः सराप को ओकोआ चि बोंगा को सराप लिःया कटाव रिका केदा।
play game with me,मेरे साथ खेल खेलो,आञलोः इनुङपे
"In this sense, federalism is the exact opposite of unitary polity.",इस अर्थ में संघीय शासन व्यवस्था एकात्मक शासन व्यवस्था से ठीक उलट है।,नेअ ओरेतो रे संघीय शासन व्यवस्था एकात्मक शासन व्यवस्था आते ठीकि उल्टा मेनअः।
"And you're not going to get a game, you're going to get a chance to think about it.","अइङ अपे के नेअ: गेइङ कजिअ: पेअ: चि अपे, अपेअ उड़ु बिचार को परचि जोगव पुरअ: गे जरुड़ु मेनअ: ।","मैं आपको यही कहूँगा कि आप, आपकी सोच positive होनी बहुत ज़रूरी है।"
"He too, after greeting them, sits down to eat tobacco and while talking asks Durga - ""How long have you been a Christian?""","वह भी उनदोनों के साथ अभिवादन करने के बाद, तम्बाकू खाने के लिए बैठ गया और बात करते करते दुरगा से पूछ रहा है-‘‘ आपको ईसाई हुए कितना दिन हो रहा है ?’’","इनिःओ इनकिङ लोः- जोपोअरजनचि, तमकु जोमए दुब्जना, अद् जगर जगर लोः दुरगाए कुलजअः- इअ, ‘‘अम किरतानेनजनते चिमिन दिन लेका होबाजना ?’’"
"You will fight for a piece of land, but you will spend more than you can buy. ""","एक बित्ता जमीन के लिए लड़ोगे; लेकिन उस जमीन से अधिक खरीद सकने योग्य खर्च करोगे। ""","मोद् बिता ओते नङबेन लड़इअ; मेनदो एन ओते'ते लाअःगे किरिङ दड़िओः इमिनङबेन करचाएअ।"""
"For Twitter, your message must be less than 180 characters.",ट्विटर के लिए आपका संदेश 180 वर्णों से कम होना चाहिए।,ट्विटर नगेन ते अमअः संदेश मिद् सए उपुन हिसि (180) वर्ण ते कोम लगातिङा।
"You will note, during the previous episodes of'Mann Ki Baat ', I had mentioned three competitions, one was to write patriotic songs, to make rangoli of events related to patriotism, freedom movement and to write lullabies that will instill dreams of a grand India in the minds of our children.","आपको ध्यान होगा, ‘मन की बात’ के पिछले episodes के दौरान मैंने तीन प्रतियोगिताओं का उल्लेख किया था, competition की बात कही थी – एक देशभक्ति के गीत लिखना, देश भक्ति से जुड़ी, आजादी के आंदोलन से जुड़ी घटनाओं की रंगोली बनाना और हमारे बच्चों के मन में भव्य भारत के सपने जगाने वाली लोरी लिखी जाए।","अपे के धेयान मेनअः जअः, ‘ मोने रेअः काजि ’ रअः नेएः गि पारोमकन एपिसोड को रेअः थला-मला रे अइञ अपिया प्रतियोगिता को रअः उल्लेख लअःञ, कोपीटिशन रेअः काजिंञ काजि लअः एक मियद दिसुम भक्ति रअः दुरंङ ओल, दिसुम भक्ति ते जुड़अःकन, आजादी रेअः आंदोलन ते जुड़ज्ञवाकन घटना को रअः रंगोली बबइ ओड़ो अबुअः होन कोअः मोने रे भक्ष भारत रअः कुमु जगत बिरिद रिका तेअः लोरी ओलोःका।"
This is how a book full of knowledge is.,इस तरह ज्ञान से भरा हुआ पुस्तक है।,नेलेकन सेंड़ा ते पेरेआ कना को मेना।
"Dain said, ""This ring is mine. Can't give it to you.""",डाइन ने कहा यह अंगूठी मेरी है। इसे नहीं दे सकती।,"नजोम मेन केदा चि मुन्दाम दो आञाः गे, काञ् ओमेया।"
"Doge - Come on, only you shout alone.","डोगे-चलो, केवल तुम अकेले हल्ला कर लो।","डोगे - मर, अम बारि ककलालेम ।"
"""I would like to commend the Election Commission for its continued efforts to strengthen democratic values in the country.""","""मैं चुनाव आयोग की सराहना करना चाहूँगा, जिसने देश में लोकतांत्रिक मूल्यों को मजबूत करने के लिए निरंतर प्रयास किए हैं।""","अञ् 'चुनाव आयोग सवासि ओम सनाङ जाअ:ञअ , ओकोनिः चि लोकतांत्रिक गोनोअं को हरा साँगी मेनते कमिइया कने तयु तना।"
"Tomorrow is the parents-teachers meeting at the children's school, planned to arrive on time.","कल बच्चों के स्कूल में पेरेंट्स-टीचर्स मीटिंग है, समय पर पहुँचने की योजना बना ली है।","गपा होन कोअः इतुसइ रे पेरेंटस-टीचर दुनुब मेनअः, सोमोए रे तेबअः रअः जोजना बइअकदा।"
"At the time of his death, he cursed the villagers saying, ""Despite having such powerful men in this village, they did not take me away, so their agricultural work will never be blessed.""","उनके मरते समय उन्होंने गांव वालों को यह कहते हुए श्राप दी-‘‘इस गांव में इतने ताकतवर आदमियों के होते हुए भी, वे मुझको नहीं ले गये, इसलिए उनलोगों के कृषि कार्य में कभी बरकत नहीं होगी।’’",438
"Now Ruta is telling them - in this village, the girl is a sister, the house is in this corner and there is a door on this side.","अब तो रूटा उनलोगों से कह रहा है-इस इस गांव में लड़की भगिनी होती है, घरतो इस किनारे में है और इस तरफ दरवाजा है।","नाअ: दो रुटा मेतअकोतना नेः, ने हतुरे कुड़ि होन गेड़ेओअ; ओड़अ दो ने सअ: अ:तोम रअ: गे अद् ने सआरे दुअरअकना।"
"Oh wow! What a vegetable! Not as pale as a spoon, not as sweet as a pumpkin.",ऊंह वाह ! क्या सब्जी थी ! न तुरई की तरह फीकी थी न कददू की तरह मीठी थी ।,हैं 'मर! चेकन अड़अः सकम तइकेना! तुरिआ लेका दो का हेड़ेम तइकेना चि कदडू लेका हेड़ेम तइकेना।
"We need to strike at this mindset, this thinking, this perversion.","हमें इस मानसिकता पर प्रहार करने की आवश्‍यकता है, इस सोच पर प्रहार करने की आवश्‍यकता है, इस विकृति पर प्रहार करने की आवश्‍यकता है।","अबु नेअ मानसिकता रे प्रहार रअः जरूड़ु मेनअः, नेअ उड़ुः रे प्रहार रअः जरूड़ु मेनअः नेअ विकृति के माउर रअ: जरूडु मनेअः।"
Tell me what percentage of one hundred and sixty-three is thirty.,यह बताओ कि एक सौ त्रेसठ का कितना प्रतिशत तीस है।,नेआ उदुबेम चि मिद् सौ अपि हिसि गेल रेआः चिमिनङ प्रतिशत मिद् हिसि गेल मेनाः।
Tell me two things?,दो अतंर बताओ ?,बरिया बिनगा उदुबेमे ?
The people of the state of Tamil Nadu celebrate food with great fervor and the main language spoken there is Mizo; traditional dress includes the turban.,तमिलनाडु राज्य के लोग खानपान बड़े उत्साह से मनाते हैं और वहाँ की मुख्य भाषा मिज़ो है; पारंपरिक पोशाक में पगड़ी शामिल है।,तमिलनाडु राइज रेन होड़ोको जोम-नू इसु रसिका तेको मनातिङ तना ओड़ोः एनतअः रअः मुनु जगर मिजो तनअः; पुरना लिजा रे पगड़ि मेनाः।
En lekate ini: Garai parom keda.,एन लेकाते इनीः गड़ाय परोम केदा।,उसने नदी को पार कर लिया।
Raghoji Bhonsle made a peace agreement on the condition that the Nizam granted him some jagirs in Berar.,राघोजी भोंसले ने इस शर्त पर शांति समझौता किया कि निज़ाम उन्हें बरार में कुछ जागीरें प्रदान करें।,राघोजी भेंसले नेअ शर्त ते शांति सोलाए ओम केदा चि निज़ाम इनकिन के बरार रे हुड़िङ लेका जमीना ओमो कअ।
Shanti uses more hybrid seeds and is getting good yield by using balanced manure.,शांति हाइब्रिड बीज का इस्तेमाल अधिक करती हैं और खाद का संतुलित प्रयोग कर अच्छा उत्पादन प्राप्त कर रही है।,"शांति हाइब्रिड जङ रेअः खिति पुरअःते रिका जदा, ओड़ोः सारा जुगुतु-जुगुतु पसरव केआते पुरअः गे बबा होबाओ।"
Let's go to that house now.,चलिए अबतो उस घर में चलतें हैं।,दोला नाअ: दो हना ओड़ः ते।
is this a song by john smith,क्या ये हनी सिंह का गाना है,चिनअः नेआ हनि सिंहअः दुरंग तनअःचिनअः नेआ हनि सिंहअः दुरंग तनअः
"In these castes, the boy child is being given value.",इन जातियों में लड़का बच्चा को मूल्य दिया जा रहा है।,एन जतिकोरे कोड़ा होनअः गोनोङगे ओमोःतना।
"After saying such a lie, of such a placard, to whom will the company pay the scraping?","इस तरह का झूठे कहने के बाद, इस तरह की तख्तियों का, कम्पनी किसको चीराई की मजदूरी देगा ?","एनका होसोड़ोते कजिजन तयोमते, एनकन पालिको रअः, कुमपनि ओकोए हद्नलाए ओमअइअ ?"
"Everyone accepts it, cooperates and contributes to its realization.","हर कोई इसको स्वीकारता है, सहयोग करता है और साकार करने के लिए कोई न कोई योगदान देता है ।","सोबेन नेया को मनतिङ तना, देंगा तनाको ओड़ो सरतेओः का मेनते जन का जन को देंगा तना।"
"Under this, small wells are made and trees are planted nearby to protect it.",इसके तहत छोटे कुएं बनाए जाते हैं और उसके बचाव के लिए आस-पास पेड़-पौधे लगाए जाते हैं।,नेअः रअः लेकाते हुड़िङ कुअः बइओअ ओड़ोः नेअः रअः बनचव मेनते होपोर-जपअः कोरे दरु-सुबा रोएअको।
"Mangal Singh Munda ji has written a novel called ""Palki Ki Putli.""",मंगल सिंह मुण्डा जी ‘‘पालकी की पुतली’’ नामक उपन्यास बनाए लिखे है।,"मंगल सिंह मुण्डा ताकिन ‘‘रंगा चौडल रेन पुतुल’’ उपन्यास किन बाई, ओला कदा।"
What is this,यह क्या है?,नेअ चेकनअः?
Vegetables are grown in the traditional way in the Gwalior district of Madhya Pradesh.,मध्यप्रदेश के ग्वालियर जिले में पारंपरिक तरीके से सब्जियाँ उगाई जाती हैं।,मध्यप्रदेश रअः ग्वालियर जिला रे पारंपरिक तरीका ते अड़अः सकम को चासा तना।
Which brand do they trust?,किस ब्रांड पर वह करते हैं भरोसा?,ओकोआ ब्रांड रे इनिः भोरसाएआएः।
5. Pure Sown Area - The land on which crops are grown and harvested is called pure sown area.,5. शुद्ध बोया गया क्षेत्र- वह भूमि जिस पर फसलें उगाई व काटी जाती हैं वह शुद्ध बोया क्षेत्र कहलाता है।,5. खितियोः तन टयद् - एन ओते ओकोनअः रे खितियोःअ ओड़ोः खिति हदोअः एनागे खितियोः तन टयद् कजिओगा ।
One of the hallmarks of democracy is that its trials and tests never end.,लोकतंत्र की एक खासियत है कि इसकी जाँच-परख और परीक्षा कभी खत्म नहीं होती।,लोकतंत्र रेअः मियद् खासियत तनअः चि नेअः रेअः जांच-परखव ओड़ोः परीक्षा जां इमतङो का चबाओःअ।
"Haddu said, ""Oh, Munda, who heard such things?""","हड़ु ने कहा- ओह, मुनडा ऐसी बातें किसने सुनीं ?","हड़ु मेनजदा - हेला, मुनडा ! नेकन कजिको ओकोए अयुमलअः ?"
The Karbi people of Assam sing songs with traditional drum-flute playing on the Angoti festival.,असम के करबी जनजाति के लोग अंगौती पर्व पर पारंपरिक ढोल-बाँसुरी वादन के साथ गीत कहते हैं।,असम रेन करबी जनजाति होड़ोको अंगौती पोरोब रे पारंपरिक ढोल-रूतु सड़ि लोः दुरंङ को कजिअ।
"""To promote indigenous technology and innovation, special grants and financial assistance are being made available.""","""स्वदेशी तकनीक और नवाचार को बढ़ावा देने के लिए, विशेष अनुदान और वित्तीय सहायता उपलब्ध कराई जा रही है।""","स्वदेशी तकनीक ओड़ोः नवा कमि को हरा इदि मेनते, बिसेस अनुदान ओड़ोः आर्थिक देंगा ओम जदा। """
He is in a whole other place.,"वह एक पूरी दूसरी जगह में है।""",इनिः मिअद् एटअः टयद् रे मेनअःइअ।
"""But if we can also step into these kinds of new areas and do research, we might be able to make a difference in the lives of those fishermen.""","""लेकिन हम इस प्रकार के नये क्षेत्रों में भी पदापर्ण करें रीसर्च करें, तो हम शायद उन मछुआरों की जिन्दगी में बदलाव ला सकते हैं।""","मेनदो अबु ने लेकनअः नवा टयद् रेओ सेसेन लगातिङा रिसर्चेआ, दो अबु जअः एन मछुआरा कोअः जिदन रे बदिलि अउ दड़िओआ। """
"It wasn't me. ""","यह मैं नहीं था.""","एना अइञअः का तइकेना। """
"Today, I am happy that four lakh Common Service Centres are being developed in villages. Young sons and daughters of the villages are running the Common Service Centres.","""आज मुझे खुशी हैं, हिन्‍दुस्‍तान के चार लाख कॉमन सर्विस सेंटर्स गांवों में विकसित हो रहे हैं। गांव के नौजवान बेटे-बेटियां कॉमन सर्विस संटर चला रहे है। ""","तिसिङ अञ रसिका मेनअःञ, हिन्दुस्तान रेअः उपुन लाख Common Service centre हातु कोरे उबरओ तना। हातु रेन नौजवान दंगड़ा-दंगिड़ि को Common Service centre को चलव जदा। """
These Aadi Markets are part of TRIFED's intensified efforts to improve the livelihoods of underprivileged tribals.,ये आदि बाजार वंचित जनजातीयों की आजीविकाओं में सुधार लाने के लिए ट्राइफेड के सघन प्रयासों का हिस्सा हैं।,ने मापाराङ पीटि रेंगे-रबङ जनजातिकोआः का सुकुतान कामिको सुधार नातेन ट्राइफेद रेअः जिलिङ कुरू मुटुन रेअः हिसा तानाः।
But there was another reason for my and his affinity.,लेकिन मेरी और उनकी आत्मीयता का एक और कारण था।,मेनदो आञाः आर इनिआः जानापाः राः ओड़ोः मिआद कारण ताइकेना।
which reflects the culture and tradition of the state.,जो राज्य की संस्कृति और परंपरा को दर्शाती है।,ओकोआ राइज रेअः संस्कृति ओड़ोः परंपरा के उदुब जदा।
"A disciple holding three sticks, a child with gout, sat in front of a burning lamp.","एक चेला तीन खड़िकाओं को पकड़ा, गेठिया से ग्रस्त बच्ची, जलते हुए दिया के सामने में बैठ गयी।",लंगनअकनिः तुः-जुलअकद्तेए दुब्जना।
"After sleeping for some time, pluck the plough again in the morning.",कुछ देर सोने के बाद सुबह फिर जोतना कोड़ना।,हुड़िङ खोओन गितिः कोः चि सेताः दो ओड़ोः सिउः चालुः।
atmospheric pressure.,वायुमंडलीय दाब।,बायुमंडलीय दाब।
"In such institutions, the institution, not the people working there, is of paramount importance.","ऐसी संस्थाओं में, वहाँ काम करने वाले लोगों की नहीं, बल्कि संस्था की महत्ता सबसे ऊपर होती है।","नेकन संस्था कोरे, ऐनतः कमि तन होड़ो कोवा कअगे, बल्कि संस्था रअः महत्ता सोबेन कोवते चेतन तइना।"
The sword shield and the sticky stone were placed under the tree.,खण्डा ढाल और चिपटा पत्थर पेड़ के नीचे रखा।,कनडा पिरि ओड़ोः नेपेटा दिरिदो दरु सुबारेए दो’तदा।
What the old man said is true.,केदर - दुकुरा बुढ़ा का कहना सच है।,केदर - दुकुरा हड़मअः कजि सरतेगेअ।
Are you doing it?,"क्या आप कर रहे हैं?""","चेकातेम रिकातना? """
"The young man said, ""If you don't like it, will you say yes?"" I said that jokingly.",वह युवक बोला-पसन्द नहीं होने पर क्या तुम हां कहोगे ! मैंने मजाक में ऐसा कहा था।,"एन दंगड़ा मेनकेंदा - का सुकुतनरेदो, हे'चिम हे'एअ! अरगएते-गेञ एनकालअ: ।"
The screen says.,पर्द कह रहा है।,परदा मेनजदा।
"This in itself has been a wonderful experience for me to look at a society, to know the society, to recognize the potential of the society.","ये अपने आप में भी एक समाज के प्रति देखने का, समाज को जानने का, समाज के सामर्थ्य को पहचानने का, मेरे लिए तो एक अद्भुत अनुभव रहा है।","नेअः अपन रेगे मियद समाज रअः प्रति लेले पेड़ेः के लेल उरूम रअः, सामाज मेनते दो मियद अद्भूत अनुभव तना।"
Send an email to this new email address.,इस नए ईमेल पते पर ईमेल भेजें,नेआ नावा ईमेल टाआंओ रे ईमेल कुलेपे
Union Cabinet approves Pradhan Mantri Janjatiya Unnat Gram Abhiyan,केन्द्रीय मंत्रि मंडल ने प्रधानमंत्री जनजातीय उन्नत ग्राम अभियान को मंजूरी दी,केन्द्रीय मंत्रिमंडल प्रधानमंत्री जनजातीय उन्नत हातु अभियान के मंजूरी केदए ।
"Thus, the women would then be paid for their services.",इस तरह महिलाओं को उनकी सेवाओं के लिए तब भुगतान किया जाता।,ने लेकाते कुड़िको के अकोअः सेवा लइते इमतङ भुगतानोःअ ओको इमतङ इनकु कमि-पिटि रे को ऐटेःअ।
It is like a backbone for the people of Mundari language.,ये मुण्डारी भाषा के लोंगों के लिए रीढ़ की हड्डी की तरह है।,नेआ मुंण्डा जगर तन किन दंड़ा जमा ओल सोतोः केदा।
"In the song and mantra, Baro Langhan is called Tero Gathiya.",गीत और मंत्र में बारो लंघन तेरो गठिया कहा जाता है।,दुरङ ओड़ोः मोनतोर रे ‘‘बरो लंघन तेरो गेठिअ’’ कजिओःअः
I'm talking to you and nothing else.,मैं तुमसे बात करता हूँ और कुछ नहीं।,"अइङ अमगेङ जगरअ, ओड़ोःदो जेतनअः कागे।"
"Lumbur said, ""How can I see you going from their courtyard?""","लुमबुर ने कहा, ""विस्मय उनके आँगन से मैं तुम लोगों को कैसे जाते देखूँगा ?","लुमबुर मेनकेदा, ""हेला ! चिलकाइङ लेलगोद्पेअ इनकुअः रचा तअःएते ?"
"In a desert like Rajasthan, the Bishnoi community has shown us the way to environmental conservation.",राजस्थान जैसी मरुभूमि में बिश्नोई समाज ने पर्यावरण संरक्षण का रास्ता हमें दिखाया है।,राजस्थान लेकान मरुभूमि रे बिसनोई समाज रेन को पर्यावरण संरक्षण रअः होरा अबुकेको उदुबद्बुआ।
It was decided to spend the night there as it was too much for one woman.,एक स्त्री के लिए रात बहुत अधिक हो जाने के कारण यह निश्चय हुआ कि वहीं रात बिताए।,कुड़ि होन लेकाते इसु पुराः निदा जान चि एन रेगेः ताइ ओड़ेन का मेन जाना।
Harmony in social diversities,सामाजिक विविधताओं में सामंजस्य,सामाजिक बिपिनगा कोरे सामंजस्य
