English,Hindi,Santali
Tosshan explained My love for Zachuna had been on the way over the last six months.,तलब हसन न बतय मर और सबर क परम पछल छह मह स भ अधक समय स चल रह थ,"ᱛᱟᱞᱤᱵ ᱦᱩᱥᱮᱱ ᱞᱟᱹᱭ ᱠᱮᱜᱼᱟᱭ, ᱤᱧ ᱟᱨ ᱥᱟᱵᱤᱨᱟ ᱟᱜ ᱫᱩᱞᱟᱹᱲ ᱪᱟᱞᱟᱣᱮᱱ ᱛᱩᱨᱩᱭ ᱪᱟᱸᱫᱚ ᱠᱷᱚᱱ ᱦᱚᱸ ᱵᱟᱹᱲᱛᱤ ᱚᱠᱛᱚ ᱠᱷᱚᱱ ᱪᱟᱞᱩ ᱟᱠᱟᱱᱟ"
Traditional dances are important in the Indian culture of El Niños Indian dance and Dadmar dance.,छततसगढ क आदवस ससकत म मरग नतय और धमर नतय जस परपरक नतय महतवपरण ह,ᱪᱷᱚᱛᱛᱤᱥᱜᱚᱲ ᱨᱮᱭᱟᱜ ᱟᱹᱫᱤᱵᱟᱹᱥᱤ ᱞᱟᱠᱪᱟᱨ ᱨᱮ ᱢᱩᱨᱜᱟ ᱮᱱᱮᱡ ᱟᱨ ᱫᱷᱟᱢᱟᱨ ᱮᱱᱮᱡ ᱞᱮᱠᱟᱱ ᱥᱮᱨᱣᱟ ᱟᱱᱟᱜ ᱮᱱᱮᱡ ᱨᱮᱭᱟᱜ ᱮᱱᱮᱢ ᱢᱮᱱᱟᱜᱼᱟ
Answer Sumzas Email,सजत क ईमल क जवब द,ᱥᱩᱡᱟᱛᱟ ᱟᱜ ᱤᱢᱮᱞ ᱨᱮᱭᱟᱜ ᱛᱮᱞᱟ ᱮᱢ ᱢᱮ
"In the fields, putting on time plant plants are building up and expected to produce good crops for the coming harvest.",खत म मकक क फसल म समय पर सचई और खद डलन स पध मजबत ह रह ह और आन वल कटई क लए अचछ पदवर क उममद ह,ᱵᱟᱹᱫ ᱨᱮ ᱡᱚᱱᱰᱨᱟ ᱨᱮᱭᱟᱜ ᱪᱟᱥ ᱨᱮ ᱚᱠᱛᱚ ᱞᱮᱠᱟᱛᱮ ᱫᱟᱜ ᱮᱢ ᱟᱨ ᱥᱟᱨ ᱮᱢ ᱠᱷᱟᱹᱛᱤᱨ ᱫᱟᱨᱮ ᱠᱚ ᱠᱮᱴᱮᱡᱚᱜ ᱠᱟᱱᱟ ᱟᱨ ᱦᱤᱡᱩᱜ ᱠᱟᱱ ᱪᱟᱥ ᱞᱟᱹᱜᱤᱫ ᱱᱟᱯᱟᱭ ᱟᱨᱡᱟᱣ ᱨᱮᱭᱟᱜ ᱟᱥᱟ ᱢᱮᱱᱟᱜᱼᱟ
The women in the village have built a group that produces fresh vegetables and fruit in the homes.,गव क महलओ न मलकर एक समह बनय ह ज घर म तज सबजय और फल उगकर बचत ह,ᱟᱹᱛᱩ ᱨᱮᱱ ᱛᱤᱨᱞᱟᱹ ᱠᱚ ᱢᱤᱫ ᱥᱟᱶᱛᱮ ᱢᱤᱫᱴᱟᱝ ᱜᱟᱫᱮᱞ ᱠᱚ ᱵᱮᱱᱟᱣ ᱟᱠᱟᱫᱟ ᱡᱟᱦᱟᱸᱭ ᱫᱚ ᱚᱲᱟᱜ ᱨᱮ ᱛᱟᱡᱟ ᱟᱲᱟᱜ ᱥᱟᱠᱟᱢ ᱟᱨ ᱡᱚ ᱠᱚ ᱟᱨᱡᱟᱣ ᱠᱟᱛᱮ ᱠᱚ ᱟᱹᱠᱷᱨᱤᱧᱼᱟ
"In the village, farming needs to be seen from a business point of view and built into that same pattern.",गव म खत क आरथक रप स सथर बनन क लए आवशयक ह क कष क वयवसयक दषटकण स दख जए और यजनए उस अनरप बनई जए,ᱟᱹᱛᱩ ᱨᱮ ᱪᱟᱥᱵᱟᱥ ᱠᱟᱹᱣᱰᱤᱟᱹᱨᱤ ᱞᱮᱠᱟᱛᱮ ᱛᱷᱤᱨ ᱛᱟᱦᱮᱱ ᱞᱟᱹᱜᱤᱫ ᱪᱟᱥᱵᱟᱥᱚᱱ ᱫᱚ ᱵᱮᱯᱟᱨᱤ ᱫᱤᱥᱟᱹ ᱛᱮ ᱧᱮᱞ ᱞᱟᱹᱠᱛᱤ ᱠᱟᱱᱟ ᱟᱨ ᱚᱱᱟ ᱞᱮᱠᱟᱛᱮ ᱯᱟᱱᱛᱷᱟ ᱠᱚ ᱵᱮᱱᱟᱣ ᱞᱟᱹᱠᱛᱤ
"It is necessary to prepare the ground for Bran and Tweets in the fields after the washing of wheat, so that we can sow in the next harvest.","खत म धन और गह क कटई क बद मकक और तलहन क लए जमन तयर करन आवशयक ह, तक अगल फसल समय पर बई ज सक","ᱵᱟᱹᱫᱽ ᱨᱮ ᱦᱩᱲᱩ ᱟᱨ ᱜᱩᱦᱩᱢ ᱪᱟᱥ ᱛᱟᱭᱚᱢ ᱡᱚᱱᱰᱨᱟ ᱟᱨ ᱥᱩᱱᱩᱢ ᱡᱟᱝ ᱞᱟᱹᱜᱤᱫ ᱦᱟᱥᱟ ᱥᱟᱯᱲᱟᱣ ᱞᱟᱹᱠᱛᱤ ᱠᱟᱱᱟ, ᱡᱟᱦᱟᱸᱛᱮ ᱛᱟᱭᱚᱢ ᱫᱟᱨᱟᱢ ᱪᱟᱥ ᱚᱠᱛᱚ ᱨᱮ ᱨᱚᱦᱚᱭ ᱫᱟᱲᱮᱭᱟᱜᱼᱟ"
Create a list of all events that will take place in the surrounding area,आसपस क कषतर म हन वल सभ घटनओ क सच बनए,ᱥᱩᱨᱥᱩᱯᱩᱨ ᱴᱚᱴᱷᱟ ᱨᱮ ᱜᱷᱚᱴᱟᱜ ᱠᱟᱱ ᱥᱟᱱᱟᱢ ᱜᱷᱚᱴᱚᱱ ᱨᱮᱭᱟᱜ ᱢᱤᱫᱴᱟᱝ ᱛᱟᱹᱞᱤᱠᱟ ᱵᱮᱱᱟᱣ ᱢᱮ
"Who when animals take drugs and vaccines on time, they stay free and remain productive?","कसन जब पशओ क समय पर दवई और टक लगत ह, त व रगमकत रहत ह और उतपदकत बन रहत ह","ᱪᱟᱹᱥᱤ ᱠᱚ ᱡᱚᱠᱷᱚᱱ ᱡᱤᱭᱟᱹᱞᱤ ᱠᱚ ᱚᱠᱛᱚ ᱨᱮ ᱨᱟᱱ ᱟᱨ ᱴᱤᱠᱟ ᱠᱚ ᱮᱢᱟ, ᱩᱱᱠᱚ ᱫᱚ ᱟᱡᱟᱨ ᱠᱷᱚᱱ ᱪᱷᱟᱹᱲ ᱠᱚ ᱧᱟᱢᱟ ᱟᱨ ᱟᱨᱡᱟᱣ ᱫᱟᱲᱮ ᱠᱚ ᱫᱚᱦᱚᱭᱟ"
The whole world is saying that water crisis is gonna be a real challenge to mankind.,आज सर दनय कह रह ह क पन क सकट मनव जत क लए बहत बड चनत बनन वल ह,"ᱛᱮᱦᱮᱧ, ᱥᱟᱱᱟᱢ ᱡᱮᱜᱮᱫ ᱠᱚ ᱞᱟᱹᱭ ᱮᱫᱟ ᱡᱮ, ᱫᱟᱜ ᱨᱮᱭᱟᱜ ᱟᱱᱟᱴ ᱦᱚᱲ ᱠᱚ ᱞᱟᱹᱜᱤᱫ ᱟᱹᱰᱤ ᱢᱟᱨᱟᱝ ᱮᱴᱠᱮᱴᱚᱬᱮ ᱦᱩᱭᱩᱜᱼᱟ"
"We even celebrate peoples partnership in this, sometimes its hard to believe.",हम इसम लग क भगदर क भ उतसव मनत ह कभकभ यकन करन मशकल हत ह,ᱟᱵᱚ ᱱᱚᱣᱟ ᱨᱮ ᱦᱚᱲ ᱠᱚᱣᱟᱜ ᱥᱮᱞᱮᱫ ᱦᱚᱸ ᱵᱚ ᱢᱟᱱᱟᱣᱟ ᱚᱠᱟ ᱚᱠᱟ ᱫᱚ ᱯᱟᱹᱛᱭᱟᱹᱣ ᱫᱚ ᱟᱸᱴ ᱜᱮᱭᱟ
"And the Gwina G from a hundred parts of the Philippines, and the terrible 911 killed the world in terrorism.",और सभगय स वनव ज क भ जनम दन और दसर तरफ व भयनक 911 जसन सहर कय वनश कय दनय क आतकवद म झक दय,ᱟᱨ ᱱᱟᱯᱟᱭ ᱛᱮ ᱵᱤᱱᱳᱵᱷᱟ ᱡᱤᱭᱟᱜ ᱡᱟᱱᱟᱢ ᱢᱟᱦᱟ ᱦᱚᱸ ᱟᱨ ᱮᱴᱟᱜ ᱥᱮᱫ ᱚᱱᱟ ᱵᱚᱛᱚᱨᱟᱱ ᱙᱑᱑ ᱡᱟᱸᱦᱟ ᱫᱚ ᱜᱚᱡ ᱠᱟᱛᱮ ᱫᱷᱟᱥᱟᱣ ᱠᱟᱛᱮ ᱡᱮᱜᱮᱫ ᱫᱚ ᱞᱚᱞᱚ ᱦᱟᱛᱟᱝ ᱨᱮᱠᱚ ᱵᱷᱮᱡᱟ ᱠᱮᱫᱼᱟ
Stop my auto payment for the next month.,अगल महन क लए ज सदसयत क मर सवत भगतन बद कर,ᱦᱤᱡᱩᱜ ᱠᱟᱱ ᱪᱟᱸᱫᱚ ᱞᱟᱹᱜᱤᱫ ᱡᱤ ᱨᱟᱹᱥᱤᱭᱟᱹᱣᱟᱜ ᱤᱧᱟᱹᱜ ᱚᱴᱳ ᱯᱮᱢᱮᱱᱴ ᱵᱚᱱᱫᱚᱭ ᱢᱮ
These hardworking workers were never seen.,इन असगठत मजदर क तरफ कभ दख नह जत थ,ᱱᱩᱠᱩ ᱵᱮ ᱡᱩᱢᱤᱫ ᱠᱟᱹᱢᱤᱭᱟᱹ ᱠᱚ ᱥᱮᱫ ᱛᱤᱥ ᱦᱚᱸ ᱵᱟᱠᱚ ᱧᱮᱞ ᱟᱠᱟᱫᱟ
From where do the wood cut?,जलवन क लकड कह स कटत ह?,ᱵᱟᱱ ᱨᱮᱭᱟᱜ ᱠᱟᱴᱷ ᱚᱠᱟ ᱠᱷᱚᱱ ᱠᱚ ᱜᱮᱫᱼᱟ ?
"After all, the flowers are removed.",सर सगध शषत कर लन क बद फल क नकल कर फक दय जत ह,ᱥᱟᱱᱟᱢ ᱥᱚ ᱥᱚ ᱦᱟᱛᱟᱣ ᱛᱟᱭᱚᱢ ᱵᱟᱦᱟ ᱠᱚ ᱚᱰᱚᱠ ᱠᱟᱛᱮ ᱠᱚ ᱜᱤᱰᱤ ᱠᱟᱜᱼᱟ
I like to do rock out with my shoe,मझ अपन जररब क सथ रक आउट करन पसद ह,ᱤᱧ ᱤᱧᱟᱹᱜ ᱡᱷᱩᱲᱤ ᱥᱟᱞᱟᱜ ᱨᱚᱠ ᱟᱣᱩᱴ ᱤᱧ ᱠᱩᱥᱤᱭᱟᱜᱼᱟ
"All right, but please God.",ठक ह! लकन कपय ईशवर.. मझ बतन क लए कस उनह छडन स रकन क लए!,"ᱴᱷᱤᱠ ᱜᱮᱭᱟ ! ᱢᱮᱱᱠᱷᱟᱱ ᱫᱟᱭᱟᱠᱟᱛᱮ ᱵᱚᱸᱜᱟ, ᱤᱧ ᱞᱟᱹᱭᱟᱹᱧ ᱢᱮ ᱪᱮᱫ ᱞᱮᱠᱟ ᱩᱱᱠᱩ ᱵᱟᱹᱜᱤ ᱠᱷᱚᱱ ᱠᱚ ᱵᱟᱧᱪᱟᱣ ᱫᱟᱲᱮᱭᱟᱜᱼᱟ !"
There are plans to deal with climate change in the Middle Ages.,मधयपरदश क शहडल जल म जलवय परवरतन स नपटन क लए यजनए बनई ज रह ह,ᱢᱚᱫᱫᱷᱚᱯᱨᱚᱫᱮᱥ ᱨᱮᱭᱟᱜ ᱥᱟᱦᱫᱳᱞ ᱦᱚᱱᱚᱛ ᱨᱮ ᱦᱚᱭᱦᱤᱥᱤᱫ ᱵᱚᱫᱚᱞ ᱥᱟᱢᱲᱟᱣ ᱞᱟᱹᱜᱤᱫ ᱯᱚᱱᱛᱷᱟ ᱵᱮᱱᱟᱣ ᱦᱩᱭᱩᱜ ᱠᱟᱱᱟ
"Good examples, fine examples, truthfulness, and power are also very powerful, making a new way into times of distress.","जवन क कस भ पडव पर आप कय न ह, उततम उदहरण, सतय घटनए बहत बड पररण भ दत ह, बहत बड तकत भ दत ह और सकट क समय नय रसत भ बन दत ह","ᱡᱤᱭᱚᱱ ᱨᱮᱱᱟᱜ ᱡᱟᱦᱟᱸ ᱛᱷᱚᱠ ᱨᱮᱜᱮ ᱛᱟᱦᱮᱸᱱ, ᱱᱟᱯᱟᱭ ᱫᱟᱹᱭᱠᱟᱹ, ᱥᱟᱹᱨᱤ ᱜᱷᱚᱴᱚᱱ ᱠᱚ ᱟᱹᱰᱤ ᱢᱟᱨᱟᱝ ᱩᱫᱽᱜᱟᱹᱣ ᱦᱚᱸ ᱠᱚ ᱮᱢᱟ ᱠᱚᱣᱟ, ᱟᱹᱰᱤ ᱢᱟᱨᱟᱝ ᱫᱟᱲᱮ ᱦᱚᱸ ᱠᱚ ᱮᱢᱟ ᱠᱚᱣᱟ ᱟᱨ ᱟᱱᱟᱴ ᱚᱠᱛᱚ ᱱᱟᱶᱟ ᱰᱟᱦᱟᱨ ᱦᱚᱸ ᱠᱚ ᱵᱮᱱᱟᱣᱟ"
Gadis traditional food content is especially used of herbs and herbs.,गड लग क परपरक खदय समगर म वशष रप स जडबटय और मसल क उपयग हत ह,ᱜᱳᱱᱰᱤ ᱦᱚᱲ ᱠᱚᱣᱟᱜ ᱥᱮᱨᱣᱟ ᱟᱱᱟᱜ ᱡᱚᱢᱟᱜ ᱨᱮ ᱵᱤᱥᱮᱥ ᱠᱟᱭᱛᱮ ᱨᱟᱱ ᱢᱩᱨᱜᱟᱹᱱ ᱟᱨ ᱢᱚᱥᱞᱟ ᱵᱮᱣᱦᱟᱨ ᱦᱩᱭᱩᱜᱼᱟ
"We can learn a lot from the Angolish Gardens in Cannacas Bengol, where there is a passion for nature, and for the environment.","करनटक क बगलर म रहन वल सरश कमर ज स भ हम बहत कछ सख सकत ह, उनम, परकत और परयवरण क रकष क लए गजब क जनन ह","ᱠᱚᱨᱱᱟᱴᱚᱠ ᱨᱮᱱᱟᱜ ᱵᱮᱝᱜᱟᱞᱩᱨᱩ ᱨᱮ ᱛᱟᱦᱮᱱ ᱥᱩᱨᱮᱥ ᱠᱩᱢᱟᱨ ᱜᱚᱢᱠᱮ ᱴᱷᱮᱱ ᱠᱷᱚᱱ ᱦᱚᱸ ᱟᱵᱚ ᱟᱭᱢᱟ ᱵᱚ ᱪᱮᱫ ᱫᱟᱲᱮᱭᱟᱜᱼᱟ, ᱩᱱᱤ ᱴᱷᱮᱱ, ᱥᱤᱨᱡᱚᱱ ᱟᱨ ᱞᱟᱭᱚᱝ ᱨᱩᱠᱷᱤᱭᱟᱹ ᱞᱟᱹᱜᱤᱫ ᱟᱹᱰᱤ ᱱᱟᱯᱟᱭ ᱡᱩᱞᱩᱝ ᱢᱮᱱᱟᱜᱼᱟ"
People in the village allow children to play water while cleaning the river.,गव म लग नहर क सफई करत समय बचच क भ पन म खलन दत ह,ᱟᱹᱛᱩ ᱨᱮᱱ ᱦᱚᱲ ᱠᱚ ᱠᱷᱟᱞ ᱥᱟᱯᱷᱟ ᱚᱠᱛᱚ ᱜᱤᱫᱽᱨᱟᱹ ᱠᱚ ᱦᱚᱸ ᱫᱟᱜ ᱨᱮ ᱠᱷᱮᱞ ᱞᱟᱹᱜᱤᱫ ᱠᱚ ᱮᱢᱟ ᱠᱚᱣᱟ
Thats what led people to stick to TV screen.,इस क चलत लग टव सकरन स चपक रह,ᱚᱱᱟᱛᱮᱜᱮ ᱦᱚᱲ ᱠᱚ ᱴᱤᱵᱤ ᱥᱠᱤᱱ ᱨᱮ ᱞᱟᱴᱷᱟ ᱛᱟᱦᱮᱸ ᱮᱱᱟᱠᱚ
Its normal sweet.,आम मठ हत ह,ᱩᱞ ᱫᱚ ᱦᱮᱲᱮᱢ ᱜᱮᱭᱟ
"Because of the climates uncertainty, farmers have to make changes in their farming plans.",मसम क अनशचततओ क करण कसन क अपन खत क यजन म बदलव करन पडत ह,ᱦᱚᱭᱼᱦᱤᱥᱤᱫ ᱨᱮᱭᱟᱜ ᱵᱟᱝ ᱴᱷᱟᱹᱣᱠᱟᱹ ᱠᱷᱟᱹᱛᱤᱨ ᱪᱟᱹᱥᱤ ᱠᱚ ᱟᱠᱚᱣᱟᱜ ᱪᱟᱥ ᱨᱮᱭᱟᱜ ᱯᱚᱨᱤᱠᱚᱞᱯᱚᱱᱟ ᱵᱚᱫᱚᱞ ᱦᱩᱭᱩᱜ ᱛᱟᱠᱚᱣᱟ
He was the first president to visit Israel.,वह इजरयल क दर करन वल पहल भरतय रषटरपत थ,ᱩᱱᱤ ᱫᱚ ᱯᱳᱭᱞᱳ ᱵᱷᱟᱨᱚᱛᱤᱭᱚ ᱫᱤᱥᱚᱢ ᱜᱚᱢᱠᱮ ᱡᱟᱦᱟᱸᱭ ᱤᱥᱨᱟᱭᱮᱞ ᱥᱟᱸᱜᱷᱟᱨ ᱞᱮᱫᱟᱭ
A traditional form of worship is followed by Mount Sinai and the nearby temple.,भपल म सथत कचनर परवत और पस क मदर म परपरक पज वध क पलन कय जत ह,ᱵᱷᱳᱯᱟᱞ ᱨᱮ ᱢᱮᱱᱟᱜ ᱠᱟᱪᱱᱟᱨ ᱵᱩᱨᱩ ᱟᱨ ᱥᱩᱨᱥᱩᱯᱩᱨ ᱢᱚᱱᱫᱤᱨ ᱨᱮ ᱥᱮᱨᱣᱟ ᱟᱱᱟᱜ ᱵᱚᱸᱜᱟ ᱟᱹᱨᱤ ᱠᱚ ᱯᱟᱞᱟᱣᱟ
Thatll create the lowest latherer from the ground below.,ज उततम स उततम lawyer तयर करग,ᱡᱟᱦᱟᱸᱭ ᱫᱚ ᱡᱚᱛᱚ ᱠᱷᱚᱱ ᱥᱚᱨᱮᱥ ᱞᱟᱹᱞᱤᱥᱤᱭᱟᱹ ᱮ ᱵᱮᱱᱟᱣᱼᱟ
"Wherever the sun rose, he was welcomed through the sum.","जह भ सरय उदय हआ, वह यग क मधयम स उसक सवगत हआ","ᱡᱟᱦᱟᱸ ᱴᱷᱟᱶ ᱨᱮ ᱜᱮ ᱪᱟᱸᱫᱳ ᱮ ᱡᱟᱱᱟᱢ ᱞᱮᱱᱟ, ᱚᱱᱟ ᱴᱷᱟᱶ ᱨᱮ ᱜᱮ ᱡᱳᱜ ᱛᱟᱞᱟᱛᱮ ᱩᱱᱤ ᱠᱚ ᱵᱟᱛᱟᱶ ᱞᱮᱫᱮᱭᱟ"
Farmers fill the ground with moisture to sow peanuts in the field.,खत म मगफल बन क लए कसन मटट क नम स भरत ह,ᱪᱟᱹᱥᱤ ᱠᱚ ᱵᱟᱹᱫ ᱨᱮ ᱪᱤᱱᱟᱵᱟᱫᱟᱢ ᱨᱚᱦᱚᱭ ᱞᱟᱹᱜᱤᱫ ᱦᱟᱥᱟ ᱨᱮ ᱞᱚᱦᱚᱫ ᱠᱚ ᱯᱮᱨᱮᱡᱟ
Im lost in the forest of relationships.,म रशत क जगल म ख गय ह,ᱤᱧ ᱥᱟᱹᱜᱟᱹᱭ ᱨᱮᱭᱟᱜ ᱵᱤᱨ ᱨᱮᱧ ᱟᱫ ᱟᱠᱟᱱᱟ
"When we arrived in Mumbai, we found ourselves in Mumbai, the capital city of the United States.",सजय जश तय करयकरम क मतबक मबई आए,ᱥᱚᱧᱡᱚᱭ ᱡᱳᱥᱤ ᱴᱷᱟᱹᱣᱠᱟᱹ ᱟᱠᱟᱱ ᱚᱠᱛᱚ ᱞᱮᱠᱟᱛᱮ ᱢᱩᱸᱵᱟᱹᱭ ᱮ ᱦᱮᱡ ᱮᱱᱟᱭ
The farmers plant seed when they harvest Bhuh in the fields.,कसन खत म गह क फसल बत समय बज उपचर करत ह,ᱪᱟᱹᱥᱤ ᱠᱚ ᱵᱟᱹᱫᱽ ᱨᱮ ᱜᱩᱦᱩᱢ ᱪᱟᱥ ᱨᱚᱦᱚᱭ ᱚᱠᱛᱚ ᱤᱛᱟᱹ ᱨᱮᱭᱟᱜ ᱛᱤᱠᱤᱪᱪᱷᱟ ᱠᱚ ᱠᱚᱨᱟᱣᱟ
Regular cleaning and maintenance of tractor and agricultural equipment enables them to grow up and work quickly and easier.,टरकटर और कष उपकरण क नयमत सफई और रखरखव करन स उनक उमर बढत ह और कम जलद और आसन ह जत ह,ᱴᱨᱟᱠᱴᱚᱨ ᱟᱨ ᱪᱟᱥ ᱥᱟᱯᱟᱵ ᱠᱚ ᱫᱤᱱᱟᱹᱢ ᱥᱟᱯᱷᱟ ᱟᱨ ᱧᱮᱞ ᱥᱟᱢᱴᱟᱣ ᱞᱮᱠᱷᱟᱱ ᱩᱱᱠᱩᱣᱟᱜ ᱩᱢᱮᱨ ᱵᱟᱹᱲᱛᱤᱜᱼᱟ ᱟᱨ ᱠᱟᱹᱢᱤ ᱞᱚᱜᱚᱱ ᱟᱨ ᱟᱞᱜᱟ ᱦᱩᱭᱩᱜᱼᱟ
Every man who dances is called Syracuse.,सल नचन वल हर आदम सलहर कहलत ह,ᱡᱟᱦᱟᱭ ᱦᱚᱲ ᱥᱟᱭᱞᱟ ᱠᱚ ᱮᱱᱮᱡᱼᱟ ᱩᱱᱤ ᱫᱚ ᱥᱟᱭᱞᱦᱟᱨ ᱠᱚ ᱢᱮᱛᱟᱜᱼᱟ
"If we dont find new discoveries, a pause will come if we dont create the best product.","यद हम नवन खज नह करत ह, यद हम उतकषट उतपद तयर नह करत ह त एक ठहरव आ जएग","ᱡᱩᱫᱤ ᱟᱵᱚ ᱱᱟᱣᱟ ᱩᱫᱽᱜᱟᱹᱣ ᱵᱟᱝ ᱵᱚᱱ ᱠᱚᱨᱟᱣᱟ, ᱡᱩᱫᱤ ᱟᱵᱚ ᱟᱹᱰᱤ ᱱᱟᱯᱟᱭ ᱫᱩᱨᱤᱵᱽ ᱵᱟᱝ ᱵᱚᱱ ᱵᱮᱱᱟᱣᱟ, ᱮᱱᱠᱷᱟᱱ ᱢᱤᱫᱴᱟᱝ ᱛᱷᱤᱨ ᱦᱤᱡᱩᱜᱼᱟ"
The prime showed the image of Dr. MGR Jans College of Arts and Science for Science.,परधनमतर न वडय लक क जरए चननई सथत ड. एमजआर जनक कलज ऑफ आरटस एड सइस फर वमन म ड. एमज रमचदरन क परतम क अनवरण कय,ᱢᱟᱨᱟᱝ ᱢᱚᱱᱛᱨᱤ ᱫᱚ ᱢᱤᱫᱴᱟᱝ ᱵᱷᱤᱰᱤᱣ ᱞᱤᱱᱠ ᱛᱟᱞᱟᱛᱮ ᱪᱮᱱᱱᱟᱭ ᱨᱮᱭᱟᱜ ᱰᱚᱠᱟᱨ ᱮᱢᱡᱤ ᱟᱨ ᱡᱮᱱᱠᱤ ᱠᱚᱞᱮᱡᱽ ᱚᱯᱷ ᱟᱨᱴᱥ ᱟᱨ ᱥᱟᱭᱮᱱᱥ ᱯᱷᱳᱨ ᱳᱵᱷᱤᱱ ᱨᱮ ᱰᱚᱠᱴᱟᱨ ᱮᱢᱡᱤ ᱨᱟᱢᱪᱩᱱᱫᱚᱨᱚᱱ ᱟᱜ ᱢᱤᱫᱴᱟᱝ ᱢᱟᱱᱛᱤ ᱠᱚ ᱩᱫᱩᱜ ᱥᱚᱫᱚᱨ ᱞᱮᱫᱟ
"When farmers get a suitable price for their harvest, their faces are impressed with smiles, and families create a climate of prosperity, with the rapid growth of the village.","जब मडय म कसन क उपज क उचत मलय मलत ह, त उनक चहर पर मसकन दखई दत ह और परवर म समदध क महल बनत ह, जसस गव क वकस भ तज स हत ह","ᱛᱤᱱ ᱡᱚᱦᱚᱜ ᱢᱟᱱᱰᱤ ᱨᱮ ᱪᱟᱹᱥᱤ ᱠᱚ ᱟᱠᱚᱣᱟᱜ ᱟᱨᱡᱟᱣ ᱨᱮᱱᱟᱜ ᱱᱟᱯᱟᱭ ᱫᱟᱢ ᱠᱚ ᱧᱟᱢᱟ, ᱩᱱ ᱡᱚᱦᱚᱜ ᱩᱱᱠᱩᱣᱟᱜ ᱢᱮᱫᱦᱟᱸ ᱨᱮ ᱞᱟᱸᱫᱟ ᱧᱮᱞᱚᱜᱼᱟ ᱟᱨ ᱜᱷᱟᱨᱚᱸᱡᱽ ᱨᱮ ᱥᱩᱠᱷᱟᱹᱞᱤ ᱨᱮᱱᱟᱜ ᱯᱚᱨᱤᱵᱮᱥ ᱵᱮᱱᱟᱣᱜᱼᱟ, ᱡᱟᱦᱟᱸ ᱛᱮ ᱟᱹᱛᱩ ᱨᱮᱱᱟᱜ ᱩᱛᱱᱟᱹᱣ ᱦᱚᱸ ᱩᱥᱟᱹᱨᱟ ᱦᱩᱭᱩᱜᱼᱟ"
Krechi can be done too.,करक भ क ज सकत ह,ᱡᱚᱵᱚᱫ ᱦᱚᱸ ᱦᱩᱭ ᱫᱟᱲᱮᱭᱟᱜᱟ
Whether something is going on around,कय आसपस कछ खस चल रह ह,ᱥᱩᱨᱥᱩᱯᱩᱨ ᱨᱮ ᱪᱮᱫ ᱪᱮᱫ ᱵᱤᱥᱮᱥ ᱪᱟᱞᱟᱜ ᱠᱟᱱᱟ ?
"In the desert ground the morgue, the Neem and many other kinds of plants that can be produced more than can be produced.","बजर जमन म महआ , नम और इस परकर क अनक पध क लगन हग , जसस अधक स अधक उतपदन कय ज सक","ᱵᱟᱹᱲᱤᱡ ᱦᱟᱥᱟ ᱨᱮ ᱢᱚᱦᱩᱣᱟ, ᱱᱤᱢ ᱟᱨ ᱱᱚᱝᱠᱟᱱ ᱟᱭᱢᱟ ᱫᱟᱨᱮ ᱨᱚᱦᱚᱭ ᱦᱩᱭᱩᱜ ᱛᱟᱠᱚᱣᱟ, ᱡᱟᱦᱟᱸ ᱛᱮ ᱰᱷᱮᱨ ᱠᱷᱚᱱ ᱰᱷᱮᱨ ᱟᱨᱡᱟᱣ ᱦᱩᱭ ᱫᱟᱲᱮᱭᱟᱜᱼᱟ"
Stop rice kharters socket,चवल ककर क सकट बद कर,ᱪᱟᱣᱞᱮ ᱠᱩᱠᱟᱨ ᱨᱮᱭᱟᱜ ᱥᱚᱠᱮᱴ ᱵᱚᱱᱫᱚᱭ ᱢᱮ
Do you know a good time Im looking for.,म एक बर क तलश म ह कय आप एक अचछ बर क जनत ह,ᱤᱧ ᱢᱤᱫᱴᱟᱝ ᱵᱟᱨ ᱤᱧ ᱯᱟᱸᱡᱟᱭ ᱮᱫᱟ ᱪᱮᱫ ᱟᱢ ᱢᱤᱫᱴᱟᱝ ᱱᱟᱯᱟᱭ ᱵᱟᱨ ᱮᱢ ᱵᱟᱰᱟᱭᱟ
"In LAD, religious observances are usually held in Ledh, people speak grace and wear a shirtpad.","लददख म धरमक आयजन क आयजन परपरक ढग स कय जत ह, लग पजब बलत ह और करतपयजम पहनत ह","ᱞᱟᱫᱟᱠᱷ ᱨᱮ ᱫᱷᱚᱨᱚᱢ ᱟᱠᱷᱲᱟ ᱥᱮᱨᱣᱟ ᱟᱱᱟᱜ ᱞᱮᱠᱟᱛᱮ ᱥᱟᱯᱲᱟᱣ ᱦᱩᱭᱩᱜᱼᱟ, ᱦᱚᱲ ᱠᱚ ᱯᱟᱧᱡᱟᱵᱤ ᱯᱟᱹᱨᱥᱤ ᱛᱮᱠᱚ ᱨᱚᱲᱟ ᱟᱨ ᱠᱩᱨᱛᱟᱼᱯᱟᱭᱟᱡᱟᱢᱟ ᱠᱚ ᱦᱚᱨᱚᱜᱟ"
He told Alul Alumumin Park a solid step in the direction of the formation of the provision structure.,उनहन अगल एलयमनयम परक क आजवक परततर क गठन क दश म एक ठस कदम बतय,ᱩᱱᱤ ᱫᱚ ᱚᱝᱜᱩᱞ ᱮᱞᱩᱢᱤᱱᱤᱭᱟᱢ ᱯᱟᱨᱠ ᱫᱚ ᱡᱤᱵᱠᱟᱹ ᱵᱟᱥᱛᱩᱛᱚᱱᱛᱨᱚ ᱵᱮᱱᱟᱣ ᱞᱟᱹᱜᱤᱫ ᱢᱤᱫᱴᱟᱝ ᱠᱮᱴᱮᱡ ᱯᱟᱹᱣᱲᱤ ᱢᱮᱱᱛᱮᱭ ᱵᱚᱨᱱᱚᱱ ᱟᱠᱟᱫᱟ
"Fortified fortifications built by Britishs from the 17th century on the beach, here still is big and. but on the shore.","17व शतबद स समदर कनर पर बरटश दवर नरमत थलसर फरट खड परमणक ह, यह अभ भ बड तथ ..... परकट ह","᱑᱗ ᱥᱟᱭ ᱥᱚᱛᱟᱵᱫᱤ ᱠᱷᱚᱱ ᱥᱟᱹᱢᱩᱫ ᱟᱲᱮ ᱨᱮ ᱵᱨᱤᱴᱤᱥ ᱠᱚ ᱫᱟᱨᱟᱭ ᱛᱮ ᱵᱮᱱᱟᱣ ᱟᱠᱟᱱ ᱛᱷᱮᱞᱤᱥᱮᱨᱤ ᱜᱟᱲ ᱫᱚ ᱥᱟᱹᱵᱩᱫᱽ ᱟᱱᱟᱜ ᱠᱟᱱᱟ, ᱱᱤᱛ ᱦᱚᱸ ᱱᱚᱰᱮ ᱢᱟᱨᱟᱝ ᱢᱟᱨᱟᱝ ᱜᱟᱲ ᱢᱮᱱᱟᱜᱼᱟ"
Do I have to carry an umbrella today?,कय मझ आज एक छत लकर जन पडग,ᱤᱧ ᱪᱮᱫ ᱛᱮᱦᱮᱧ ᱢᱤᱫᱴᱟᱝ ᱪᱟᱛᱚᱢ ᱤᱫᱤ ᱦᱩᱭᱩᱜ ᱛᱤᱧᱟᱹ?
Their hearts have become hardened.,उनक हदय म कठरत आ गई ह,ᱩᱱᱤᱭᱟᱜ ᱨᱤᱫᱟᱹᱭ ᱨᱮ ᱠᱮᱴᱮᱡ ᱦᱮᱡ ᱮᱱᱟ
"This is what happened to Beri in Bethlehem, about which I found to read in the media.","बहर क बतय म यह हआ ह, जसक बर म मझ मडय म पढन क मल","ᱵᱤᱦᱟᱨ ᱨᱮᱭᱟᱜ ᱵᱮᱛᱤᱭᱟ ᱨᱮ ᱱᱚᱣᱟ ᱜᱮ ᱦᱩᱭ ᱟᱠᱟᱱᱟ, ᱡᱟᱦᱟᱸ ᱵᱟᱵᱚᱛ ᱛᱮ ᱤᱧ ᱢᱤᱰᱤᱭᱟ ᱨᱮ ᱯᱟᱲᱦᱟᱣ ᱧᱟᱢ ᱟᱠᱟᱫ ᱟᱹᱧ"
"I often think that if there were no new techniques in the fields, how hard our life would be today and we would have to do everything at our disposal.","म अकसर सचत ह क अगर खत म नई तकनक नह हत, त आज भ हमर जवन कतन मशकल हत और हम हर कम हथ स ह करन पडत","ᱤᱧ ᱫᱚ ᱜᱷᱟᱱᱮ ᱜᱮᱧ ᱩᱭᱦᱟᱹᱨ ᱮᱫᱟ ᱡᱮ ᱡᱩᱫᱤ ᱪᱟᱥ ᱨᱮ ᱱᱟᱶᱟ ᱠᱟᱹᱭᱫᱩᱥ ᱵᱟᱝ ᱛᱟᱦᱮᱸᱱᱟ, ᱮᱱᱠᱷᱟᱱ ᱛᱮᱦᱮᱧ ᱦᱚᱸ ᱟᱵᱚᱣᱟᱜ ᱡᱤᱭᱚᱱ ᱛᱤᱱᱟᱹᱜ ᱟᱸᱴ ᱦᱩᱭᱩᱜᱼᱟ ᱟᱨ ᱟᱵᱚ ᱥᱟᱱᱟᱢ ᱠᱟᱹᱢᱤ ᱛᱤ ᱛᱮᱜᱮ ᱠᱚᱨᱟᱣ ᱦᱩᱭᱩᱜ ᱛᱟᱵᱚᱱᱟ"
The traditional ripe fruit and spices are prepared with a great show of hospitality in the sixflames.,छततसगढ म परपरक रप स तज फल और शकहर वयजन बड धमधम स तयर कए जत ह,ᱪᱷᱚᱛᱛᱤᱥᱜᱚᱲ ᱨᱮ ᱥᱮᱨᱣᱟ ᱟᱱᱟᱜ ᱞᱮᱠᱟᱛᱮ ᱟᱹᱰᱤ ᱨᱟᱹᱥᱠᱟᱹ ᱥᱟᱞᱟᱜ ᱛᱮᱡ ᱡᱚ ᱟᱨ ᱵᱷᱤᱜᱟᱱ ᱡᱚᱢᱟᱜ ᱠᱚ ᱵᱮᱱᱟᱣᱟ
Its important to get the fixed advantage and lasting customer when you exchange the purchases in whats wrong with those who buy it.,"कसन जब मड म खरदर क सथ सध अनबध करत ह, त उनह नशचत लभ और सथय गरहक मलत ह","ᱪᱟᱹᱥᱤ ᱠᱚ ᱡᱚᱠᱷᱚᱱ ᱢᱟᱱᱰᱤ ᱨᱮ ᱥᱚᱡᱷᱮ ᱠᱤᱨᱤᱧᱤᱭᱟᱹ ᱠᱚ ᱥᱟᱞᱟᱜ ᱪᱩᱠᱛᱤ ᱠᱚ ᱠᱚᱨᱟᱣᱟ, ᱩᱱᱫᱚ ᱩᱱᱠᱩ ᱴᱷᱟᱹᱣᱠᱟᱹ ᱥᱩᱵᱤᱫᱷᱟ ᱟᱨ ᱛᱷᱟᱭᱤ ᱠᱤᱨᱤᱧᱤᱭᱟ ᱠᱚ ᱧᱟᱢᱟ"
Ive farmed hypnot and beans together.,मन खत म मरच और बगन क खत एक सथ क ह,ᱤᱧ ᱵᱟᱹᱫᱽ ᱨᱮ ᱢᱟᱹᱨᱤᱪ ᱟᱨ ᱵᱮᱝᱜᱚᱞ ᱢᱤᱫ ᱥᱟᱶᱛᱮ ᱪᱟᱥ ᱟᱠᱟᱫᱟ
"The two tribe tribe tribe lies in the tabernacle area Goand, Haalba, Majab, Maurit, Maurit, Rahara, Mahathan, Spera, Mishbi, and Cherub, the potter the nation of the nations.","दरल जनजत नवस कषतर म गड, हलब, मरय, परधन, मडय, रउत, महर, लहर, घसय, कनब, महर, कमहर आद जतजनजत नवसरत ह","ᱫᱳᱨᱞᱟ ᱩᱯᱚᱡᱟᱹᱛᱤ ᱜᱤᱨᱟᱹᱵᱟᱥ ᱴᱚᱴᱷᱟᱨᱮ ᱜᱳᱱᱰ, ᱦᱟᱞᱵᱟ, ᱢᱩᱨᱤᱭᱟ, ᱯᱚᱨᱫᱷᱟᱱ, ᱢᱟᱲᱤᱭᱟ, ᱨᱟᱣᱩᱛ, ᱢᱟᱦᱨᱟ, ᱞᱳᱦᱟᱨ, ᱜᱷᱚᱥᱤᱭᱟ, ᱠᱩᱱᱵᱤ, ᱢᱚᱦᱟᱨ, ᱠᱩᱢᱦᱟᱨ ᱮᱢᱟᱱ ᱡᱟᱹᱛᱤᱼᱡᱟᱹᱛᱤ ᱠᱚ ᱜᱤᱨᱟᱹᱵᱟᱥᱚᱜᱼᱟ"
"In 2020 C.E., the vice president of the Caridad EMR was also granted this honor to Mrs.",2020 म उततरखड क दहरदन क जगल कलस ईएमआरएस क उप परचरय शरमत सध पनल क भ यह सममन परपत हआ थ,᱒᱐᱒᱐ ᱥᱟᱹᱦᱤᱛ ᱨᱮ ᱩᱛᱛᱚᱨᱟᱠᱷᱚᱱᱰ ᱨᱮᱭᱟᱜ ᱫᱮᱨᱟᱫᱩᱱ ᱨᱮᱭᱟᱜ ᱡᱳᱜᱞᱟ ᱠᱟᱞᱥᱤ ᱤ ᱮᱢ ᱟᱨ ᱮᱥ ᱨᱮᱱ ᱡᱚᱜᱚ ᱯᱨᱤᱱᱥᱤᱯᱟᱞ ᱥᱨᱤᱢᱚᱛᱤ ᱥᱩᱫᱷᱟ ᱯᱟᱭᱱᱩᱞᱤ ᱦᱚᱸ ᱱᱚᱶᱟ ᱢᱟᱹᱱ ᱮ ᱧᱟᱢ ᱞᱮᱫᱟ
"Who says farming doesnt depend only on land, but with water, air, and weather balance.","कसन कहत ह क खत कवल भम पर ह नरभर नह हत, बलक पन, हव और मसम क तलमल भ उतन ह जरर ह","ᱪᱟᱹᱥᱤ ᱠᱚ ᱞᱟᱹᱭ ᱮᱫᱟ ᱡᱮ ᱪᱟᱥ ᱫᱚ ᱠᱷᱟᱹᱞᱤ ᱦᱟᱥᱟ ᱪᱮᱛᱟᱱ ᱨᱮ ᱴᱮᱦᱟᱴ ᱫᱚ ᱵᱟᱝ ᱠᱟᱱᱟ, ᱢᱮᱱᱠᱷᱟᱱ ᱫᱟᱜ, ᱦᱚᱭ ᱟᱨ ᱦᱚᱭᱼᱦᱤᱥᱤᱫ ᱨᱮᱭᱟᱜ ᱢᱮᱥᱟ ᱦᱚᱸ ᱩᱱᱟᱹᱜ ᱜᱮ ᱞᱟᱹᱠᱛᱤ ᱠᱟᱱᱟ"
He was feeding the animals.,वह पशओ क चर खल रह थ,ᱩᱱᱤ ᱡᱟᱱᱣᱟ ᱡᱚᱢ ᱮᱫ ᱛᱟᱦᱮᱸᱡ
"When the bureaucracy in the fields, its aroma and yellow light create an atmosphere like that of a festival.","खत म जब सरस फलत ह, त उसक सगध और पल चमक चर ओर उतसव जस महल बन दत ह","ᱵᱟᱹᱫᱽ ᱨᱮ ᱡᱚᱠᱷᱚᱱ ᱛᱩᱲᱤ ᱵᱟᱦᱟ ᱨᱟᱠᱟᱵᱚᱜᱼᱟ, ᱩᱱᱫᱚ ᱚᱱᱟ ᱨᱮᱭᱟᱜ ᱥᱚᱸᱫᱷᱟᱲ ᱟᱨ ᱥᱟᱥᱟᱝ ᱡᱷᱟᱞᱠᱟᱣ ᱯᱟᱨᱟᱵᱽ ᱞᱮᱠᱟᱱ ᱦᱚᱭᱦᱤᱥᱤᱫ ᱮ ᱵᱮᱱᱟᱣᱟ"
Rastrantri Pauls nephew in Rwanda had taken the initiative to deal with malnutrition and poverty and to bring cattle and farming together.,रषटरपत पल कगम न रवड म बचच म कपषण क खतरनक सतर और गरब स नपटन तथ पशधन एव कष क एक सथ लन क लए गरक क पहल क थ,ᱨᱟᱥᱴᱨᱚᱯᱚᱛᱤ ᱯᱚᱞ ᱠᱟᱜᱟᱢᱮ ᱨᱟᱣᱟᱱᱰᱟ ᱨᱮᱱ ᱜᱤᱫᱽᱨᱟᱹ ᱠᱚ ᱢᱩᱫᱽᱨᱮ ᱯᱩᱥᱴᱤ ᱨᱮᱭᱟᱜ ᱵᱚᱛᱚᱨᱟᱱ ᱛᱷᱚᱨ ᱟᱨ ᱨᱮᱸᱜᱮᱡᱽ ᱥᱟᱢᱲᱟᱣ ᱟᱨ ᱡᱤᱭᱟᱹᱞᱤ ᱟᱨ ᱪᱟᱥ ᱠᱚ ᱢᱤᱫ ᱥᱟᱶᱛᱮ ᱟᱹᱜᱩ ᱞᱟᱹᱜᱤᱫ ᱜᱤᱨᱤᱝᱠᱟ ᱨᱮᱭᱟᱜ ᱮᱛᱚᱦᱚᱵ ᱮ ᱮᱛᱚᱦᱚᱵ ᱞᱮᱫᱟ
Well. you havent paid any money.,ह....आपन चलहर पस नह दय ह,ᱦᱚᱭ... ᱟᱢ ᱪᱤᱞᱟᱨ ᱠᱟᱹᱣᱰᱤ ᱵᱟᱝ ᱮᱢ ᱟᱠᱟᱫᱟ
Odishs coshank is made traditionally acetymous and acetical dish.,ओडश क कणरक म परपरक रप स पठ और चकल जस शकहर वयजन बनए जत ह,ᱳᱲᱤᱥᱥᱟ ᱨᱮᱭᱟᱜ ᱠᱳᱱᱟᱨᱠ ᱨᱮ ᱥᱮᱨᱣᱟ ᱟᱱᱟᱜ ᱞᱮᱠᱟᱛᱮ ᱯᱤᱛᱟ ᱟᱨ ᱪᱚᱠᱞᱤ ᱞᱮᱠᱟᱱ ᱱᱤᱨᱟᱢᱤᱥ ᱡᱚᱢᱟᱜ ᱠᱚ ᱵᱮᱱᱟᱣᱼᱟ
This feature will be different from the Ijiveive Vja that is being extended over the world.,यह सवध वशवसतर पर वसतर क ज रह इलकटरनक वज सवध स अलग हग,ᱱᱚᱶᱟ ᱥᱩᱵᱤᱫᱷᱟ ᱫᱚ ᱡᱮᱜᱮᱫ ᱡᱟᱠᱟᱛ ᱨᱮ ᱯᱟᱥᱱᱟᱣᱚᱜ ᱠᱟᱱ ᱤᱞᱮᱠᱴᱨᱚᱱᱤᱠ ᱵᱷᱤᱥᱟ ᱥᱩᱵᱤᱫᱷᱟ ᱠᱷᱚᱱ ᱵᱷᱮᱜᱟᱨ ᱦᱩᱭᱩᱜᱼᱟ
We celebrate the 14th November as Baal because its our first primeialial balcony day.,१४ नवमबर क हम बल दन क रप म मनत ह कयक व हमर पहल परधनमनतर जवहर लल ज क जनम दन ह ..,᱑᱔ ᱱᱚᱵᱷᱮᱢᱵᱚᱨ ᱦᱤᱞᱚᱜ ᱟᱵᱚ ᱜᱤᱫᱽᱨᱟᱹ ᱢᱟᱦᱟᱸ ᱞᱮᱠᱟᱛᱮ ᱵᱚ ᱢᱟᱱᱟᱣᱟ ᱪᱮᱫᱟᱜ ᱥᱮ ᱚᱱᱟ ᱫᱚ ᱟᱵᱚᱨᱤᱱ ᱯᱩᱭᱞᱩ ᱢᱟᱨᱟᱝ ᱢᱚᱱᱛᱨᱤ ᱡᱚᱵᱟᱦᱚᱨ ᱞᱟᱞ ᱡᱤ ᱟᱜ ᱡᱟᱱᱟᱢ ᱢᱟᱦᱟᱸ ᱠᱟᱱᱟ
Feeding and feeding animal animals for a balanced diet.,पशपलक जनवर क सतलत आहर दन क लए खल और दन मलकर खलत ह,ᱡᱤᱭᱟᱹᱞᱤ ᱟᱹᱥᱩᱞᱤᱭᱟᱹ ᱠᱚ ᱡᱤᱭᱟᱹᱞᱤᱠᱚ ᱵᱷᱮᱞᱮᱱᱥ ᱡᱚᱢᱟᱜ ᱮᱢᱚᱜ ᱞᱟᱹᱜᱤᱫ ᱠᱷᱚᱞᱤ ᱟᱨ ᱤᱛᱟᱹ ᱢᱮᱥᱟ ᱠᱟᱛᱮᱠᱚ ᱡᱚᱢᱟ
It was created by a 3D animation studio a 3D animation located.,यह करयन पकचरस पण सथत एक 3ड एनमशन सटडय दवर नरमत ह,ᱱᱚᱣᱟ ᱫᱚ ᱠᱨᱮᱭᱚᱱ ᱯᱤᱠᱪᱟᱨᱥ ᱯᱩᱱᱮ ᱨᱮ ᱢᱮᱱᱟᱜ ᱢᱤᱫᱴᱟᱝ ᱓ᱰᱤ ᱮᱱᱤᱢᱮᱥᱚᱱ ᱥᱴᱩᱰᱤᱭᱳ ᱦᱚᱛᱮᱛᱮ ᱵᱮᱱᱟᱣ ᱟᱠᱟᱱᱟ
Sanjays been released today.,सजय क मल महलत आज खतम ह गई,ᱥᱟᱹᱧᱡᱟᱹᱭᱮ ᱧᱟᱢ ᱟᱠᱟᱫ ᱚᱠᱛᱚ ᱫᱚ ᱛᱮᱦᱮᱧ ᱢᱩᱪᱟᱹᱫ ᱮᱱ
Day and night teaches.,दन रत सखत ह,ᱥᱤᱧ ᱧᱤᱱᱫᱟᱹ ᱯᱟᱲᱦᱟᱣ ᱠᱚᱣᱟᱭ
It is now time to stop closing the Ram office.,म. रम दफतर बनद करन क समय त अब हआ ह,ᱢᱟᱱᱹ ᱨᱟᱢᱺ ᱱᱤᱛᱚᱜ ᱫᱚᱯᱛᱚᱨ ᱵᱚᱸᱫᱽ ᱨᱮᱱᱟᱜ ᱚᱠᱛᱚ ᱦᱮᱡ ᱟᱠᱟᱱᱟ
This facility will agree with the sum of money to India will be immediately available to use it.,इस सवध स पज क सहमत रश भरत क उपयग क लए तरत उपलबध ह जएग,ᱱᱚᱣᱟ ᱥᱩᱵᱤᱫᱷᱟ ᱛᱮ ᱥᱤᱠᱟᱹᱨ ᱟᱠᱟᱱ ᱯᱩᱸᱡᱤ ᱨᱮᱭᱟᱜ ᱯᱚᱨᱤᱢᱟᱱ ᱵᱷᱟᱨᱚᱛ ᱨᱮ ᱵᱮᱣᱦᱟᱨ ᱞᱟᱹᱜᱤᱫ ᱞᱚᱜᱚᱱ ᱧᱟᱢᱚᱜᱼᱟ
"When farmers make a mass of pools and collect water, water is provided throughout the year.","गव म जब कसन समहक रप स तलब बनकर वरष जल सचय करत ह, त पर सल सचई म सवध हत ह","ᱟᱹᱛᱩ ᱨᱮ ᱡᱚᱠᱷᱚᱱ ᱪᱟᱹᱥᱤ ᱠᱚ ᱡᱩᱢᱤᱫ ᱠᱟᱛᱮ ᱯᱩᱠᱷᱨᱤ ᱵᱮᱱᱟᱣ ᱠᱟᱛᱮ ᱫᱟᱜ ᱡᱟᱹᱲᱤ ᱠᱚ ᱥᱟᱧᱪᱟᱣᱟ, ᱩᱱᱫᱚ ᱯᱩᱨᱟᱹ ᱥᱮᱨᱢᱟ ᱜᱮ ᱫᱟᱜ ᱯᱟᱴᱟᱣ ᱨᱮᱭᱟᱜ ᱥᱩᱵᱤᱫᱷᱟ ᱧᱟᱢᱚᱜᱼᱟ"
The cultural heritage of the Yanglas is revealed in their traditional art and art.,मणड लग क ससकतक धरहर उनक परपरक कल और शलप म वयकत हत ह,ᱢᱩᱱᱰᱟ ᱦᱚᱲ ᱠᱚᱣᱟᱜ ᱞᱟᱠᱪᱟᱨ ᱥᱮᱨᱣᱟ ᱫᱚ ᱩᱱᱠᱩᱣᱟᱜ ᱥᱮᱨᱣᱟ ᱟᱱᱟᱜ ᱵᱤᱨᱤᱫ ᱟᱨ ᱠᱟᱹᱨᱤ ᱨᱮ ᱥᱚᱫᱚᱨ ᱟᱠᱟᱱᱟ
Theres a bear in the forest.,जगल म एक भल ह,ᱵᱤᱨ ᱨᱮ ᱢᱤᱫ ᱵᱟᱱᱟ ᱢᱮᱱᱟᱭᱟ
"In the rural area, if the egg system gets transparent and digital, farmers can get the right price for their products and also have a lower role.",गरमण कषतर म यद मड वयवसथ परदरश और डजटल ह जए त कसन क अपन उतपद क सह दम मल सकत ह और बचलय क भमक भ कम ह जएग,"ᱟᱹᱛᱩ ᱴᱚᱴᱷᱟ ᱨᱮ ᱡᱩᱫᱤ ᱢᱟᱱᱰᱤ ᱵᱮᱵᱚᱥᱛᱟ ᱯᱩᱥᱴᱟᱹᱣ ᱟᱨ ᱰᱤᱡᱤᱴᱟᱞ ᱦᱩᱭᱩᱜᱼᱟ, ᱮᱱᱠᱷᱟᱱ ᱪᱟᱹᱥᱤ ᱠᱚ ᱟᱠᱚᱣᱟᱜ ᱟᱨᱡᱟᱣ ᱨᱮᱭᱟᱜ ᱡᱚᱛᱷᱟᱛ ᱜᱚᱱᱚᱝ ᱠᱚ ᱧᱟᱢ ᱫᱟᱲᱮᱭᱟᱜᱼᱟ ᱟᱨ ᱛᱟᱞᱟ ᱦᱚᱲ ᱠᱚᱣᱟᱜ ᱮᱱᱮᱢ ᱦᱚᱸ ᱠᱚᱢᱚᱜᱼᱟ"
Worshipless content is also affected by Hindu religion,पजन समगर भ हनद धरम स परभवत ह,ᱵᱚᱸᱜᱟ ᱞᱟ.ᱜᱤᱫ ᱥᱟᱯᱟᱵ ᱨᱮᱦᱚᱸ ᱦᱤᱱᱫᱩ ᱫᱷᱚᱨᱚᱢ ᱠᱷᱚᱱ ᱚᱨᱥᱚᱝ ᱟᱠᱟᱱᱟ
Which jacket should I wear?,मझ कन स जकट पहनन चहए,ᱤᱧ ᱚᱠᱟ ᱡᱮᱠᱮᱴ ᱤᱧ ᱦᱚᱨᱚᱜ ᱞᱟᱹᱠᱛᱤ ᱠᱟᱱᱟ?
According to historian S.,"इतहसकर एस. कषणसवम अयगर क अनसर, पललव तडईमडलम क मल नवस थ और पललव और तडयर दन नम एक समन ह","ᱱᱟᱜᱟᱢᱤᱭᱟᱹ ᱮᱥᱹ ᱠᱨᱤᱥᱱᱚᱥᱟᱢᱤ ᱟᱭᱮᱝᱜᱟᱨᱟᱜ ᱢᱚᱛ ᱞᱮᱠᱟᱛᱮ, ᱯᱚᱞᱞᱚᱵ ᱠᱚᱫᱚ ᱛᱳᱱᱰᱟᱭᱢᱚᱱᱰᱚᱞᱚᱢ ᱨᱮᱱ ᱜᱤᱨᱟᱹᱵᱟᱹᱥᱤ ᱠᱚ ᱛᱟᱦᱮᱸ ᱠᱟᱱᱟ ᱟᱨ ᱯᱚᱞᱞᱵ ᱟᱨ ᱛᱳᱱᱫᱚᱭᱟᱨ ᱵᱟᱱᱟᱨ ᱧᱩᱛᱩᱢ ᱜᱮ ᱢᱤᱫ ᱜᱮᱭᱟ"
Its a historic accomplishment.,यह एक ऐतहसक उपलबध ह,ᱱᱚᱣᱟ ᱫᱚ ᱢᱤᱫ ᱱᱟᱜᱟᱢᱤᱭᱟᱹ ᱠᱟᱹᱢᱤ ᱠᱟᱱᱟ
Whats the difference here and there in time?,यह और वह क समय म कय अतर ह,ᱱᱚᱰᱮ ᱟᱨ ᱚᱸᱰᱮ ᱚᱠᱛᱚ ᱨᱮ ᱪᱮᱫ ᱵᱷᱮᱜᱟᱨ ᱢᱮᱱᱟᱜᱼᱟ?
The rural women use clay pots and iron drums to store grain at home.,गरमण महलए घर पर अनज भडरण क लए मटट क बरतन और लह क डरम क परयग करत ह,ᱟᱹᱛᱩ ᱨᱮᱱ ᱛᱤᱨᱞᱟᱹ ᱠᱚ ᱚᱲᱟᱜ ᱨᱮ ᱟᱱᱟᱡᱽ ᱫᱚᱦᱚ ᱞᱟᱹᱜᱤᱫ ᱦᱟᱥᱟ ᱨᱮᱭᱟᱜ ᱵᱟᱹᱴᱤ ᱟᱨ ᱢᱮᱲᱦᱮᱫ ᱨᱮᱭᱟᱜ ᱰᱨᱟᱢ ᱠᱚ ᱵᱮᱣᱦᱟᱨᱟ
"These two believe that the free conscience is transient, free and selfcontrol.","इन दन क मनन ह क मकत अतकरण परलकक, मकत और आतमजगरक ह","ᱱᱩᱠᱩ ᱵᱟᱱᱟᱦᱚᱲ ᱜᱮᱠᱚ ᱯᱟᱹᱛᱭᱟᱹᱣᱟ ᱡᱮ, ᱯᱷᱩᱨᱜᱟᱹᱞ ᱵᱷᱤᱛᱤᱨ ᱫᱚ ᱦᱩᱭᱩᱜ ᱠᱟᱱᱟ ᱯᱟᱨᱟᱛᱛᱛᱛᱤᱠ, ᱯᱷᱩᱨᱚᱜᱟᱹᱞ ᱟᱨ ᱟᱯᱱᱟᱨ ᱪᱮᱸᱜᱷᱟᱣᱟᱱ"
Your kingdom is here speaking of right.,हक क बत कर रह ह यह त तमहर समरजय ह,ᱦᱚᱠ ᱨᱮᱭᱟᱜ ᱠᱟᱛᱷᱟ ᱞᱟᱹᱭ ᱠᱟᱛᱮ ᱟᱢ ᱱᱚᱶᱟ ᱨᱮ ᱟᱢᱟᱜ ᱨᱟᱡᱽᱜᱟᱹᱫᱤ ᱢᱮᱱᱟᱜᱼᱟ
"Chandler, that table stops at 7 00 p.m., come on.","चडलर, उस मज 7 बज बद हत ह, चल.","ᱪᱟᱱᱰᱚᱞᱟᱨ, ᱚᱱᱟ ᱴᱮᱵᱤᱞ ᱫᱚ ᱗ ᱴᱟᱲᱟᱝ ᱨᱮ ᱵᱚᱱᱫᱚ ᱮᱱᱟ, ᱫᱮᱞᱟ"
What are twelve plus one hundred twentysix?,बरह जम एक स छबबस कय ह,ᱜᱮᱞᱵᱟᱨ ᱵᱟᱹᱲᱛᱤ ᱢᱤᱫ ᱥᱟᱭ ᱛᱩᱨᱩᱭ ᱫᱚ ᱪᱮᱫ ᱠᱟᱱᱟ?
The club noted Were working together with the government so that at least some time with the security and responsibility of taking part in the country.,"कलब न बयन म कह, हम सरकर क सथ मलकर कम कर रह ह तक पर सरकष और जममदर क सथ कम स कम समय म दश म फटबल गतवधय क चल कर सक","ᱠᱞᱟᱵᱽ ᱨᱮᱭᱟᱜ ᱵᱚᱨᱱᱚᱱ ᱨᱮ ᱢᱮᱱ ᱦᱩᱭ ᱟᱠᱟᱱᱟ, ᱡᱚᱛᱚᱠᱷᱚᱱ ᱠᱚᱢ ᱚᱠᱛᱚ ᱨᱮᱜᱮ ᱥᱟᱱᱟᱢ ᱨᱩᱠᱷᱤᱭᱟᱹ ᱟᱨ ᱫᱟᱹᱭᱵᱷᱟᱨ ᱥᱟᱞᱟᱜ ᱫᱤᱥᱚᱢ ᱨᱮ ᱯᱷᱩᱴᱵᱚᱞ ᱠᱟᱹᱢᱤᱦᱚᱨᱟ ᱪᱟᱹᱞᱩ ᱞᱟᱹᱜᱤᱫ ᱟᱞᱮ ᱥᱚᱨᱠᱟᱨ ᱥᱟᱞᱟᱜ ᱟᱹᱰᱤ ᱱᱟᱯᱟᱭ ᱛᱮᱞᱮ ᱠᱟᱹᱢᱤ ᱠᱟᱱᱟ"
Farmers associated with animal symphan have begun to use the little cooler machine to cool up immediately so that quality can be maintained.,पशपलन स जड कसन दध क तरत ठड करन क लए छटछट कलर मशन क उपयग करन लग ह तक गणवतत बन रह,ᱡᱤᱭᱟᱹᱞᱤ ᱟᱹᱥᱩᱞ ᱥᱟᱶ ᱡᱚᱯᱲᱟᱣ ᱪᱟᱹᱥᱤ ᱠᱚ ᱛᱳᱣᱟ ᱞᱚᱜᱚᱱ ᱨᱮᱭᱟᱲ ᱞᱟᱹᱜᱤᱫ ᱦᱩᱰᱤᱧ ᱦᱩᱰᱤᱝ ᱠᱩᱞᱟᱨ ᱢᱮᱥᱤᱱ ᱵᱮᱣᱦᱟᱨ ᱠᱚ ᱮᱦᱚᱵ ᱟᱠᱟᱫᱟ ᱡᱟᱦᱟᱸᱛᱮ ᱜᱩᱱᱢᱟᱱ ᱴᱮᱠᱟᱣ ᱛᱟᱦᱮᱸᱱᱟ
It is also a wonderful experience to see the integrity of an iron miner in the Balala.,बलडल म लह अयसक क खनन दखन भ अदभत अनभव हत ह,ᱵᱮᱞᱟᱰᱤᱞᱟ ᱨᱮ ᱢᱮᱲᱦᱮᱫ ᱨᱮᱭᱟᱜ ᱠᱷᱟᱫᱟᱱ ᱧᱮᱞ ᱫᱚ ᱟᱹᱰᱤ ᱱᱟᱯᱟᱭ ᱟᱹᱭᱠᱟᱹᱣ ᱠᱟᱱᱟ
Why fall during the bus season?,बसनत क मसम म पतझड कय ?,ᱵᱚᱥᱚᱱᱛᱚ ᱨᱤᱛᱩ ᱨᱮ ᱪᱮᱫᱟᱜ ᱧᱩᱨᱩᱜᱼᱟ?
Whats on my shopping list today,मर शपग क सच म आज कय ह,ᱛᱮᱦᱮᱧ ᱤᱧᱟᱹᱜ ᱥᱚᱯᱤᱝ ᱥᱩᱪᱤ ᱨᱮ ᱪᱮᱫ ᱢᱮᱱᱟᱜᱼᱟ?
"Dr. Ahmad made great efforts to make peace between members of the faithful board, and were successful in bringing most students back to the compound.","ड अहमद न टरसट बरड क सदसय क बच सलह लन क लए बड परयस कए, और अधकश छतर क परसर म वपस लन म सफल रह",ᱰᱨᱹ ᱟᱦᱚᱢᱮᱫ ᱴᱨᱟᱥᱴᱤ ᱵᱳᱨᱰ ᱨᱮᱱ ᱨᱟᱹᱥᱤᱭᱟᱹ ᱠᱚ ᱛᱟᱞᱟᱨᱮ ᱥᱚᱢᱟᱱ ᱟᱹᱜᱩ ᱞᱟᱹᱜᱤᱫ ᱟᱹᱰᱤ ᱠᱩᱨᱩᱢᱩᱴᱩ ᱞᱮᱫᱟᱭ ᱟᱨ ᱡᱟᱹᱥᱛᱤ ᱜᱟᱱ ᱯᱟᱹᱴᱷᱩᱣᱟᱹ ᱠᱚ ᱠᱮᱢᱯᱟᱥ ᱨᱮ ᱨᱩᱣᱟᱹᱲ ᱟᱹᱜᱩ ᱨᱮ ᱥᱤᱜᱤᱞ ᱞᱮᱱᱟᱭ
This match will be a reminder to us all.,यह मच हम सभ क लए एक यदगर रहग,ᱱᱚᱶᱟ ᱢᱮᱪ ᱫᱚ ᱟᱵᱚ ᱥᱟᱱᱟᱢ ᱠᱚ ᱞᱟᱹᱜᱤᱫ ᱢᱤᱫᱴᱟᱝ ᱩᱭᱦᱟᱹᱨ ᱟᱱᱟᱜ ᱦᱩᱭᱩᱜᱼᱟ
God!,अललह!,ᱟᱞᱞᱟᱦᱚ !
Lets call sunlight.,सरज क रशन क धप कहत ह,ᱥᱤᱧ ᱪᱟᱸᱫᱚᱣᱟᱜ ᱛᱟᱨᱟᱥ ᱫᱚ ᱥᱤᱛᱩᱝ ᱛᱚ ᱢᱮᱛᱟᱜᱼᱟ
He brought down the snake into the basket.,सपर न सप क टकर म डल दय,ᱵᱤᱧ ᱥᱟᱵᱼᱤᱡ ᱵᱤᱧ ᱮ ᱵᱟᱥᱠᱮᱴ ᱨᱮ ᱫᱚᱦᱚ ᱠᱮᱫᱮᱭᱟᱭ
Hows the ground?,कस ह जमन!पदवर कस ह?,ᱦᱟᱥᱟ ᱪᱮᱫ ᱞᱮᱠᱟᱱᱟ ? ᱡᱚ ᱫᱚ ᱪᱮᱫ ᱞᱮᱠᱟ ᱧᱟᱢᱚᱜᱼᱟ?
You can learn how powerful human strength for new India is going to be through this an Institution.,आप कलपन कर सकत ह क नय भरत क लए कतन बड समरथयवन मनव बल क तयर करन क कम इस एक Institution क दवर हन वल ह,ᱟᱯᱮ ᱠᱚ ᱩᱭᱦᱟᱹᱨ ᱫᱟᱲᱮᱭᱟᱜᱼᱟ ᱡᱮ ᱱᱟᱶᱟ ᱵᱷᱟᱨᱚᱛ ᱞᱟᱹᱜᱤᱫ ᱛᱤᱱᱟᱹᱜ ᱢᱟᱨᱟᱝ ᱫᱟᱲᱮᱭᱟᱱ ᱦᱚᱲ ᱫᱟᱲᱮ ᱵᱮᱱᱟᱣ ᱨᱮᱭᱟᱜ ᱠᱟᱹᱢᱤ ᱱᱚᱶᱟ ᱢᱤᱫᱴᱟᱝ ᱛᱟᱞᱢᱟ ᱫᱟᱨᱟᱭ ᱛᱮ ᱦᱩᱭᱩᱜ ᱠᱟᱱᱟ
"In the field, we must make sure enough moisture in the soil, so that the seeds may sprout quickly and the crops may grow in time.","खत म बवई क समय मटट म परयपत नम सनशचत करन चहए, तक बज जलद अकरत ह और फसल समय पर बढ","ᱵᱟᱹᱫ ᱨᱮ ᱨᱚᱦᱚᱭ ᱚᱠᱛᱚ ᱦᱟᱥᱟ ᱨᱮ ᱞᱟᱹᱠᱛᱤᱭᱟᱱ ᱚᱞᱟᱦᱮᱫ ᱛᱟᱦᱮᱱ ᱫᱚ ᱴᱷᱟᱹᱣᱠᱟᱹ ᱦᱩᱭᱩᱜᱼᱟ, ᱡᱟᱦᱟᱸᱛᱮ ᱡᱟᱝ ᱞᱚᱜᱚᱱ ᱚᱨᱡᱚᱱᱚᱜᱼᱟ ᱟᱨ ᱡᱚᱛᱷᱟᱛ ᱚᱠᱛᱚ ᱨᱮ ᱪᱟᱥ ᱦᱩᱭᱩᱜᱼᱟ"
Thats why the officers will be unjust.,इसक करण अफसर क जलम बढ जएग,"ᱱᱚᱶᱟ ᱠᱷᱟᱹᱛᱤᱨ, ᱠᱟᱹᱢᱤᱭᱟᱹ ᱠᱚᱣᱟᱜ ᱞᱟᱹᱞᱤᱥ ᱰᱷᱮᱨᱚᱜᱼᱟ"
"Blobs are built on a television set, such as blocs and nylons, on the day of bureaucracy.",छततसगढ म दपवल क अवसर पर परपरक मठइय जस लडड और चल बनए जत ह,ᱪᱷᱚᱛᱛᱤᱥᱜᱚᱲ ᱨᱮ ᱫᱤᱯᱟᱵᱚᱞᱤ ᱯᱚᱨᱚᱵᱽ ᱨᱮ ᱞᱟᱰᱩ ᱟᱨ ᱪᱤᱞᱟ ᱞᱮᱠᱟᱱ ᱥᱮᱨᱣᱟ ᱟᱱᱟᱜ ᱦᱮᱲᱮᱢ ᱡᱚᱢᱟᱜ ᱠᱚ ᱵᱮᱱᱟᱣᱟ
She came forward to save.,वह बचन क लए आग आय,ᱩᱱᱤ ᱵᱟᱧᱪᱟᱣ ᱞᱟᱹᱜᱤᱫ ᱦᱮᱡ ᱮᱱᱟᱭ
"The Memorial of MasterG has moved every sect, every age, every class for ungodliness.","सवमज क समरक न, हर पनथ, हर आय क, वरग क लग क, रषटरभकत क लए पररत कय ह","ᱥᱟᱢᱤᱡᱤᱭᱟᱜ ᱩᱭᱦᱟᱹᱨᱟᱱ ᱴᱷᱟᱶ ᱫᱚ ᱥᱟᱱᱟᱢ ᱫᱷᱚᱨᱚᱢ ᱨᱮᱱ, ᱥᱟᱱᱟᱢ ᱥᱮᱨᱢᱟ ᱨᱮᱱ, ᱥᱟᱱᱟᱢ ᱦᱤᱸᱥ ᱨᱮᱱ ᱦᱚᱲ ᱠᱚ ᱫᱤᱥᱚᱢ ᱨᱮᱱ ᱦᱚᱲ ᱠᱚ ᱞᱟᱹᱜᱤᱫ ᱮ ᱮᱥᱮᱨ ᱟᱠᱟᱫᱟ"
"The success of Wo India has proved that with right guidance and resources, there can be great benefits in the area of Indias young games.","खल इडय क सफलत न यह सबत कय ह क सह मरगदरशन और ससधन क सथ, भरत क यव खल क कषतर म महन उपलबधय परपत कर सकत ह","ᱠᱷᱮᱞᱳ ᱵᱷᱟᱨᱚᱛ ᱨᱮᱭᱟᱜ ᱥᱤᱜᱤᱞ ᱫᱚ ᱩᱫᱩᱜ ᱥᱚᱫᱚᱨ ᱟᱠᱟᱫᱟ ᱡᱮ, ᱵᱷᱟᱨᱚᱛ ᱨᱮᱱ ᱜᱤᱫᱽᱨᱟᱹ ᱠᱚ ᱱᱟᱯᱟᱭ ᱠᱟᱛᱷᱟ ᱮᱢ ᱟᱨ ᱵᱤᱨᱤᱫ ᱥᱟᱶ ᱠᱷᱮᱞᱳᱰ ᱨᱮᱭᱟᱜ ᱴᱚᱴᱷᱟ ᱨᱮ ᱟᱹᱰᱤ ᱢᱟᱨᱟᱝ ᱥᱤᱜᱤᱞ ᱠᱚ ᱧᱟᱢ ᱫᱟᱲᱮᱭᱟᱜᱼᱟ"
The farmers convert the remnant into dung after harvest in the fields.,कसन खत म फसल कटई क बद अवशष क खद म परवरतत कर खत क उरवरत बढत ह,ᱪᱟᱹᱥᱤ ᱠᱚ ᱵᱟᱹᱫᱽ ᱨᱮ ᱪᱟᱥᱵᱟᱥ ᱛᱟᱭᱚᱢ ᱥᱟᱨᱮᱡ ᱠᱚ ᱠᱷᱚᱛ ᱨᱮ ᱟᱹᱨᱩ ᱠᱟᱛᱮ ᱵᱟᱹᱫᱽ ᱨᱮᱭᱟᱜ ᱠᱷᱚᱛᱟᱱ ᱠᱚ ᱵᱟᱹᱲᱛᱤᱼᱟ
"While selling vegetables in the market, farmers make sure the customer gets the right amount and the fresh product.",बजर म सबजय बचत समय कसन यह सनशचत करत ह क गरहक क सह मतर और तज उतपद मल,ᱵᱟᱡᱟᱨ ᱨᱮ ᱟᱲᱟᱜ ᱥᱟᱠᱟᱢ ᱟᱹᱠᱷᱨᱤᱧ ᱚᱠᱛᱚ ᱪᱟᱹᱥᱤ ᱠᱚ ᱴᱷᱟᱹᱣᱠᱟᱹᱭᱟ ᱡᱮ ᱠᱤᱨᱤᱧᱤᱭᱟᱹ ᱠᱚ ᱡᱚᱛᱷᱟᱛ ᱯᱚᱨᱤᱢᱟᱱ ᱟᱨ ᱱᱟᱣᱟ ᱫᱩᱨᱤᱵ ᱠᱚ ᱧᱟᱢᱟ
"Farmers work together with their neighbors to harvest and to save time and effort, so that it may take more time and effort.",कसन अपन पडस क सथ मलकर फसल क कटई और मड तक पहचन क कम करत ह तक समय और महनत कम लग,ᱪᱟᱹᱥᱤ ᱠᱚ ᱟᱠᱚᱨᱮᱱ ᱯᱩᱲᱥᱤ ᱠᱚ ᱥᱟᱶ ᱢᱤᱫ ᱠᱟᱛᱮ ᱪᱟᱥᱵᱟᱥ ᱟᱨᱡᱟᱣ ᱠᱟᱛᱮ ᱵᱟᱡᱟᱨ ᱨᱮ ᱥᱮᱴᱮᱨ ᱞᱟᱹᱜᱤᱫ ᱠᱚ ᱠᱟᱹᱢᱤᱭᱟ ᱡᱟᱦᱟᱸᱛᱮ ᱚᱠᱛᱚ ᱟᱨ ᱠᱩᱨᱩᱢᱩᱴᱩ ᱠᱚᱢ ᱦᱩᱭᱩᱜᱼᱟ
Uhohhokay. Uhhohhokay. I know what youre thinking of.,Uhohokay. Uhohokay. म जनत ह आप सब कय सच रह ह. लकन चडलर म ह,ᱩᱦᱼᱳᱦᱼᱳᱠᱮ ᱩᱦᱼᱳᱦᱼᱳᱠᱮ ᱤᱧ ᱵᱟᱰᱟᱭᱟ ᱟᱢ ᱪᱮᱫ ᱮᱢ ᱩᱭᱦᱟᱹᱨ ᱮᱫᱟ ᱢᱮᱱᱠᱷᱟᱱ ᱪᱮᱱᱰᱚᱞᱟᱨ ᱨᱮ ᱢᱮᱱᱟᱜᱼᱟ
KKKK railway Line Costal to Coralul,क.क. रलव लइन कतसवलय स करनदल,ᱠᱮᱹ ᱠᱮᱹ ᱨᱮᱞ ᱰᱟᱦᱟᱨ ᱠᱳᱴᱥᱟᱵᱚᱞᱭᱟ ᱠᱷᱚᱱ ᱠᱤᱨᱚᱱᱫᱩᱞ
Farmers often tell their children about crops and importance growing in the soil.,कसन अकसर अपन बचच क खत क मटट म उगन वल फसल और उनक महतव क बर म बतत ह,ᱪᱟᱹᱥᱤ ᱠᱚ ᱡᱟᱣᱜᱮ ᱟᱠᱚᱨᱮᱱ ᱜᱤᱫᱽᱨᱟᱹ ᱠᱚ ᱵᱟᱹᱫᱽ ᱦᱟᱥᱟ ᱨᱮ ᱪᱟᱥ ᱟᱨᱡᱟᱣ ᱟᱨ ᱚᱱᱟ ᱨᱮᱭᱟᱜ ᱮᱱᱮᱢ ᱵᱟᱨᱮᱛᱮ ᱠᱚ ᱞᱟᱹᱭᱟ
Send reply to Ronnie,रहन क उततर भज,ᱨᱳᱦᱚᱱ ᱛᱮᱞᱟ ᱠᱩᱞ ᱢᱮ
"In the states glaciers, the Presidents movement similarly demanded a separate estate to the vast capital areas.","रजय क गजरत भष कषतर म, एक वस ह महगजरत आदलन न बहसखयक गजरत कषतर क मलकर एक अलग गजरत रजय क मग क","ᱯᱚᱱᱚᱛ ᱨᱮᱭᱟᱜ ᱜᱩᱡᱨᱟᱴᱤ ᱯᱟᱹᱨᱥᱤ ᱴᱚᱴᱷᱟ ᱠᱚᱨᱮ, ᱱᱚᱝᱠᱟᱱ ᱢᱤᱫᱴᱟᱝ ᱢᱚᱦᱟᱜᱩᱡᱨᱟᱴ ᱟᱸᱫᱳᱲ ᱡᱟᱹᱥᱛᱤ ᱜᱩᱡᱽᱨᱟᱴᱤ ᱴᱚᱴᱷᱟ ᱠᱚ ᱢᱮᱥᱟ ᱠᱟᱛᱮᱫ ᱢᱤᱫᱴᱟᱝ ᱵᱷᱮᱜᱟᱨ ᱜᱩᱡᱟᱴ ᱯᱚᱱᱚᱛ ᱨᱮᱭᱟᱜ ᱫᱟᱹᱵᱤ ᱞᱮᱫᱟᱭ"
"It was not a general battle in history, an event to inspire hundreds of years.","यह इतहस क समनय सगरम नह थ, उलगलन आन वल सकड वरष क पररण दन वल घटन थ","ᱱᱚᱣᱟ ᱫᱚ ᱱᱟᱜᱟᱢ ᱨᱮᱭᱟᱜ ᱥᱟᱫᱷᱟᱨᱚᱱ ᱞᱟᱹᱲᱦᱟᱹᱭ ᱵᱟᱝ ᱛᱟᱦᱮᱸ ᱠᱟᱱᱟ, ᱩᱞᱜᱩᱞᱟᱱ ᱫᱚ ᱛᱟᱦᱮᱸ ᱠᱟᱱᱟ ᱛᱟᱭᱚᱢ ᱫᱟᱨᱟᱢ ᱥᱟᱭ ᱥᱟᱭ ᱥᱮᱨᱢᱟ ᱨᱮᱭᱟᱜ ᱩᱫᱽᱜᱟᱹᱣᱟᱱ ᱜᱷᱚᱴᱚᱱ"
Where are you selling?,कह बचत ह?,ᱟᱢ ᱚᱠᱟᱨᱮᱢ ᱟᱹᱠᱷᱨᱤᱧᱟ ?
Shes a toper in the class.,वह कलस म अववल आत ह,ᱩᱱᱤ ᱪᱟᱱᱚᱪ ᱨᱮ ᱪᱚᱴᱟᱛ ᱨᱮ ᱢᱮᱱᱟᱭᱟ
"The Central Kubnath lion also spoke to the chief of Herbre, and instructed the law to be reconstituted in the country. The government has even declared that a million dollars are being paid to the family who has suffered from the government. The incident has begun with the political parties.",उधर कदरय गहमतर रजनथ सह न भ इस ममल क लकर हरयण क मखयमतर मनहर लल खटटर स बतचत क और परदश म कनन वयवसथ कड कए जन क हदयत द हरयण सरकर दवर पडत परवर क दस लख रपए क मआवज दए जन क भ ऐलन कय गय ह घटन क लकर रजनतक दल क लग क भ आवगमन शर ह गय ह,"ᱱᱚᱛᱮ, ᱛᱟᱞᱢᱟ ᱚᱲᱟᱜ ᱢᱚᱱᱛᱨᱤ ᱨᱟᱡᱽᱱᱟᱛᱷ ᱥᱤᱝᱦᱚ ᱦᱚᱸ ᱱᱚᱣᱟ ᱥᱟᱛᱟᱢ ᱤᱫᱤ ᱠᱟᱛᱮ ᱦᱚᱨᱤᱭᱟᱱᱟ ᱨᱮᱱ ᱥᱤᱨᱟᱹ ᱢᱚᱱᱛᱨᱤ ᱢᱚᱱᱳᱦᱚᱨ ᱞᱟᱞ ᱠᱷᱚᱴᱴᱚᱨ ᱥᱟᱶ ᱠᱟᱛᱷᱟᱭ ᱨᱚᱯᱚᱲ ᱞᱮᱫᱟ ᱟᱨ ᱯᱚᱱᱚᱛ ᱨᱮ ᱟᱹᱱᱟᱹᱨᱤ ᱵᱚᱱᱫᱮᱡ ᱠᱮᱴᱮᱡ ᱞᱟᱹᱜᱤᱫ ᱮ ᱦᱩᱠᱩᱢ ᱞᱮᱫᱮᱭᱟ ᱦᱚᱨᱤᱭᱟᱱᱟ ᱥᱚᱨᱠᱟᱨ ᱦᱚᱛᱮᱛᱮ ᱜᱚᱡ ᱟᱠᱟᱱ ᱜᱷᱟᱨᱚᱸᱡᱽ ᱠᱚ ᱜᱮᱞ ᱞᱟᱠᱷ ᱴᱟᱠᱟ ᱠᱷᱚᱛᱤ ᱯᱩᱨᱚᱱ ᱮᱢᱚᱜ ᱨᱮᱭᱟᱜ ᱠᱟᱛᱷᱟ ᱦᱚᱸ ᱞᱟᱹᱭ ᱥᱚᱫᱚᱨ ᱟᱠᱟᱱᱟ ᱜᱷᱚᱴᱚᱱ ᱤᱫᱤ ᱠᱟᱛᱮ ᱨᱟᱡᱽᱟᱹᱨᱤ ᱜᱟᱫᱮᱞ ᱨᱮᱱ ᱦᱚᱲ ᱠᱚᱣᱟᱜ ᱦᱤᱡᱩᱜ ᱥᱮᱱᱚᱜ ᱦᱚᱸ ᱮᱦᱚᱵ ᱟᱠᱟᱱᱟ"
Tell Time and Date,टइम और तरख बतओ,ᱚᱠᱛᱚ ᱟᱨ ᱢᱟᱹᱦᱤᱛ ᱞᱟᱹᱭ ᱢᱮ
"When farmers make a pysmber, fruitful, and emaciated time, the increase of crops is rapid, and the yield is better, making their familys economic status strong.","जब कसन समय पर सचई, उरवरक और नरईगडई करत ह, त फसल क वदध तज हत ह और उपज बहतर मलत ह, जसस उनक परवर क आरथक सथत मजबत बनत ह","ᱡᱚᱠᱷᱚᱱ ᱪᱟᱹᱥᱤ ᱠᱚ ᱚᱠᱛᱚ ᱨᱮ ᱵᱟᱛᱟᱱ, ᱥᱟᱨ ᱟᱨ ᱱᱟᱥᱟᱣ ᱠᱚ ᱠᱚᱨᱟᱣᱼᱟ, ᱩᱱᱫᱚ ᱵᱤᱨᱤᱫ ᱫᱚ ᱟᱹᱰᱤ ᱠᱚᱢ ᱚᱠᱛᱚ ᱨᱮ ᱰᱷᱮᱨᱚᱜᱼᱟ ᱟᱨ ᱟᱨᱡᱟᱣ ᱫᱚ ᱟᱨᱦᱚᱸ ᱱᱟᱯᱟᱭ ᱦᱳᱭᱳᱜᱼᱟ, ᱡᱟᱦᱟᱸ ᱫᱚ ᱩᱱᱠᱩ ᱨᱮᱱ ᱚᱲᱟᱜ ᱨᱮᱱ ᱠᱟᱹᱣᱰᱤ ᱴᱷᱟᱶ ᱠᱚ ᱫᱟᱲᱮᱹᱭᱟᱜᱼᱟ"
He started his medical career in 1973 and served as various tools for 27 years at the beginning of 1977.,उनहन 1973 म अपन मडकल करयर शर कय और 1977 स शर करक 27 सल क लए वभनन समरथय म आईआईट क सव क,ᱩᱱᱤ ᱫᱚ ᱑᱙᱗᱓ ᱥᱟᱞ ᱨᱮ ᱟᱡᱟᱜ ᱛᱤᱠᱤᱪᱪᱷᱟ ᱠᱟᱹᱢᱤ ᱡᱤᱭᱚᱱ ᱮ ᱮᱛᱚᱦᱚᱵ ᱞᱮᱫᱟ ᱟᱨ ᱑᱙᱗᱗ ᱥᱟᱞ ᱠᱷᱚᱱ ᱮᱛᱚᱦᱚᱵ ᱠᱟᱛᱮ ᱒᱗ ᱥᱮᱨᱢᱟ ᱫᱷᱩᱨᱭᱟᱹ ᱟᱭᱹᱟᱭᱹᱴᱤᱹ ᱨᱮ ᱟᱭᱢᱟ ᱦᱩᱫᱟᱹ ᱨᱮ ᱠᱟᱹᱢᱤ ᱞᱮᱫᱟᱭ
"And when the cornfields in the field, the farmers call him labourers to harvest, and then send him forth to get sugar.",जब गनन क फसल खत म लहरत ह त कसन उसक कटई क लए मजदर बलत ह और फर उस चन मल भजत ह,"ᱡᱚᱠᱷᱚᱱ ᱟᱹᱠᱷ ᱨᱮᱭᱟᱜ ᱪᱟᱥ ᱵᱟᱹᱫ ᱨᱮ ᱞᱟᱲᱟᱜᱼᱟ, ᱪᱟᱹᱥᱤ ᱠᱚ ᱚᱱᱟ ᱪᱟᱥ ᱞᱟᱹᱜᱤᱫ ᱠᱟᱹᱢᱤᱭᱟᱹ ᱠᱚ ᱦᱚᱦᱚ ᱠᱚᱣᱟ ᱟᱨ ᱚᱱᱟ ᱛᱟᱭᱚᱢ ᱪᱤᱱᱤ ᱢᱤᱞ ᱨᱮᱠᱚ ᱵᱷᱮᱡᱟ ᱠᱚᱣᱟ"
Thats why Im still looking forward to it.,इसलए मझ इसम भ आग कम ह दखई द रह ह,ᱚᱱᱟᱛᱮ ᱤᱧ ᱱᱚᱶᱟ ᱨᱮᱦᱚᱸ ᱢᱟᱲᱟᱝ ᱨᱮᱭᱟᱜ ᱠᱟᱹᱢᱤ ᱜᱮ ᱧᱮᱞ ᱧᱟᱢ ᱟᱠᱟᱫᱟ
The Losam was smarter in making others fools.,लमड दसर क मरख बनन म बड चलक थ,ᱛᱩᱭᱩ ᱫᱚ ᱮᱴᱟᱜ ᱦᱚᱲ ᱠᱚ ᱵᱚᱠᱟ ᱵᱮᱞᱟᱣ ᱨᱮ ᱟᱹᱰᱤ ᱥᱮᱭᱟᱱ ᱮ ᱛᱟᱦᱮᱸ ᱠᱟᱱᱟ
On what day will the rain fall on this week,इस सपतह म कस दन बरश हग,ᱱᱚᱣᱟ ᱦᱟᱯᱛᱟ ᱨᱮ ᱚᱠᱟ ᱦᱤᱞᱚᱜ ᱫᱟᱜ ᱡᱟᱹᱲᱤ ᱦᱩᱭᱩᱜᱼᱟ?
"Also, this is a whole campaign involved, not millions, but millions of smaller campaigns.","सथ ह सथ, यह लख ह नह, बलक करड छटबड अभयन क जडकर बन एक समपरण अभयन ह","ᱱᱚᱶᱟ ᱥᱟᱶ ᱥᱟᱶᱛᱮ, ᱱᱚᱶᱟ ᱫᱚ ᱢᱤᱫᱴᱟᱝ ᱥᱟᱱᱟᱢ ᱠᱟᱹᱢᱤ ᱦᱚᱨᱟ ᱠᱟᱱᱟ ᱡᱟᱦᱟᱸ ᱫᱚ ᱥᱩᱢᱩᱝ ᱞᱟᱠᱷ ᱜᱮ ᱵᱟᱝ, ᱢᱮᱱᱠᱷᱟᱱ ᱠᱳᱨᱤ ᱠᱳᱨᱤ ᱠᱟᱹᱴᱤᱡ ᱢᱟᱨᱟᱝ ᱠᱟᱹᱢᱤ ᱦᱚᱨᱟ ᱠᱚ ᱥᱮᱞᱮᱫ ᱠᱟᱛᱮ ᱵᱮᱱᱟᱣ ᱟᱠᱟᱱᱟ"
"The earliest history of the Jews is found in most of their books of the Bible that call the Old Testament. The old covenant is included in three texts. First of all, the Law is the same as The Word of God, or the New Testament.","यहदय क पररभक इतहस क पत अधकतर उनक धरमगरथ स मलत ह जनम मखय बइबल क वह परवरध ह जस परन अहदनम ओलड टसटमट कहत ह परन अहदनम म तन गरथ शमल ह सबस पररभ म तरत इबरन थर ह तरत क शबदक अरथ वह ह ज धरम शबद क ह, अरथत धरण करन य बधनवल दसर गरथ यहद पगबर क जवनचरत और तसर पवतर लख ह इन तन गरथ क सगरह परन अहदनम ह परन अहदनम म 39 खड य पसतक ह इसक रचनकल ई.प. 444 स लकर ई.प. 100 क बच ह परन अहदनम म सषट क रचन, मनषय क जनम, यहद जत क इतहस, सदचर क उचच नयम, धरमक करमकड, परणक कथए और यहव क परत पररथनए शमल ह","ᱤᱦᱩᱫᱤ ᱠᱚᱣᱟᱜ ᱯᱟᱹᱦᱤᱞ ᱱᱟᱜᱟᱢ ᱫᱚ ᱟᱠᱚᱣᱟᱜ ᱫᱷᱚᱨᱚᱢ ᱯᱩᱛᱷᱤ ᱠᱷᱚᱱ ᱜᱮ ᱵᱟᱹᱲᱛᱤ ᱧᱟᱢᱚᱜᱼᱟ ᱡᱟᱦᱟᱸ ᱫᱚ ᱢᱩᱲᱩᱫ ᱵᱟᱭᱵᱮᱞ ᱨᱮᱭᱟᱜ ᱯᱩᱭᱞᱩ ᱦᱤᱸᱥ ᱠᱟᱱᱟ ᱡᱟᱦᱟᱸ ᱫᱚ ᱳᱞᱰ ᱟᱦᱫᱱᱟᱢᱟ ᱳᱞᱰ ᱴᱮᱥᱴᱟᱢᱮᱱᱴ ᱠᱚ ᱢᱮᱛᱟᱜᱼᱟ ᱳᱞᱰ ᱟᱦᱫᱱᱟᱢᱟ ᱨᱮ ᱯᱮᱭᱟ ᱯᱩᱛᱷᱤ ᱢᱮᱱᱟᱜᱼᱟ ᱯᱳᱭᱞᱳ ᱫᱚ ᱦᱩᱭᱩᱜ ᱠᱟᱱᱟ ᱛᱳᱣᱨᱮᱛ ᱤᱵᱨᱟᱭᱤᱱ ᱛᱷᱳᱨᱟ ᱛᱳᱣᱨᱮᱛ ᱨᱮᱭᱟᱜ ᱟᱹᱲᱟᱹ ᱢᱮᱱᱮᱫ ᱫᱚ ᱦᱩᱭᱩᱜ ᱠᱟᱱᱟ ᱫᱷᱚᱨᱚᱢ ᱟᱹᱲᱟᱹ ᱞᱮᱠᱟ ᱜᱮ, ᱡᱟᱦᱟᱸ ᱫᱚ ᱦᱩᱭᱩᱜ ᱠᱟᱱᱟ ᱥᱟᱵ ᱫᱚᱦᱚᱭᱤᱡ ᱥᱮ ᱛᱚᱞ ᱫᱚᱦᱚᱭᱤᱡ ᱫᱚᱥᱟᱨ ᱯᱩᱛᱷᱤ ᱫᱚ ᱦᱩᱭᱩᱜ ᱠᱟᱱᱟ ᱤᱦᱩᱫᱤ ᱱᱚᱵᱤ ᱠᱚᱣᱟᱜ ᱡᱤᱭᱚᱱᱪᱩᱨᱤᱛ ᱟᱨ ᱛᱮᱥᱟᱨ ᱫᱚ ᱦᱩᱭᱩᱜ ᱠᱟᱱᱟ ᱱᱤᱨᱞᱟᱹ ᱚᱱᱚᱞ ᱱᱚᱣᱟ ᱯᱮᱭᱟ ᱯᱩᱛᱷᱤ ᱨᱮᱭᱟᱜ ᱛᱩᱢᱟᱹᱞ ᱫᱚ ᱦᱩᱭᱩᱜ ᱠᱟᱱᱟ ᱳᱞᱰ ᱟᱦᱫᱱᱟᱢᱟ ᱳᱞᱰ ᱟᱦᱫᱱᱟᱢᱟ ᱨᱮ ᱓᱙ ᱜᱚᱴᱟᱝ ᱛᱷᱚᱱᱚᱛ ᱥᱮ ᱯᱩᱛᱷᱤ ᱢᱮᱱᱟᱜᱼᱟ ᱱᱚᱣᱟ ᱨᱮᱭᱟᱜ ᱚᱞ ᱚᱠᱛᱚ ᱫᱚ ᱔᱔᱔ ᱠᱨᱤᱥᱴᱚᱯᱩᱨᱵᱟᱵᱫᱚ ᱠᱷᱚᱱ ᱑᱐"
It is here that the ideals of the Indian system are open to all progress if it is not so.,यह त भरतय वयवसथ वल यगयत म शरषठ ह त सर तरकक क रसत खल हए ह यद ऐस नह ह त नक रगडत रह जओ तरकक कस दर भगत रहग,"ᱱᱚᱸᱰᱮ ᱫᱚ ᱵᱷᱟᱨᱚᱛ ᱨᱮᱱ ᱥᱤᱥᱴᱮᱢ ᱣᱟᱞᱤ ᱢᱮᱨᱤᱴ ᱨᱮ ᱡᱚᱛᱚ ᱠᱷᱚᱱ ᱪᱮᱛᱟᱱ ᱨᱮ ᱢᱮᱱᱟᱜ ᱠᱚᱣᱟ, ᱮᱱᱠᱷᱟᱱ ᱞᱟᱦᱟᱱᱛᱤ ᱨᱮᱱᱟᱜ ᱥᱟᱱᱟᱢ ᱰᱟᱦᱟᱨ ᱠᱷᱩᱞᱟᱹ ᱜᱮᱭᱟ, ᱡᱩᱫᱤ ᱚᱱᱟ ᱵᱟᱝ ᱦᱩᱭᱩᱜ ᱠᱟᱱᱟ, ᱮᱱᱠᱷᱟᱱ ᱢᱩᱸᱫ ᱜᱟᱥᱟᱣ ᱠᱟᱛᱮ ᱞᱟᱦᱟᱱᱛᱤ ᱠᱚ ᱥᱟᱦᱟ ᱨᱮᱜᱮ ᱫᱟᱹᱲ ᱮᱫᱟᱭ"
Animals show doctors from time to time to protect them from diseases.,पशपलक जनवर क समयसमय पर डकटर दखत ह तक बमरय स बचव ह सक,ᱡᱤᱭᱟᱹᱞᱤ ᱟᱹᱥᱩᱞ ᱠᱚ ᱡᱟᱣᱜᱮ ᱰᱟᱠᱛᱟᱨ ᱠᱚ ᱧᱮᱞ ᱠᱚᱣᱟ ᱡᱟᱛᱮ ᱩᱱᱠᱩ ᱟᱡᱟᱨ ᱠᱷᱚᱱ ᱠᱚ ᱵᱟᱧᱪᱟᱣ ᱫᱟᱲᱮᱭᱟᱜᱼᱟ
"If farmers slander their fields on different times, the same harvest will be at different times and get a better sense in the market.","यद कसन अपन खत म अलगअलग समय पर बवई कर, त एक ह फसल क कटई अलगअलग समय पर हग और बजर म बहतर भव मल सकत ह","ᱡᱩᱫᱤ ᱪᱟᱹᱥᱤ ᱠᱚ ᱟᱠᱚᱣᱟᱜ ᱵᱟᱹᱫᱽ ᱨᱮ ᱵᱷᱮᱜᱟᱨ ᱵᱷᱮगᱟᱨ ᱚᱠᱛᱚ ᱨᱮᱠᱚ ᱨᱚᱦᱚᱭᱼᱟ, ᱮᱱᱠᱷᱟᱱ ᱢᱤᱫ ᱪᱟᱥ ᱫᱚ ᱵᱷᱮᱯᱮᱜᱟᱨ ᱚᱠᱛᱚ ᱨᱮ ᱠᱚ ᱪᱟᱥᱟ ᱟᱨ ᱵᱟᱡᱟᱨ ᱨᱮ ᱟᱨᱦᱚᱸ ᱵᱷᱟᱜᱮ ᱜᱚᱱᱚᱝ ᱠᱚ ᱧᱟᱢ ᱫᱟᱲᱮᱭᱟᱜᱼᱟ"
Food shop has a long line of rows.,रशन क दकन म लमब कतर लग ह,ᱨᱮᱥᱚᱱ ᱫᱳᱠᱟᱱ ᱨᱮ ᱡᱮᱞᱮᱧ ᱞᱟᱹᱭᱤᱱ ᱢᱮᱱᱟᱜᱼᱟ
"In traditional society farmers share the joys and troubles of each other, and this tradition presents the example of collectiveity and brotherhood as an example of mutual cooperation in the harvest season.","गरमण समज म कसन एकदसर क सखदख म सझदर हत ह, और खत क繁忙 मसम म सहयग क यह परपर समहकत और भईचर क मसल परसतत करत ह",ᱟᱹᱛᱩ ᱥᱟᱶᱛᱟ ᱨᱮ ᱪᱟᱹᱥᱤ ᱠᱚ ᱟᱠᱚ ᱟᱠᱚᱣᱟᱜ ᱨᱟᱹᱥᱠᱟᱹ ᱟᱨ ᱫᱩᱠ ᱨᱮ ᱵᱷᱟᱜᱽᱭᱟᱹ ᱠᱚ ᱦᱩᱭᱩᱜᱼᱟ ᱟᱨ ᱪᱟᱥ ᱨᱮᱭᱟᱜ ᱑᱕ ᱥᱮᱨᱢᱟ ᱨᱮ ᱜᱚᱲᱚ ᱨᱮᱭᱟᱜ ᱱᱚᱶᱟ ᱥᱮᱨᱣᱟ ᱫᱚ ᱢᱤᱫ ᱥᱟᱶᱛᱮ ᱟᱨ ᱵᱚᱭᱦᱟ ᱠᱚᱣᱟᱜ ᱫᱟᱹᱭᱠᱟᱹ ᱠᱚ ᱩᱫᱩᱜᱼᱟ
What my wifes Email Is,मर पतन क ईमल कय ह,ᱤᱧ ᱵᱟᱹᱦᱩᱣᱟᱜ ᱤᱢᱮᱞ ᱪᱮᱫ ᱠᱟᱱᱟ?
"In ashamed, in marriage, at the home entry, they are invited only.","शरदध म, ववह म, गह परवश अनषठन म, इनह ह आमतरत कय जत ह","ᱵᱷᱟᱸᱰᱟᱱ ᱨᱮ, ᱵᱟᱯᱞᱟ ᱨᱮ, ᱚᱲᱟᱜ ᱵᱟᱯᱞᱟ ᱟᱹᱭᱟᱹᱨᱤ ᱨᱮ ᱱᱩᱭ ᱜᱮᱠᱚ ᱱᱮᱣᱛᱟ ᱮ ᱠᱟᱱᱟ"
"Much effort was made to keep in the dark and even if it was stated, information was given in a very limited realm.",अधर म रखन क भरपर कशश क गई और अगर बतय भ गय त बहत ह समत दयर म जनकर द गई,ᱧᱩᱛᱟᱹᱛ ᱨᱮ ᱫᱚᱦᱚ ᱞᱟᱹᱜᱤᱫ ᱟᱹᱰᱤ ᱠᱩᱨᱩᱢᱩᱴᱩ ᱦᱩᱭ ᱞᱮᱱᱟ ᱟᱨ ᱡᱩᱫᱤ ᱞᱟᱹᱭ ᱦᱩᱭ ᱞᱮᱱ ᱨᱮᱦᱚᱸ ᱟᱹᱰᱤ ᱠᱚᱢ ᱴᱚᱴᱷᱟ ᱨᱮ ᱰᱚᱜᱚᱨ ᱮᱢ ᱦᱩᱭ ᱞᱮᱱᱟ
I told her and put my question in front of her.,मन भ बतय और अपन सवल क उनक समन रख,ᱤᱧ ᱦᱚᱧ ᱞᱟᱭ ᱠᱮᱫᱟ ᱟᱨ ᱤᱧᱟᱜ ᱠᱩᱠᱞᱤ ᱩᱱᱤ ᱥᱟᱢᱟᱜ ᱨᱮᱧ ᱫᱚᱦᱚ ᱠᱮᱫᱟ
v The company would need to maintain the maximum cost of research and development in one of the previous three financial years.,v. कपन क परतयकष वदश नवश हसल हन क परववरत तन वततय वरष म स कस म कए गए अनसधन एव वकस क अधकतम वयय क सतर क बनए रखन आवशयक हग,v. ᱠᱚᱢᱯᱟᱹᱱᱤ ᱫᱚ ᱥᱚᱡᱷᱮ ᱵᱤᱫᱮᱥᱤ ᱯᱩᱸᱡᱤ ᱧᱟᱢ ᱢᱟᱬᱟᱝ ᱨᱮᱱᱟᱜ ᱯᱮᱭᱟ ᱠᱟᱹᱣᱰᱤ ᱥᱮᱨᱢᱟ ᱢᱩᱫᱽ ᱨᱮ ᱡᱟᱦᱟᱸ ᱨᱮᱜᱮ ᱠᱚᱨᱟᱣ ᱟᱠᱟᱱ ᱠᱷᱚᱸᱫᱽᱨᱚᱸᱫᱽ ᱟᱨ ᱩᱛᱱᱟᱹᱣ ᱨᱮᱱᱟᱜ ᱡᱚᱛᱚ ᱠᱷᱚᱱ ᱵᱟᱹᱲᱛᱤ ᱠᱷᱚᱨᱚᱪ ᱨᱮᱱᱟᱜ ᱛᱷᱟᱠ ᱫᱚ ᱵᱚᱡᱟᱭ ᱫᱚᱦᱚ ᱞᱟᱹᱠᱛᱤ ᱦᱩᱭᱩᱜᱼᱟ
"When farmers buy products and seeds by means of refrigerated committees, they are available with high quality items at low prices and also with frauds.","गव म जब कसन सहकर समतय क मधयम स खद और बज खरदत ह, त उनह कम कमत पर उचच गणवतत क वसतए उपलबध हत ह और धखधड स भ बचव हत ह","ᱟᱹᱛᱩ ᱨᱮ ᱡᱚᱠᱷᱚᱱ ᱪᱟᱹᱥᱤ ᱠᱚ ᱜᱚᱯᱚᱲᱚ ᱥᱚᱝᱚᱥᱛᱷᱟ ᱦᱚᱛᱮᱛᱮ ᱠᱷᱚᱛ ᱟᱨ ᱤᱛᱟᱹ ᱠᱚ ᱠᱤᱨᱤᱧᱟ, ᱩᱱᱠᱚ ᱫᱚ ᱠᱚᱢ ᱜᱚᱱᱚᱝ ᱛᱮ ᱩᱥᱩᱞ ᱢᱟᱹᱱ ᱨᱮᱭᱟᱜ ᱡᱤᱱᱤᱥ ᱠᱚ ᱧᱟᱢᱟ ᱟᱨ ᱮᱲᱮ ᱠᱷᱚᱱ ᱦᱚᱸ ᱠᱚ ᱵᱟᱧᱪᱟᱣᱟ"
"Its a good option to make fourys of full blown foods available to the population, so that four can be kept safe for a long time.","पशओ क लए वरषभर पषक ततव स भरपर चर क उपलबधत बनए रखन हत सइलज बनन एक अचछ वकलप ह, जसस चर क लब समय तक सरकषत रख ज सकत ह","ᱥᱮᱨᱢᱟ ᱡᱤᱣᱟᱹᱞᱤ ᱠᱚ ᱞᱟᱹᱜᱤᱫ ᱯᱩᱥᱴᱤ ᱯᱮᱨᱮᱡ ᱡᱚᱢᱟᱜ ᱧᱟᱢ ᱫᱚᱦᱚ ᱞᱟᱹᱜᱤᱫ ᱥᱟᱭᱞᱮᱡᱽ ᱵᱮᱱᱟᱣ ᱫᱚ ᱢᱤᱫᱴᱟᱝ ᱵᱷᱟᱜᱮ ᱩᱯᱟᱹᱭ ᱠᱟᱱᱟ, ᱡᱟᱦᱟᱸ ᱫᱚ ᱡᱮᱞᱮᱧ ᱚᱠᱛᱚ ᱞᱟᱹᱜᱤᱫ ᱡᱚᱢᱟᱜ ᱨᱩᱠᱷᱤᱭᱟᱹ ᱫᱚᱦᱚ ᱫᱟᱲᱮᱭᱟᱜᱼᱟ"
Men often wear hats such as hats or belts.,परष अकसर टप य पगड जस शरवसतर पहनत ह,ᱠᱚᱲᱟ ᱠᱚᱫᱚ ᱡᱟᱣᱜᱮ ᱴᱩᱯᱤ ᱥᱮ ᱯᱟᱜᱽᱲᱤ ᱞᱮᱠᱟᱱ ᱵᱚᱦᱚᱜ ᱨᱮᱭᱟᱜ ᱦᱚᱨᱚᱜ ᱵᱟᱸᱫᱮ ᱠᱚ ᱦᱚᱨᱚᱜᱟ
Im very happy today to have come among scholars who are responsible for every company in the country.,आज मझ बहत खश ह क म ऐस वदवन क बच आय ह ज इस बत क लए जममदर ह क दश म मजद परतयक कपन,ᱛᱮᱦᱮᱧ ᱤᱧ ᱟᱹᱰᱤ ᱨᱟᱹᱥᱠᱟᱹᱧ ᱟᱹᱭᱠᱟᱹᱣ ᱮᱫᱟ ᱡᱮ ᱤᱧ ᱱᱚᱝᱠᱟᱱ ᱯᱚᱱᱰᱤᱛ ᱠᱚ ᱛᱟᱞᱟᱨᱮᱧ ᱥᱮᱴᱮᱨ ᱟᱠᱟᱱᱟ ᱡᱟᱦᱟᱸᱭ ᱫᱚ ᱫᱤᱥᱚᱢ ᱨᱮ ᱢᱮᱱᱟᱜ ᱥᱟᱱᱟᱢ ᱠᱚᱢᱯᱟᱱᱤ ᱠᱚ ᱞᱟᱹᱜᱤᱫ ᱫᱟᱹᱭᱵᱷᱟᱨ ᱮ ᱮᱢ ᱟᱠᱟᱫᱟ
"Who started putting the animal into the biogloss plant, which gives them gas to fuel and is also prepared for the fields.","कसन न पश अपशषट क बयगस सयतर म डलन शर कर दय ह, जसस उनह ईधन क लए गस मलत ह और खत क लए उततम जवक खद भ तयर हत ह","ᱪᱟᱹᱥᱤ ᱠᱚ ᱡᱤᱭᱟᱹᱞᱤ ᱠᱚᱣᱟᱜ ᱵᱟᱹᱲᱤᱡ ᱡᱤᱱᱤᱥ ᱠᱚ ᱵᱟᱭᱳᱜᱮᱥ ᱯᱞᱟᱱᱴ ᱨᱮ ᱫᱚᱦᱚ ᱠᱚ ᱮᱦᱚᱵ ᱟᱠᱟᱫᱟ, ᱡᱟᱦᱟᱸ ᱫᱚ ᱩᱱᱠᱩ ᱞᱟᱹᱜᱤᱫ ᱥᱩᱱᱩᱢ ᱞᱟᱹᱜᱤᱫ ᱜᱮᱥ ᱮ ᱮᱢ ᱟᱠᱟᱫᱟ ᱟᱨ ᱵᱟᱹᱫᱽ ᱞᱟᱹᱜᱤᱫ ᱟᱹᱰᱤ ᱱᱟᱯᱟᱭ ᱡᱚᱭᱵᱤᱠ ᱥᱟᱨ ᱦᱚᱸ ᱠᱚ ᱵᱮᱱᱟᱣ ᱟᱠᱟᱫᱟ"
"What when modern technology is used with traditional farming, the product costs and benefits increase.","कसन जब परपरगत खत क सथ आधनक तकनक अपनत ह, त उतपदन लगत घटत ह और लभ अधक हत ह","ᱪᱟᱹᱥᱤ ᱠᱚ ᱡᱚᱠᱷᱚᱱ ᱥᱮᱨᱣᱟ ᱟᱱᱟᱜ ᱪᱟᱥ ᱥᱟᱞᱟᱜ ᱱᱟᱦᱟᱜ ᱠᱟᱹᱭᱫᱩᱥ ᱠᱚ ᱦᱟᱛᱟᱣᱟ, ᱩᱱᱫᱚ ᱟᱨᱡᱟᱣ ᱠᱷᱚᱨᱚᱪ ᱠᱚᱢᱚᱜᱼᱟ ᱟᱨ ᱟᱨᱡᱟᱣ ᱰᱷᱮᱨᱚᱜᱼᱟ"
Only play Scriptural music,कवल शसतरय सगत बजए,ᱮᱠᱷᱮᱱ ᱥᱟᱥᱛᱨᱤᱭᱚ ᱥᱮᱨᱮᱧ ᱨᱩᱭ ᱢᱮ
"Dobha Gandhi was a agricultural scientist in the north country of the country, and he died in 1976.",दरब गध उततर परदश सरकर क कष वजञनक थ और वरष १९७६ म उनक नधन ह गय थ .,ᱫᱳᱨᱟᱵ ᱜᱟᱱᱫᱷᱤ ᱩᱛᱛᱚᱨ ᱯᱨᱚᱫᱮᱥ ᱥᱚᱨᱠᱟᱨ ᱨᱮᱱ ᱢᱤᱫ ᱪᱟᱥ ᱥᱟᱬᱮᱥᱤᱭᱟᱹᱭ ᱛᱟᱦᱮᱸ ᱠᱟᱱᱟ ᱟᱨ ᱑᱙᱗᱖ ᱥᱟᱹᱦᱤᱛ ᱨᱮ ᱜᱩᱨ ᱞᱮᱱᱟᱭ
"I am grateful for the Godfearing father, who sent us good news.",पजय मरर बप क म भ आभर ह क उनहन बहत अचछ सनदश हम सबक दय,ᱯᱩᱡᱟᱹ ᱢᱩᱨᱟᱨᱤ ᱵᱟᱯᱩ ᱴᱷᱮᱱ ᱦᱚᱸ ᱤᱧ ᱥᱟᱨᱦᱟᱣ ᱤᱧ ᱵᱩᱡᱷᱟᱹᱣ ᱮᱫᱟ ᱡᱮ ᱩᱱᱤ ᱫᱚ ᱟᱵᱚ ᱥᱟᱱᱟᱢ ᱠᱚ ᱟᱹᱰᱤ ᱱᱟᱯᱟᱭ ᱥᱟᱸᱫᱮᱥ ᱮ ᱮᱢ ᱠᱮᱫᱟ
A young man in Thailand had to lose his life all over the country.,इस पर operation म थईलड क नसन क एक जवन क अपन जन भ गवन पड,ᱱᱚᱣᱟ ᱥᱟᱱᱟᱢ ᱚᱯᱟᱨᱮᱥᱚᱱ ᱨᱮ ᱛᱷᱟᱭᱞᱮᱱᱰ ᱨᱮᱱ ᱫᱟᱜ ᱯᱷᱟᱹᱫᱽ ᱨᱮᱱ ᱢᱤᱫ ᱡᱟᱣᱟᱱ ᱦᱚᱸ ᱟᱡᱟᱜ ᱡᱤᱣᱤ ᱠᱚ ᱟᱫ ᱠᱮᱫᱟ
In the village farmers meet collectively harvest.,गव म कसन समहक रप स कटई पर करत ह,ᱟᱹᱛᱩ ᱨᱮᱱ ᱪᱟᱹᱥᱤ ᱠᱚ ᱢᱤᱫ ᱥᱟᱶᱛᱮ ᱪᱟᱥ ᱠᱚ ᱢᱩᱪᱟᱹᱫᱼᱟ
"The women of the village are in the court of the green vegetables, and provide them water regularly.",गव क महलए घर क आगन म हर सबजय क बवई करत ह और उनह नयमत रप स पन दत ह,ᱟᱹᱛᱩ ᱨᱮᱱ ᱛᱤᱨᱞᱟᱹ ᱠᱚ ᱚᱲᱟᱜ ᱯᱤᱪᱷᱟᱹ ᱨᱮ ᱦᱟᱹᱨᱭᱟᱹᱲ ᱟᱲᱟᱜ ᱠᱚ ᱨᱚᱦᱚᱭᱼᱟ ᱟᱨ ᱩᱱᱠᱩ ᱞᱮᱛᱟᱲ ᱫᱟᱜ ᱠᱚ ᱮᱢᱼᱟ
This is a special occasion for celebrating.,यह उतसव मनन क वशष अवसर ह,ᱱᱚᱣᱟ ᱯᱟᱨᱟᱵᱽ ᱢᱟᱱᱟᱣ ᱨᱮᱭᱟᱜ ᱟᱹᱰᱤ ᱱᱟᱯᱟᱭ ᱚᱠᱛᱚ ᱠᱟᱱᱟ
The farmers look at the weather information and determine when to reap and reap.,कसन मसम क जनकर दखकर तय करत ह क फसल क कटई और बवई कस समय करन चहए,ᱪᱟᱹᱥᱤ ᱠᱚ ᱦᱚᱭᱼᱦᱤᱥᱤᱫ ᱨᱮᱭᱟᱜ ᱰᱚᱜᱚᱨ ᱧᱮᱞ ᱠᱟᱛᱮ ᱠᱚ ᱜᱚᱴᱟᱼᱟ ᱡᱮ ᱚᱠᱟ ᱚᱠᱛᱚ ᱨᱮ ᱵᱤᱨᱤᱫ ᱦᱟᱛᱟᱣ ᱟᱨ ᱵᱤᱨᱤᱫ ᱦᱳᱭᱳᱜᱼᱟ
The program of visiting the cows was held in Ravlorizenti Pauls presence in Rustri.,गय भट करन क यह करयकरम रवड क रषटरपत पल कगम क उपसथत म रवर आदरश गरम म आयजत कय गय,ᱨᱩᱣᱟᱱᱰᱟ ᱨᱮᱱ ᱫᱤᱥᱚᱢ ᱜᱚᱢᱠᱮ ᱯᱚᱞ ᱠᱟᱜᱟᱢᱮ ᱟᱜ ᱥᱮᱴᱮᱨ ᱨᱮ ᱨᱩᱣᱟᱨᱩ ᱟᱫᱚᱨᱥᱚ ᱟᱹᱛᱩ ᱨᱮ ᱰᱟᱹᱝᱜᱽᱨᱤ ᱮᱢᱚᱜ ᱨᱮᱭᱟᱜ ᱱᱚᱶᱟ ᱠᱟᱹᱢᱤᱦᱚᱨᱟ ᱫᱚ ᱦᱩᱭ ᱞᱮᱱᱟ
"With hunting centers, these are done in the glaciers or annual mass hunting and free time","शकर सकलन क सथ, परद य वरषक समहक शकर तथ खल समय म कय जत ह",ᱯᱟᱨᱫᱤ ᱥᱮ ᱥᱮᱨᱢᱟᱠᱤᱭᱟᱹ ᱢᱟᱨᱟᱝ ᱥᱮᱸᱫᱽᱨᱟ ᱟᱨ ᱡᱤᱨᱟᱹᱣ ᱚᱠᱛᱮ ᱨᱮ ᱥᱮᱸᱫᱽᱨᱟ ᱥᱟᱶᱛᱮ ᱠᱚᱨᱟᱣ ᱦᱩᱭᱩᱜᱼᱟ
"The city of Prague is ruled by a police meeting, which is chosen through social elections, with 70 members from 55 to 70.","परग नगर सभ दवर सवयतत रप स परशसत ह, ज नगरपलक चनव क मधयम स चन जत ह और इसम 55 स 70 सदसय हत ह","ᱯᱨᱟᱜᱽ ᱱᱟᱜᱟᱨ ᱯᱚᱨᱤᱥᱚᱫᱽ ᱦᱚᱛᱮᱛᱮ ᱱᱤᱡᱮᱨᱟᱜ ᱞᱮᱠᱟᱛᱮ ᱪᱟᱪᱟᱞᱟᱣ ᱦᱩᱭᱩᱜᱼᱟ, ᱡᱟᱦᱟᱸ ᱯᱳᱣᱨᱚ ᱵᱟᱪᱷᱱᱟᱣ ᱛᱟᱞᱟᱛᱮ ᱵᱟᱪᱷᱱᱟᱣ ᱦᱩᱭᱩᱜᱼᱟ ᱟᱨ ᱕᱕ ᱠᱷᱚᱱ ᱗᱐ ᱦᱚᱲ ᱨᱟᱹᱥᱭᱟᱹ ᱟᱛᱮ ᱵᱮᱱᱟᱣ ᱟᱠᱟᱱᱟ"
The bright sun must protect when working in the fields in the summer.,गरमय म खत म कम करत समय तज धप स बचव करन चहए,ᱥᱤᱛᱩᱝ ᱫᱤᱱ ᱵᱟᱹᱫᱽ ᱨᱮ ᱠᱟᱹᱢᱤ ᱚᱠᱛᱚ ᱥᱤᱛᱩᱝᱜ ᱠᱷᱚᱱ ᱵᱟᱧᱪᱟᱣ ᱞᱟᱹᱠᱛᱤ ᱠᱟᱱᱟ
Youll understand.,आप वह कय करग,ᱟᱢ ᱚᱱᱰᱮ ᱪᱮᱫ ᱮᱢ ᱪᱤᱠᱟᱹᱭᱟ?
Brother Nkunddo said on Sunday that it was just to attend the conference election.,भजप अधयकष वकय नयड न अननदरमक स गठबधन जर रखन स एक तरह स इनकर करत हए रववर क यह कह क यह सरफ लकसभ चनव क लए थ .,"ᱵᱤᱡᱮᱯᱤ ᱥᱚᱵᱷᱟ ᱜᱚᱢᱠᱮ ᱵᱷᱮᱝᱠᱟᱭᱟ ᱱᱟᱭᱰᱩ, ᱮᱹᱟᱭᱹᱮᱹᱰᱤᱹᱮᱢᱮᱹᱠ ᱥᱟᱶ ᱡᱳᱴ ᱪᱟᱞᱟᱣ ᱤᱫᱤ ᱨᱮᱭᱟᱜ ᱠᱟᱛᱷᱟ ᱵᱟᱝ ᱥᱤᱠᱟᱹᱨ ᱠᱟᱛᱮ ᱥᱤᱸᱜᱮ ᱢᱟᱦᱟ ᱱᱚᱸᱰᱮ ᱞᱟᱹᱭ ᱟᱠᱟᱫᱟᱭ ᱡᱮ, ᱱᱚᱶᱟ ᱫᱚ ᱠᱷᱟᱹᱞᱤ ᱞᱳᱠᱥᱚᱵᱷᱟ ᱵᱟᱪᱷᱱᱟᱣ ᱞᱟᱹᱜᱤᱫ ᱠᱟᱱᱟ"
Whether they ever come or not?,व कभ आत ह य नह?,ᱩᱱᱠᱩ ᱛᱤᱥ ᱠᱚ ᱦᱤᱡᱩᱜᱼᱟ ᱥᱮ ᱵᱟᱝᱟ ?
"In the field in which the line blouse and new technology are used, saving time, water and hard.","कसन खत म लइन बवई और नई सचई तकनक अपनत ह, जसस समय, पन और महनत क बचत हत ह","ᱪᱟᱹᱥᱤ ᱠᱚ ᱵᱟᱹᱫᱽ ᱨᱮ ᱞᱟᱭᱤᱱ ᱨᱚᱦᱚᱭ ᱟᱨ ᱱᱟᱶᱟ ᱫᱟᱜ ᱯᱟᱴᱟᱣ ᱠᱟᱹᱭᱫᱩᱥ ᱠᱚ ᱦᱟᱛᱟᱣᱟ, ᱡᱟᱦᱟᱸ ᱠᱷᱟᱹᱛᱤᱨ ᱚᱠᱛᱚ, ᱫᱟᱜ ᱟᱨ ᱠᱩᱨᱩᱢᱩᱴᱩ ᱥᱟᱧᱪᱟᱣᱚᱜᱼᱟ"
He urged officials to promote this process.,उनहन अधकर परशकषणरथय स इस परकरय क बढव दन क आगरह कय,ᱩᱱᱤ ᱫᱚ ᱟᱹᱢᱟᱹᱞᱤᱭᱟᱹ ᱠᱚ ᱥᱮᱪᱮᱫ ᱦᱟᱛᱟᱣᱤᱭᱟᱹ ᱠᱚ ᱱᱚᱶᱟ ᱦᱚᱨᱟ ᱠᱚ ᱯᱟᱥᱱᱟᱣ ᱞᱟᱹᱜᱤᱫ ᱮ ᱞᱟᱹᱭ ᱥᱚᱫᱚᱨ ᱞᱮᱫᱟ
The rest is all right.,बक सब ठक ह,ᱢᱩᱪᱟᱹᱫ ᱫᱚ ᱴᱷᱤᱠ ᱜᱮᱭᱟ
"Its been this year at a time of wheat harvest, which expects farmers to get good crops.","इस सल आल क फसल क बवई समय पर ह गई ह, जसस कसन क उममद ह क उनह अचछ पदवर मलग","ᱱᱚᱣᱟ ᱥᱮᱨᱢᱟ ᱚᱠᱛᱚ ᱨᱮ ᱟᱞᱩ ᱪᱟᱥ ᱨᱚᱦᱚᱭ ᱦᱩᱭ ᱟᱠᱟᱱᱟ, ᱡᱟᱦᱟᱸ ᱛᱮ ᱪᱟᱹᱥᱤ ᱠᱚ ᱟᱥᱟ ᱟᱠᱟᱱᱟ ᱡᱮ ᱩᱱᱠᱩ ᱵᱷᱟᱜᱮ ᱟᱨᱡᱟᱣ ᱠᱚ ᱧᱟᱢᱟ"
There was a great panic of rats in a village.,एक गव म चह क बहत आतक थ,ᱢᱤᱫᱴᱟᱹᱝ ᱟᱹᱛᱩ ᱨᱮ ᱜᱩᱰᱩ ᱨᱮᱭᱟᱜ ᱟᱹᱰᱤ ᱠᱚ ᱵᱚᱛᱚᱨ ᱛᱟᱦᱮᱸ ᱠᱟᱱᱟ
"For example, in Ramatnaum of Karnatina, Kodilla, Tamil speaking people in the Netherlands, there are many places to be named, many of the places in the north, and many names can be counted.","जस, करनटक क रमनगरम म चननपटन, आनधर परदश क कषण म कडपलल, तमलनड म तजर, असम म धबर, उततर परदश क वरणस कई ऐस सथन ह, कई नम गन सकत ह","ᱡᱮᱞᱮᱠᱟ, ᱠᱚᱨᱱᱟᱴᱚᱠ ᱨᱮᱱᱟᱜ ᱨᱟᱢᱱᱚᱜᱚᱨᱚᱢ ᱨᱮᱱᱟᱜ ᱪᱚᱱᱱᱟᱯᱚᱛᱱᱟ, ᱚᱱᱫᱷᱨᱚᱯᱨᱚᱫᱮᱥ ᱨᱮᱱᱟᱜ ᱠᱨᱤᱥᱱᱟ ᱨᱮᱱᱟᱜ ᱠᱳᱱᱰᱟᱯᱚᱞᱞᱤ, ᱛᱟᱢᱤᱞᱱᱟᱰᱩ ᱨᱮᱱᱟᱜ ᱛᱟᱱᱡᱳᱨ, ᱟᱥᱟᱢ ᱨᱮᱱᱟᱜ ᱫᱷᱩᱵᱨᱤ, ᱩᱛᱛᱚᱨᱯᱨᱚᱫᱮᱥ ᱨᱮᱱᱟᱜ ᱵᱟᱨᱟᱱᱥᱤᱼ ᱱᱚᱝᱠᱟᱱ ᱟᱭᱢᱟ ᱴᱷᱟᱶ ᱢᱮᱱᱟᱜᱼᱟ, ᱟᱭᱢᱟ ᱧᱩᱛᱩᱢ ᱞᱟᱹᱭ ᱜᱟᱱᱚᱜᱼᱟ"
"In his sad message, Rasbs, the lion said that C.",अपन शक सदश म रण क. प. सह न कह क स.,"ᱨᱟᱱᱟ ᱠᱮᱹᱯᱤᱹ ᱥᱤᱝ ᱟᱡᱟᱜ ᱫᱩᱠ ᱥᱟᱸᱫᱮᱥ ᱨᱮ ᱢᱮᱱ ᱞᱮᱫᱟᱭ ᱡᱮ,"
A culture protectss security and repair of cultural sites under plan.,ससकत सरकषत यजन क तहत ससकतक सथल क सरकष और मरममत क जत ह,ᱞᱟᱠᱪᱟᱨ ᱨᱟᱠᱷᱟ ᱫᱚᱦᱚ ᱯᱚᱨᱤᱠᱚᱞᱯᱚᱱᱟ ᱨᱮᱭᱟᱜ ᱟᱣᱛᱟᱨᱮ ᱞᱟᱠᱪᱟᱨ ᱴᱷᱟᱶ ᱠᱚ ᱨᱩᱠᱷᱤᱭᱟᱹ ᱟᱨ ᱡᱚᱛᱨᱟᱣ ᱦᱩᱭᱩᱜᱼᱟ
"Who knows when they use natural disasters to protect crops, the cost is low and the environment is safe?","कसन जब फसल क सरकष क लए परकतक उपय अपनत ह, त लगत कम हत ह और परयवरण सरकषत रहत ह","ᱪᱟᱹᱥᱤ ᱡᱚᱠᱷᱚᱱ ᱪᱟᱥᱵᱟᱥ ᱨᱩᱠᱷᱤᱭᱟᱹ ᱞᱟᱹᱜᱤᱫ ᱥᱟᱪᱟᱨᱦᱮᱫ ᱩᱯᱟᱹᱭ ᱠᱚ ᱦᱟᱛᱟᱣᱟ, ᱩᱱᱫᱚ ᱠᱷᱚᱨᱚᱪ ᱠᱚᱢᱚᱜᱼᱟ ᱟᱨ ᱞᱟᱭᱚᱝ ᱨᱩᱠᱷᱤᱭᱟᱹ ᱛᱟᱦᱮᱱᱟ"
"We need to sow seed on time in the field, because having a bug at the right time is better than harvesting.","खत म समय पर बज बन आवशयक ह, कयक सह समय पर बवई हन स फसल क पदवर बहतर हत ह","ᱵᱟᱹᱫ ᱨᱮ ᱚᱠᱛᱚ ᱨᱮ ᱡᱟᱝ ᱨᱚᱦᱚᱭ ᱞᱟᱹᱠᱛᱤ ᱠᱟᱱᱟ, ᱪᱮᱫᱟᱜ ᱥᱮ ᱚᱠᱛᱚ ᱨᱮ ᱨᱚᱦᱚᱣ ᱞᱮᱱᱠᱷᱟᱱ ᱟᱨᱡᱟᱣ ᱟᱨᱦᱚᱸ ᱵᱷᱟᱜᱮ ᱦᱩᱭᱩᱜᱼᱟ"
Shiva is always deep in mind.,शव हमश गहर धयन म हत ह,ᱥᱷᱤᱣ ᱥᱟᱨᱟ ᱠᱷᱚᱱ ᱜᱟᱹᱦᱤᱨ ᱫᱷᱮᱭᱟᱱ ᱨᱮᱭ ᱛᱟᱦᱮᱱᱟ
Close smart lamp in the den,मद म समरट लप बद कर,ᱰᱟᱸᱰᱟ ᱨᱮ ᱥᱢᱟᱨᱴ ᱞᱮᱢᱯ ᱵᱚᱱᱫᱚᱭ ᱢᱮ
"The farmers have in their food grain, straw, and green grass to keep the animals healthy.","पशओ क सवसथ रखन क लए कसन उनक खन म दन, भस और हर घस क सतलन रखत ह","ᱡᱤᱭᱟᱹᱞᱤ ᱠᱚᱣᱟᱜ ᱦᱚᱲᱢᱚ ᱱᱟᱯᱟᱭ ᱫᱚᱦᱚ ᱞᱟᱹᱜᱤᱫ ᱪᱟᱹᱥᱤ ᱠᱚ ᱩᱱᱠᱩᱣᱟᱜ ᱡᱚᱢᱟᱜ ᱨᱮ ᱡᱟᱝ, ᱛᱟᱥᱟᱫ ᱟᱨ ᱦᱟᱹᱨᱭᱟᱹᱲ ᱛᱟᱥᱟᱫ ᱨᱮᱭᱟᱜ ᱥᱚᱢᱟᱱ ᱠᱚ ᱫᱚᱦᱚᱭᱟ"
"When the rain is enough, the pools and wells are filled, and farmers dont have to worry about the whole weather.","जब वरष परयपत मतर म हत ह, त तलब और कए भर जत ह और कसन क पर मसम भर सचई क चत नह करन पडत","ᱡᱚᱠᱷᱚᱱ ᱡᱟᱹᱥᱛᱤ ᱫᱟᱜ ᱡᱟᱹᱲᱤ ᱦᱩᱭᱩᱜᱼᱟ, ᱛᱚᱠᱷᱚᱱ ᱯᱩᱠᱷᱨᱤ ᱟᱨ ᱠᱩᱧ ᱯᱮᱨᱮᱡᱚᱜᱼᱟ ᱟᱨ ᱪᱟᱹᱥᱤ ᱠᱚ ᱜᱚᱴᱟ ᱨᱤᱛᱩ ᱨᱮ ᱫᱟᱜ ᱯᱟᱴᱟᱣ ᱵᱟᱨᱮᱛᱮ ᱵᱟᱭ ᱪᱤᱱᱛᱟᱹ ᱦᱩᱭᱩᱜᱼᱟ"
India had freedom this day from British rule.,इस दन 1947 म भरत क बरटश शसन स सवततरत परपत हई थ,᱑᱙᱔᱗ ᱥᱟᱞ ᱨᱮᱭᱟᱜ ᱱᱚᱣᱟ ᱢᱟᱦᱟ ᱨᱮ ᱵᱷᱟᱨᱚᱛ ᱵᱨᱤᱴᱤᱥ ᱥᱟᱥᱚᱱ ᱠᱷᱚᱱ ᱯᱷᱩᱨᱜᱟᱹᱞ ᱮ ᱧᱟᱢ ᱞᱮᱫᱟ
Prime Minister Rejoicing would like to say something!,परधनमतर आनद कछ कहन चहग!,ᱢᱩᱲᱩᱫ ꯃꯟꯇ ꯔᱟᱱᱚᱱᱫᱚ ᱠᱤᱪᱷᱩ ᱞᱟᱹᱭ ᱞᱟᱹᱜᱤᱫ ᱠᱟᱱᱟ
"Although they came here and disappeared, there is always a little lower, but there must have been 222 degrees Fahrenheit 22 C. rain.",हलक यह पहचकर मनसन गयब ह जत ह इसलए यह हमश कम हत ह लकन फर भ २२२ मलमटर वरष अब तक हन चहए थ,"ᱮᱱᱛᱮ ᱨᱮᱦᱚᱸ ᱱᱚᱸᱰᱮ ᱥᱮᱴᱮᱨ ᱠᱟᱛᱮ ᱢᱳᱣᱥᱩᱢᱤ ᱦᱚᱭ ᱟᱫᱚᱜ ᱠᱟᱱᱟ, ᱚᱱᱟᱛᱮ ᱱᱚᱸᱰᱮ ᱥᱟᱨᱟ ᱜᱷᱟᱹᱲᱤ ᱠᱚᱢ ᱦᱚᱭᱩᱜ ᱠᱟᱱᱟ, ᱢᱮᱱᱠᱷᱟᱱ ᱱᱤᱛ ᱫᱷᱟᱹᱵᱤᱡ ᱒᱒᱒ ᱢᱤᱞᱤᱢᱤᱴᱟᱨ ᱫᱟᱜᱡᱟᱹᱲᱤ ᱞᱟᱹᱠᱛᱤ ᱛᱟᱦᱮᱸ ᱠᱟᱱᱟ"
"During the discovery of a flowery flower, he saw an old apes lying on a road, with a long tail extending across the region.","सगधक फल क खज क दरन भम न दख क एक बढ वनर रसत म पड हआ ह, जसक लब पछ पर कषतर म फल हई थ","ᱥᱳᱜᱚᱱᱫᱷᱤᱠᱟ ᱵᱟᱦᱟ ᱯᱟᱱᱛᱮ ᱚᱠᱛᱮ ᱵᱷᱤᱢ ᱰᱟᱦᱟᱨ ᱨᱮ ᱢᱤᱫᱴᱮᱱ ᱦᱟᱲᱟᱢ ᱦᱟᱺᱲᱩ ᱮ ᱧᱮᱞ ᱠᱮᱫᱮᱭᱟ, ᱡᱟᱦᱟᱭᱟᱜ ᱡᱮᱞᱮᱧ ᱯᱩᱧᱪᱤ ᱜᱚᱴᱟ ᱴᱚᱴᱷᱟ ᱨᱮ ᱯᱟᱥᱱᱟᱣ ᱛᱟᱦᱮᱸ ᱠᱟᱱᱟ"
Weve chosen a price.,"सह क ओर हमन चन ल ह....... लजए, अब हम दम सन लत ह","ᱥᱟᱦᱩ ᱥᱮᱱ ᱟᱞᱮ ᱞᱮ ᱵᱟᱪᱷᱟᱣ ᱠᱮᱫᱟ ......... ᱱᱮ, ᱱᱤᱛᱚᱜ ᱟᱞᱮ ᱫᱚᱨ ᱞᱮ ᱟᱧᱡᱚᱢ ᱞᱮᱜᱮ"
Paves and kings are two hills. They love peoples heart.,पवस परपत और रजत परपत द झरन हय लग क मन मह लत ह,ᱯᱟᱣᱟᱥ ᱦᱩᱫᱽᱦᱩᱫᱤ ᱟᱨ ᱥᱤᱞᱵᱷᱟᱨ ᱦᱩᱫᱽᱦᱩᱫᱤ ᱫᱚ ᱵᱟᱨᱭᱟ ᱦᱩᱫᱽᱦᱩᱫᱤ ᱠᱟᱱᱟ ᱱᱚᱶᱟ ᱠᱚᱫᱚ ᱦᱚᱲ ᱠᱚᱣᱟᱜ ᱢᱚᱱ ᱮ ᱨᱤᱡᱷᱟᱹᱣ ᱮᱫᱟ
"When the rain increased in the village, the farmer cleaning the trees so that the water could come out and not harm the harvest.","जब गव म वरष अधक ह जत ह, त कसन खत क नलय क सफई करत ह तक पन नकस ह सक और फसल क नकसन न पहच","ᱡᱚᱠᱷᱚᱱ ᱟᱹᱛᱩ ᱨᱮ ᱡᱟᱹᱥᱛᱤ ᱫᱟᱜ ᱡᱟᱹᱲᱤ ᱦᱩᱭᱩᱜᱼᱟ, ᱪᱟᱹᱥᱤ ᱠᱚ ᱵᱟᱹᱫᱽ ᱨᱮᱭᱟᱜ ᱱᱟᱹᱞᱤ ᱠᱚ ᱥᱟᱯᱷᱟᱭᱟ ᱡᱟᱦᱟᱸᱛᱮ ᱫᱟᱜ ᱚᱰᱚᱠᱚᱜᱼᱟ ᱟᱨ ᱪᱟᱥ ᱨᱮᱭᱟᱜ ᱠᱷᱚᱛᱤ ᱵᱟᱝ ᱦᱩᱭᱩᱜᱼᱟ"
Hes nearly in his ears.,नकट? वह उसक कन म अपन जबन ह.,ᱥᱩᱨ ᱨᱮ? ᱩᱱᱤᱭᱟᱜ ᱞᱩᱛᱩᱨ ᱨᱮ ᱟᱡᱟᱜ ᱞᱟᱪᱷᱟ ᱢᱮᱱᱟᱜᱼᱟ
"For protection in the fields, farmers take the proper measures of farming and harvesting, to remain food elements in the soil.","खत म मद सरकषण क लए कसन जतई और कटई क सह तरक अपनत ह, तक मटट म पषक ततव बन रह","ᱪᱟᱥᱵᱟᱥ ᱟᱨ ᱡᱚᱢᱟᱜ ᱡᱚᱜᱟᱣ ᱫᱚᱦᱚ ᱞᱟᱹᱜᱤᱫ ᱪᱟᱹᱥᱤ ᱠᱚ ᱡᱚᱛᱷᱟᱛ ᱦᱚᱨᱟ ᱠᱚ ᱦᱟᱛᱟᱣᱟ, ᱡᱟᱦᱟᱸᱛᱮ ᱦᱟᱥᱟ ᱨᱮ ᱯᱩᱥᱴᱤ ᱡᱤᱱᱤᱥ ᱠᱚ ᱛᱟᱦᱮᱸᱱᱟ"
He made online friends with women and encouraged them to invest in various business activities on a wide scale after they believed them.,उनहन महलओ क सथ ऑनलइन दसत क और उनक वशवस हसल करन क बद उनह बड पमन पर वभनन वयपरक उपकरम म नवश क लए परतसहत कय,ᱩᱱᱤ ᱫᱚ ᱚᱱᱞᱟᱭᱤᱱ ᱨᱮ ᱛᱤᱨᱞᱟᱹ ᱠᱚ ᱥᱟᱶ ᱜᱟᱛᱮᱭ ᱵᱮᱱᱟᱣ ᱞᱮᱫᱟ ᱟᱨ ᱩᱱᱠᱩᱣᱟᱜ ᱯᱟᱹᱛᱭᱟᱹᱣ ᱧᱟᱢ ᱛᱟᱭᱚᱢ ᱟᱭᱢᱟ ᱞᱮᱠᱟᱱ ᱵᱮᱯᱟᱨᱟᱱ ᱠᱟᱹᱢᱤᱦᱚᱨᱟ ᱨᱮ ᱵᱤᱱᱤᱭᱳᱜ ᱞᱟᱹᱜᱤᱫ ᱩᱫᱽᱜᱟᱹᱣ ᱮ ᱮᱢ ᱞᱮᱫᱟ
This school has come into debate several times.,यह वदयलय कई बर ववद म आय ह,ᱱᱚᱶᱟ ᱵᱤᱨᱫᱟᱹᱜᱟᱲ ᱫᱚ ᱟᱹᱰᱤᱫᱷᱟᱹᱣ ᱵᱤᱵᱟᱹᱫᱽ ᱨᱮ ᱦᱮᱡ ᱟᱠᱟᱱᱟ
Some of the livestock also worked like a swimming pool on their cattle.,कछ खनबदश अपन जनवर पर समन क ढलई क कम भ करत थ,ᱠᱤᱪᱷᱩ ᱡᱟᱡᱟᱵᱚᱨ ᱟᱠᱚᱨᱮᱱ ᱡᱤᱭᱟᱹᱞᱤ ᱠᱚ ᱪᱮᱛᱟᱱ ᱫᱩᱨᱤᱵᱽ ᱥᱟᱜᱟᱲᱚᱢ ᱨᱮᱭᱟᱜ ᱠᱟᱹᱢᱤ ᱦᱚᱸᱠᱚ ᱠᱚᱨᱟᱣ ᱛᱟᱦᱮᱸ
"EPILUGUCY ON THE HUCHUCUCHARON KENENASON KENCHANN, ON THE HAND DANCY OF Congress, Central Home Minister ARCHOMARCH ARCHOMCKHOCK, A SCHRCHCKHCKCKHOCKOCKHCKHCKHOCK OF Delhi, THE HURCHCHOCHOCKOCKOCKHO, THE HURCKHOCKlCKlCH, A SCHRCHRCHRCKlCKlCK OF D.","यपए चयरपरसन सनय गध, कगरस महसचव परयक गध वडर सहत कगरस क शरष सतर क नत, कदरय गह मतर अमत शह, दलल क मखयमतर अरवद कजरवल, दलल क उप मखयमतर मनष ससदय, मतर सतयदर जन भ दकषत क अतम ससकर म मजद थ","ᱭᱩ ᱯᱤ ᱮ ᱨᱮᱱ ᱪᱮᱭᱟᱨ ᱯᱟᱨᱥᱚᱱ ᱥᱳᱱᱤᱭᱟ ᱜᱟᱱᱫᱷᱤ, ᱠᱚᱝᱜᱨᱮᱥ ᱨᱮᱱ ᱢᱚᱦᱟᱥᱚᱪᱤᱵ ᱯᱨᱤᱭᱟᱝᱠᱟ ᱜᱟᱱᱫᱷᱤ ᱵᱷᱟᱫᱨᱟ ᱥᱟᱶᱛᱮ ᱠᱚᱝᱜᱨᱮᱥ ᱨᱮᱱ ᱪᱮᱛᱟᱱ ᱛᱷᱟᱨ ᱨᱮᱱ ᱱᱮᱛᱟ ᱠᱚ, ᱛᱟᱞᱢᱟ ᱥᱩᱯᱩᱨ ᱢᱚᱱᱛᱨᱤ ᱚᱢᱤᱛ ᱥᱟᱦᱚ, ᱫᱤᱞᱞᱤ ᱨᱮᱱ ᱥᱤᱨᱟᱹ ᱢᱚᱱᱛᱨᱤ ᱚᱨᱵᱤᱱᱫᱚ ᱠᱮᱨᱤᱣᱟᱞ, ᱫᱤᱞᱞᱤ ᱨᱮᱱ ᱡᱚᱜᱚ ᱥᱤᱨᱟᱹ ᱢᱚᱱᱛᱨᱤ ᱢᱚᱱᱤᱥ ᱥᱤᱥᱳᱫᱤᱭᱟ, ᱢᱚᱱᱛᱨᱤ ᱥᱚᱛᱭᱮᱱᱫᱨᱚ ᱡᱳᱭᱱᱚ ᱦᱚᱸ ᱫᱤᱠᱠᱷᱤᱛ ᱟᱜ ᱢᱩᱪᱟᱹᱫ ᱟᱠᱷᱲᱟ ᱨᱮ ᱥᱮᱞᱮᱫ ᱞᱮᱱᱟᱭ"
"Take that, whatever you get, give it to me later","ल जओ, ज कछ लन ह, पस बद म द दन","ᱤᱫᱤ ᱢᱮ , ᱡᱟᱸᱦᱟᱸᱜᱮᱢ ᱦᱟᱛᱟᱣᱟ, ᱛᱟᱭᱚᱢ ᱛᱮ ᱠᱟᱹᱣᱰᱤ ᱮᱢᱚᱜ ᱢᱮ"
Nearly 15 of Indias population lives in coherent gulls.,भरत क लगभग 15 जनसखय coastal जल म रहत ह,ᱵᱷᱟᱨᱚᱛ ᱨᱮᱭᱟᱜ ᱦᱚᱲᱞᱮᱠᱷᱟ ᱯᱨᱟᱭ ᱑᱕ ᱥᱟᱹᱢᱩᱫ ᱟᱲᱮ ᱦᱚᱱᱚᱛ ᱨᱮᱠᱚ ᱜᱤᱨᱟᱹᱵᱟᱥᱚᱜᱼᱟ
How many three are available in the second century C.E.,सततईस म कतन तन उपलबध ह,᱒᱐᱐᱗ ᱨᱮ ᱛᱤᱱᱟᱹᱜ ᱜᱟᱱ ᱧᱟᱢᱚᱜᱼᱟ
"Despite the hypnotical image, sensorship is common in Dubai and the material for use by the government is that it believes that it violates the cultural and political nature of Mismism.","दबई दखवट छव क बवजद, ससरशप दबई म आम ह और सरकर दवर उपयग क लए समगर ह क यह एमरतस क ससकतक और रजनतक सवदनशलत क मनन ह क नयतरण क उललघन करत ह समलगकत, डरगस और वकस क सदधत क आम तर पर वरजत मन जत ह .96","ᱫᱩᱵᱟᱭ ᱨᱮᱱᱟᱜ ᱧᱮᱞᱟᱱ ᱪᱤᱛᱟᱹᱨ ᱛᱟᱦᱮᱱ ᱛᱩᱞᱩᱡᱽ ᱦᱚᱸ, ᱥᱮᱱᱥᱚᱨᱥᱤᱯ ᱫᱩᱵᱟᱭ ᱨᱮ ᱟᱹᱰᱤᱜᱟᱱ ᱪᱚᱞ ᱢᱮᱱᱟᱜᱼᱟ ᱟᱨ ᱥᱚᱨᱠᱟᱨ ᱫᱟᱨᱟᱭ ᱛᱮ ᱵᱮᱣᱦᱟᱨᱚᱜ ᱠᱟᱱ ᱥᱟᱯᱟᱵ ᱠᱟᱱᱟ ᱡᱟᱦᱟᱸ ᱫᱚ ᱮᱢᱤᱨᱮᱴᱤᱥ ᱨᱮᱱᱟᱜ ᱞᱟᱠᱪᱟᱨ ᱟᱨ ᱨᱟᱡᱽᱟᱹᱨᱤ ᱥᱚᱝᱵᱮᱫᱚᱱᱥᱤᱞ ᱠᱚᱣᱟᱜ ᱯᱟᱹᱛᱭᱟᱹᱣ ᱞᱮᱠᱟᱛᱮ ᱥᱟᱢᱲᱟᱣ ᱮ ᱵᱟᱹᱲᱤᱡ ᱟᱠᱟᱫᱟ ᱥᱚᱢᱚᱠᱟᱢᱤᱛᱟ, ᱱᱤᱥᱟᱹ ᱟᱨ ᱩᱛᱱᱟᱹᱣ ᱨᱮᱱᱟᱜ ᱱᱤᱛᱤ ᱫᱚ ᱥᱟᱫᱷᱟᱨᱚᱱᱛᱚ ᱴᱮᱵᱩᱱ ᱢᱮᱱᱛᱮ ᱠᱚ ᱢᱚᱱᱮᱭᱟ"
Im sorry.,ममझ कषम ह!,ᱤᱧ ᱤᱠᱟᱹ ᱠᱟᱹᱱᱟᱹᱧ !
Nothing does.,कछ नह करत ह,ᱪᱮᱫ ᱦᱚᱸ ᱵᱟᱝ ᱠᱟᱹᱢᱤ ᱠᱟᱱᱟ
The farmer returns from Mandi to his own expense and income to ensure that the farming plan is done properly.,कसन मड स लटकर अपन खरच और कमई क हसब रखत ह तक खत क यजन ठक स बनई ज सक,ᱪᱟᱹᱥᱤ ᱠᱚ ᱵᱟᱡᱟᱨ ᱠᱷᱚᱱ ᱨᱩᱣᱟᱹᱲ ᱦᱮᱡ ᱠᱟᱛᱮ ᱟᱠᱚᱣᱟᱜ ᱠᱷᱚᱨᱚᱪ ᱟᱨ ᱟᱨᱡᱟᱣ ᱨᱮᱭᱟᱜ ᱦᱤᱥᱟᱹᱵ ᱠᱚ ᱫᱚᱦᱚᱭᱟ ᱡᱟᱦᱟᱸᱛᱮ ᱪᱟᱥ ᱨᱮᱭᱟᱜ ᱩᱭᱦᱟᱹᱨ ᱵᱷᱟᱵᱽᱱᱟ ᱱᱟᱯᱟᱭ ᱞᱮᱠᱟᱛᱮ ᱵᱮᱱᱟᱣ ᱫᱟᱲᱮᱭᱟᱜᱼᱟ
She calls on her phone.,वह अपन फन पर कल लगत ह.,ᱩᱱᱤ ᱟᱡᱟᱜ ᱯᱷᱚᱱ ᱨᱮ ᱯᱷᱚᱱ ᱮᱫᱟᱭ
Ravana was being burned in TV.,ट.व म रवण क जलय ज रह थ,ᱴᱤ.ᱵᱤᱹ ᱨᱮ ᱨᱟᱵᱚᱱ ᱠᱚ ᱨᱟᱯᱟᱜ ᱮ ᱠᱟᱱ ᱛᱟᱦᱮᱸ ᱠᱟᱱᱟ
"One day, when the Son was walking in the garden, he saw a wounded sickle, and set an arrow in his flesh.","एक दन सदधरथ न बगच म घमत समय एक घयल हस क दख, उसक शरर म तर लग थ","ᱢᱤᱫ ᱫᱤᱱ ᱥᱤᱫᱽᱫᱷᱟᱨᱛᱷᱚ ᱵᱟᱜᱽᱣᱟᱱ ᱨᱮ ᱫᱟᱸᱲᱟ ᱚᱠᱛᱮ ᱢᱤᱫᱴᱟᱝ ᱜᱷᱟᱹᱞ ᱟᱠᱟᱱ ᱦᱟᱸᱥ ᱮ ᱧᱮᱞ ᱠᱮᱫᱮᱭᱟ, ᱩᱱᱤᱭᱟᱜ ᱦᱚᱲᱢᱚ ᱨᱮ ᱥᱟᱨ ᱛᱮ ᱵᱟᱡᱟᱣ ᱛᱟᱦᱮᱸ ᱠᱟᱱᱟ"
The Indian people in the 36th century hold the traditional feast with the national dance and song.,छततसगढ म आदवस लग लक नतय और गत क सथ परपरक भज क आयजन करत ह,ᱪᱷᱚᱛᱛᱤᱥᱜᱚᱲ ᱨᱮᱱ ᱟᱹᱫᱤᱵᱟᱹᱥᱤ ᱦᱚᱲ ᱠᱚ ᱦᱚᱲ ᱮᱱᱮᱡ ᱟᱨ ᱥᱮᱨᱮᱧ ᱛᱟᱞᱟᱛᱮ ᱥᱮᱨᱣᱟ ᱟᱱᱟᱜ ᱵᱷᱳᱡᱽ ᱠᱚ ᱥᱟᱯᱲᱟᱣᱟ
"Travels and tourists, hotel industry, real estate, insurance and financial advice area.","यतर और परयटन, हटल उदयग, अचल सपतत, बम और वततय परमरश सव कषतर क अतरगत आत ह","ᱥᱟᱸᱜᱷᱟᱨ ᱟᱨ ᱥᱟᱸᱜᱷᱟᱨ, ᱦᱳᱴᱮᱞ ᱵᱤᱨᱤᱫ, ᱨᱤᱭᱮᱞ ᱮᱥᱴᱮᱴ, ᱵᱤᱢᱟ ᱟᱨ ᱠᱟᱹᱣᱰᱤ ᱫᱤᱥᱦᱩᱫᱤᱥ ᱥᱮᱵᱟ ᱴᱚᱴᱷᱟ ᱨᱮ ᱦᱤᱡᱩᱜᱼᱟ"
They called an emergency meeting of members of the Governing Body and security agencies in the Governing Body.,उनहन गवरनमट हउस म मतरमडल क सदसय और सरकष एजसय क एक आपत बठक बलई,ᱩᱱᱤ ᱫᱚ ᱥᱚᱨᱠᱟᱨᱤ ᱚᱲᱟᱜ ᱨᱮ ᱢᱚᱱᱛᱨᱤ ᱥᱚᱵᱷᱟ ᱨᱮᱱ ᱨᱟᱹᱥᱤᱭᱟᱹ ᱠᱚ ᱟᱨ ᱨᱩᱠᱷᱤᱭᱟᱹ ᱥᱮᱢᱞᱮᱫ ᱠᱚᱣᱟᱜ ᱢᱤᱫᱴᱟᱝ ᱡᱟᱹᱨᱩᱲᱟᱱ ᱫᱩᱯᱲᱩᱵ ᱮ ᱦᱚᱦᱚ ᱞᱮᱫᱟ
The king delivered the big boy to Rajasthan.,रज न बड लडक क रजयपट सप दय,ᱨᱟᱡᱟ ᱨᱟᱡᱽᱯᱟᱴ ᱢᱟᱨᱟᱝ ᱠᱚᱲᱟ ᱴᱷᱮᱱᱮ ᱪᱟᱞ ᱟᱫᱮᱭᱟ
Make a list of names from Sumis grandmother to Adam.,सम क नन स लकर मनष तक क नम क सच बनओ,ᱥᱩᱢᱤ ᱨᱮᱱ ᱟᱭᱳ ᱠᱷᱚᱱ ᱢᱚᱱᱤᱥ ᱦᱟᱹᱵᱤᱡ ᱧᱩᱛᱩᱢ ᱨᱮᱱᱟᱜ ᱢᱤᱫᱴᱟᱝ ᱛᱟᱹᱞᱤᱠᱟ ᱵᱮᱱᱟᱣ ᱢᱮ
"If rural young farming industry start, theyll get employment in the village alone and lose out on the problem of flight.","यद गरमण यव कष आधरत लघ उदयग शर कर, त उनह गव म ह रजगर मलग और पलयन क समसय कम हग","ᱡᱩᱫᱤ ᱟᱹᱛᱩ ᱨᱮᱱ ᱡᱩᱣᱟᱹᱱ ᱠᱚ ᱪᱟᱥ ᱪᱮᱛᱟᱱ ᱴᱮᱦᱟᱴ ᱠᱟᱛᱮ ᱦᱩᱰᱤᱧ ᱵᱤᱨᱤᱫ ᱠᱚ ᱮᱛᱚᱦᱚᱵᱼᱟ, ᱮᱱᱠᱷᱟᱱ ᱩᱱᱠᱩ ᱟᱹᱛᱩ ᱨᱮᱜᱮ ᱠᱟᱹᱢᱤ ᱠᱚ ᱧᱟᱢᱼᱟ ᱟᱨ ᱮᱴᱟᱜ ᱫᱤᱥᱚᱢ ᱪᱟᱞᱟᱣ ᱨᱮᱭᱟᱜ ᱮᱴᱠᱮᱴᱚᱬᱮ ᱠᱚᱢᱚᱜᱼᱟ"
The animals carry them in the morning to the pasture.,पशपलक जनवर क सबहशम चरगह म ल जत ह,ᱡᱤᱭᱟᱹᱞᱤ ᱟᱹᱥᱩᱞᱤᱭᱟᱹ ᱠᱚ ᱥᱮᱛᱟᱜ ᱟᱨ ᱥᱤᱸᱜᱟᱹᱲ ᱡᱤᱭᱟᱹᱞᱤᱠᱚ ᱟᱹᱛᱩ ᱨᱮᱠᱚ ᱤᱫᱤ ᱠᱚᱣᱟ
"Any disease is found in time by the regular health of the cows and the sheep, and can be healed.",गय और भड क नयमत सवसथय जच स कस भ रग क पत समय पर चलत ह और उनह ठक कय ज सकत ह,ᱰᱟᱹᱝᱜᱽᱨᱤ ᱟᱨ ᱵᱷᱤᱰᱤ ᱠᱚᱣᱟᱜ ᱞᱮᱛᱟᱲ ᱜᱮ ᱦᱚᱲᱢᱚ ᱥᱟᱣᱟᱨ ᱵᱤᱰᱟᱹᱣ ᱛᱟᱞᱟᱛᱮ ᱡᱟᱦᱟᱸ ᱞᱮᱠᱟᱱ ᱟᱡᱟᱨ ᱚᱠᱛᱚ ᱨᱮ ᱪᱤᱱᱦᱟᱹᱣᱚᱜᱼᱟ ᱟᱨ ᱚᱱᱟ ᱠᱚ ᱴᱷᱤᱠ ᱫᱟᱲᱮᱭᱟᱜᱼᱟ
"When sold crops in Madagascar, when theyre clean and clean, the faith of the buyers grows.","कसन जब मड म फसल बचत समय सफसथर वयवहर रखत ह, त खरदर क वशवस बढत ह","ᱪᱟᱹᱥᱤ ᱠᱚ ᱡᱚᱠᱷᱚᱱ ᱢᱟᱱᱰᱤ ᱨᱮ ᱟᱱᱟᱡᱽ ᱟᱹᱠᱷᱨᱤᱧ ᱚᱠᱛᱚ ᱥᱟᱯᱷᱟᱼᱥᱟᱯᱷᱤ ᱵᱮᱣᱦᱟᱨ ᱠᱚ ᱫᱚᱦᱚᱭᱟ, ᱛᱚᱠᱷᱚᱱ ᱠᱤᱨᱤᱧᱤᱭᱟᱹ ᱠᱚᱣᱟᱜ ᱯᱟᱹᱛᱭᱟᱹᱣ ᱵᱟᱹᱲᱛᱤᱜᱼᱟ"
"Suddenly, they are told to farmers by the cool weather rescue department.",अचनक आए ठड मसम स बचव क उपय कष वभग दवर कसन क बतए जत ह,ᱪᱟᱥ ᱛᱷᱚᱱᱚᱛ ᱦᱚᱛᱮᱛᱮ ᱟᱪᱠᱟ ᱨᱮᱭᱟᱲ ᱦᱚᱭᱼᱦᱤᱥᱤᱫ ᱠᱷᱚᱱ ᱵᱟᱧᱪᱟᱣ ᱨᱮᱭᱟᱜ ᱩᱯᱟᱹᱭ ᱪᱟᱹᱥᱤ ᱠᱚ ᱵᱟᱰᱟᱭ ᱦᱚᱪᱚ ᱠᱚᱣᱟ
The farmers are selling fruit and vegetables in the market for the right price.,कसन बजर म तज फल और सबजय क बकर करक सह दम परपत कर रह ह,ᱪᱟᱹᱥᱤ ᱠᱚ ᱵᱟᱡᱟᱨ ᱨᱮ ᱦᱮᱲᱮᱢ ᱡᱚ ᱟᱨ ᱟᱲᱟᱜ ᱥᱟᱠᱟᱢ ᱠᱚ ᱟᱹᱠᱷᱨᱤᱧ ᱠᱟᱛᱮ ᱱᱟᱯᱟᱭ ᱜᱚᱱᱚᱝ ᱠᱚ ᱧᱟᱢ ᱮᱫᱟ
"The government has set up a mobile EVPVOOE to inform farmers about weather information and market conditions, so that they can make the right decision and avoid harm.","सरकर न कसन क मसम क जनकर और बजर क भव क बर म सचन दन क लए मबइल एपलकशन शर क ह, जसस व सह नरणय ल सक और नकसन स बच सक","ᱥᱚᱨᱠᱟᱨ ᱫᱚ ᱢᱳᱵᱟᱭᱤᱞ ᱮᱯᱞᱤᱠᱮᱥᱚᱱ ᱠᱚ ᱮᱛᱚᱦᱚᱵ ᱟᱠᱟᱫᱟ ᱡᱟᱦᱟᱸ ᱫᱚ ᱵᱤᱨᱤᱫ ᱠᱚ ᱦᱚᱭᱦᱤᱥᱤᱫ ᱨᱮᱭᱟᱜ ᱰᱚᱜᱚᱨ ᱟᱨ ᱵᱤᱨᱤᱫ ᱨᱮᱭᱟᱜ ᱠᱟᱹᱣᱰᱤ ᱨᱮᱭᱟᱜ ᱠᱟᱛᱷᱟ ᱠᱚ ᱞᱟᱹᱭ ᱥᱚᱫᱚᱨᱼᱟ, ᱡᱟᱦᱟᱸ ᱫᱚ ᱩᱱᱠᱩ ᱫᱚ ᱥᱟᱫᱷᱟᱨᱚᱱ ᱠᱟᱛᱷᱟ ᱠᱚ ᱦᱟᱛᱟᱣ ᱫᱟᱲᱮᱹᱭᱟᱜᱼᱟ ᱟᱨ ᱜᱷᱟᱹᱞ ᱠᱷᱚᱱ ᱵᱟᱧᱪᱟᱣ ᱫᱟᱲᱮᱹᱭᱟᱜᱼᱟ"
"Were seeing a global epidemic of obesity, which starts at a very young age in many cases.","हम मटप क एक वशववयप महमर दख रह ह, ज कई ममल म बहत कम उमर स शर ह जत ह और इसक एक हसस परससकत खदय पदरथ म वदध स जड ह, ज सवसथय क लए हनकरक ह सकत ह","ᱟᱵᱚ ᱡᱮᱜᱮᱫ ᱡᱟᱠᱟᱛ ᱨᱮ ᱢᱳᱴᱟᱵᱚᱛᱟ ᱨᱮᱭᱟᱜ ᱢᱤᱫᱴᱟᱝ ᱢᱚᱦᱟᱢᱟᱨᱤ ᱧᱮᱞ ᱧᱟᱢ ᱮᱫᱟ, ᱡᱟᱦᱟᱸ ᱫᱚ ᱟᱭᱢᱟ ᱴᱷᱟᱶ ᱨᱮ ᱟᱹᱰᱤ ᱠᱚᱢ ᱩᱢᱮᱨ ᱨᱮᱜᱮ ᱮᱛᱚᱦᱚᱵᱚᱜᱼᱟ ᱟᱨ ᱱᱚᱶᱟ ᱨᱮᱭᱟᱜ ᱢᱤᱫ ᱦᱤᱸᱥ ᱯᱨᱚᱥᱮᱥᱚᱨᱰ ᱡᱚᱢᱟᱜ ᱵᱟᱹᱲᱛᱤ ᱥᱟᱶ ᱥᱮᱞᱮᱫ ᱢᱮᱱᱟᱜᱼᱟ, ᱡᱟᱦᱟᱸ ᱫᱚ ᱦᱚᱲᱢᱚ ᱞᱟᱹᱜᱤᱫ ᱦᱟᱹᱱ ᱦᱩᱭ ᱫᱟᱲᱮᱭᱟᱜᱼᱟ"
"They come every year in the ranks of thousands of devout to have a bath, and to have a sense of holiness.",तरवण सगम म सनन करक पवतरत क अनभत परपत करन शरदधल परतयक सल हजर क सखय म आत ह,ᱛᱨᱤᱵᱮᱱᱤ ᱥᱚᱝᱜᱚᱢ ᱨᱮ ᱛᱩᱯᱩᱱ ᱠᱟᱛᱮ ᱥᱚᱱᱚᱛ ᱨᱮᱭᱟᱜ ᱟᱹᱭᱠᱟᱹᱣ ᱧᱟᱢ ᱞᱟᱹᱜᱤᱫ ᱡᱟᱣ ᱥᱮᱨᱢᱟ ᱜᱮᱥᱟᱭ ᱜᱮᱥᱟᱭ ᱵᱷᱚᱠᱛᱚ ᱠᱚ ᱦᱤᱡᱩᱜᱼᱟ
"When the soil is examined, the farmer knows what kind of food supply element is less and what dung should be put on.",जब खत क मटट क जच करवई जत ह त कसन क पत चलत ह क कस परकर क पषक ततव कम ह और कनस खद डलन चहए,"ᱡᱚᱠᱷᱚᱱ ᱵᱟᱹᱫ ᱨᱮᱭᱟᱜ ᱦᱟᱥᱟ ᱵᱤᱰᱟᱹᱣ ᱦᱩᱭᱩᱜᱼᱟ, ᱛᱚᱠᱷᱚᱱ ᱪᱟᱹᱥᱤ ᱠᱚ ᱵᱟᱰᱟᱭ ᱧᱟᱢᱼᱟ ᱡᱮ ᱪᱮᱫ ᱞᱮᱠᱟᱱ ᱯᱩᱥᱴᱤ ᱠᱚᱢ ᱢᱮᱱᱟᱜᱼᱟ ᱟᱨ ᱪᱮᱫ ᱞᱮᱠᱟᱱ ᱠᱷᱚᱛ ᱫᱚᱦᱚ ᱞᱟᱹᱠᱛᱤ ᱠᱟᱱᱟ"
"And theres a conflict between the Indian Indians of the world, so a few days later, therell be heard only The Early Men the Indians will disappear.",वशव क आदवसय म भ ऊचनच क सघरष ह इस तरह कछ दन बद यह कवल आदवस लग थ ह सनई दग आदवस गयब ह जयग,"ᱡᱮᱜᱮᱫ ᱨᱮᱱ ᱟᱫᱤᱵᱟᱥᱤ ᱦᱚᱸ ᱪᱮᱛᱟᱱ ᱞᱟᱛᱟᱨ ᱨᱮᱱᱟᱜ ᱠᱚ ᱪᱷᱩᱴᱟᱣ ᱦᱟᱠᱟᱱᱟ ᱱᱚᱝᱠᱟ ᱞᱮᱠᱟ ᱠᱤᱪᱷᱩ ᱫᱤᱱ ᱯᱚᱨᱮ ᱱᱚᱰᱮ ᱠᱮᱵᱚᱞ ᱟᱫᱤᱵᱟᱥᱤ ᱠᱚ ᱛᱟᱦᱮ ᱠᱟᱱᱟ ᱱᱚᱣᱟ ᱜᱮ ᱟᱡᱚᱢᱚᱜᱟ, ᱟᱫᱤᱵᱟᱥᱤ ᱠᱚ ᱪᱟᱵᱟ ᱩᱛᱟᱨᱚᱜᱟ"
Preparing nutritious food for animals is a good way to protect them from diseases.,पशओ क लए पषटक आहर तयर करन उनह बमरय स बचन क अचछ उपय हत ह,ᱡᱤᱭᱟᱹᱞᱤ ᱠᱚ ᱞᱟᱹᱜᱤᱫ ᱯᱩᱥᱴᱤ ᱡᱚᱢᱟᱜ ᱵᱮᱱᱟᱣ ᱫᱚ ᱩᱱᱠᱩᱣᱟᱜ ᱟᱡᱟᱨ ᱠᱷᱚᱱ ᱵᱟᱧᱪᱟᱣ ᱞᱟᱹᱜᱤᱫ ᱢᱤᱫᱴᱟᱝ ᱵᱷᱟᱜᱮ ᱩᱯᱟᱹᱭ ᱠᱟᱱᱟ
The fields are not man made but are public.,खत वयकतगत नह हत बलक सरवजनक हत ह,"ᱵᱟᱹᱫᱽ ᱫᱚ ᱱᱤᱡᱮᱨᱟᱜ ᱵᱟᱝ ᱠᱟᱱᱟ, ᱢᱮᱱᱠᱷᱟᱱ ᱥᱟᱱᱟᱢ ᱦᱚᱲᱟᱜ ᱠᱟᱱᱟ"
"At assemblies such as Telnas in the state of state, people speak sarcastically and especially wear a shirtpad.",तलगन रजय म रतरवज जस आयजन क समय लग ससकत बलत ह और वशष रप स करतपयजम पहनत ह,ᱛᱮᱞᱮᱝᱜᱟᱱᱟ ᱯᱚᱱᱚᱛ ᱨᱮ ᱟᱹᱨᱤᱪᱟᱹᱞᱤ ᱞᱮᱠᱟᱱ ᱟᱠᱷᱲᱟ ᱚᱠᱛᱚ ᱦᱚᱲ ᱠᱚ ᱥᱚᱝᱥᱠᱨᱤᱛ ᱛᱮᱠᱚ ᱨᱚᱲᱼᱟ ᱟᱨ ᱠᱷᱟᱥ ᱞᱮᱠᱟᱛᱮ ᱠᱩᱨᱛᱟᱼᱯᱟᱭᱟᱡᱟᱢᱟ ᱠᱚ ᱦᱚᱨᱚᱜᱟ
The traditional food of the GD is based mainly on grain and vegetables.,गड लग क परपरक भजन मखयत अनज और सबजय पर आधरत हत ह,ᱜᱳᱱᱰᱤ ᱦᱚᱲ ᱠᱚᱣᱟᱜ ᱥᱮᱨᱣᱟ ᱟᱱᱟᱜ ᱡᱚᱢᱟᱜ ᱫᱚ ᱟᱥᱚᱞᱨᱮ ᱟᱱᱟᱡᱽ ᱟᱨ ᱟᱲᱟᱜ ᱥᱟᱠᱟᱢ ᱪᱮᱛᱟᱱ ᱴᱮᱦᱟᱴ ᱠᱟᱛᱮᱫ ᱦᱩᱭᱩᱜᱼᱟ
"In Migm, a diet is conducted in traditional ways, people speak Gujarati and wear silk.","मजरम म खनपन क आयजन परपरक ढग स कय जत ह, लग गजरत बलत ह और लग पहनत ह","ᱢᱤᱡᱳᱨᱟᱢ ᱨᱮ ᱥᱮᱨᱣᱟ ᱟᱱᱟᱜ ᱞᱮᱠᱟᱛᱮ ᱡᱚᱢᱟᱜ ᱨᱮᱭᱟᱜ ᱥᱟᱯᱲᱟᱣ ᱦᱩᱭᱩᱜᱼᱟ, ᱦᱚᱲ ᱠᱚ ᱜᱩᱡᱨᱟᱴᱤ ᱯᱟᱹᱨᱥᱤ ᱛᱮᱠᱚ ᱨᱚᱲᱟ ᱟᱨ ᱞᱩᱝᱜᱤ ᱠᱚ ᱦᱚᱨᱚᱜᱟ"
Do you like that?,कय तमह खर पसद ह ?,ᱪᱮᱫ ᱟᱢ ᱠᱷᱤᱨᱤ ᱮᱢ ᱠᱩᱥᱤᱭᱟᱜᱼᱟ ?
They have given up referring to personal reasons.,उनहन वयकतगत करण क हवल दत हए इसतफ दय ह,ᱩᱱᱤ ᱫᱚ ᱟᱡᱟᱜ ᱚᱡᱮ ᱞᱟᱹᱭ ᱠᱟᱛᱮ ᱨᱟᱡᱽᱜᱟᱹᱫᱤ ᱮᱢ ᱟᱠᱟᱫᱟ
She came to her father as part of the partnership.,वह भगभग पत क पस पहच,ᱩᱱᱤ ᱫᱟᱹᱲ ᱠᱟᱛᱮ ᱵᱟᱵᱟ ᱴᱷᱮᱱ ᱮ ᱥᱮᱴᱮᱨ ᱮᱱᱟ
Order. First step is to buy.,ऑरडर द. पहल कदम वसतव म खरद करन ह.,ᱚᱨᱰᱟᱨ ᱢᱮ ᱯᱩᱭᱞᱩ ᱫᱷᱟᱯ ᱫᱚ ᱦᱩᱭᱩᱜ ᱠᱟᱱᱟ ᱥᱟᱹᱨᱤᱜᱮ ᱠᱤᱨᱤᱧ
"When the animals are washed in season, their health and their brightness are better.",जब पशओ क समय पर नहलय जत ह त उनक सवसथय और चमक दन बहतर हत ह,ᱡᱚᱠᱷᱚᱱ ᱡᱤᱭᱟᱹᱞᱤ ᱠᱚ ᱚᱠᱛᱚ ᱞᱮᱠᱟᱛᱮ ᱛᱩᱯᱩᱱ ᱦᱩᱭᱩᱜᱼᱟ ᱩᱱᱠᱚᱣᱟᱜ ᱦᱚᱲᱢᱚ ᱟᱨ ᱡᱷᱟᱞᱠᱟᱣ ᱵᱟᱱᱟᱨ ᱜᱮ ᱵᱷᱟᱜᱮ ᱦᱩᱭᱩᱜᱼᱟ
Can you say that I allow you to win?,कय तम कह सकत ह क म तमह जतन क लए अनमत दत ह?,ᱪᱮᱫ ᱟᱢᱮᱢ ᱞᱟᱹᱭ ᱫᱟᱲᱮᱭᱟᱜᱼᱟ ᱡᱮ ᱤᱧ ᱟᱢ ᱡᱤᱛᱠᱟᱹᱨ ᱨᱮᱭᱟᱜ ᱪᱷᱟᱹᱲ ᱤᱧ ᱮᱢᱟᱢᱟ ?
"These are among the fiveinlaws, in the north country, in the central region, in the great nation, in the region of Asia, in the Middle East, in the Middle East, in the Middle East, in the Middle East, and in the Middle East, in the Indian region, in the Indian region, in the Middle East, in the Indian region, in the Middle East, in the Indian region, in the Middle East, in the Middle East, in the Middle East, in the Middle East, in the region, in the region, in the Middle East, in the region, in the Indian, in the Middle Mountains, in the region, in the region, in the Middle East, in the region, in the region, in the region, in the region, in the region, in the Indian, the region, the region, the region, the region, the region, the region, the region, the region, the region, the region, the region, the region, the region, the region, the region, the region, the, the, the region, the region, the region, the region, the region, the, the, the, the region, the region, the region, the","इनम पजब, उततर परदश, मधय परदश, महरषटर, आधर परदश, गजरत, हमचल परदश, करनटक, तमलनड और पडचर शमल ह","ᱱᱚᱣᱟ ᱠᱚ ᱢᱩᱫᱽᱨᱮ ᱢᱮᱱᱟᱜᱼᱟ ᱯᱟᱧᱡᱟᱵ, ᱩᱛᱛᱚᱨ ᱯᱨᱚᱫᱮᱥ, ᱢᱚᱫᱷᱭᱚ ᱯᱨᱚᱫᱤᱥᱚᱢ, ᱢᱚᱦᱟᱨᱟᱥᱴᱨᱚ, ᱚᱱᱫᱷᱨᱚ ᱯᱨᱚᱫᱮᱹᱥ, ᱜᱩᱡᱨᱟᱴ, ᱦᱤᱢᱟᱪᱚᱞ ᱯᱨᱚᱫᱮᱡ, ᱠᱚᱨᱱᱟᱴᱚᱠ, ᱛᱟᱹᱢᱤᱞᱱᱟᱰᱩ ᱟᱨ ᱯᱩᱫᱩᱪᱮᱨᱤ"
"A new fence was built for the babies, with enough light and airliness made sure to raise the eggs produce.","मरगय क लए नए बड बनए गए, जसम परयपत रशन और हवदर सनशचत क गई तक अड क उतपदन बढ","ᱥᱤᱢ ᱠᱚ ᱞᱟᱹᱜᱤᱫ ᱱᱟᱣᱟ ᱚᱲᱟᱜ ᱵᱮᱱᱟᱣ ᱦᱩᱭᱮᱱᱟ, ᱡᱟᱦᱟᱸ ᱨᱮ ᱯᱩᱨᱟᱹ ᱢᱟᱨᱥᱟᱞ ᱟᱨ ᱦᱚᱭ ᱜᱟᱛᱮ ᱨᱮᱭᱟᱜ ᱵᱮᱵᱚᱥᱛᱟ ᱦᱩᱭᱮᱱᱟ ᱡᱮᱢᱚᱱ ᱵᱮᱞᱮ ᱟᱨᱡᱟᱣ ᱵᱟᱹᱲᱛᱤᱜ ᱢᱟ"
Make the Best Way to Hawaii,हवई मरग क लए सबस छट रसत द,ᱩᱰᱟᱹᱱ ᱰᱟᱦᱟᱨ ᱞᱟᱹᱜᱤᱫ ᱦᱩᱰᱤᱧ ᱰᱟᱦᱟᱨ ᱮᱢ ᱢᱮ
He wasnt feeling sudden.,वह अचनक ठक महसस नह कर रह थ,ᱩᱱᱤ ᱟᱪᱠᱟ ᱜᱮ ᱵᱟᱭ ᱵᱮᱥ ᱮ ᱵᱩᱡᱷᱟᱹᱣ ᱮᱫᱟ
"In our daily life, these things are swept away, with the strength of unity.","हमर नतय जवन म भ य बत कस घल गय ह, जसम एकत क तकत ह","ᱟᱵᱚᱣᱟᱜ ᱫᱤᱱᱟᱹᱢ ᱡᱤᱭᱚᱱ ᱨᱮ ᱦᱚᱸ ᱱᱚᱶᱟ ᱠᱟᱛᱷᱟ ᱠᱚ ᱪᱮᱫ ᱞᱮᱠᱟᱛᱮ ᱢᱮᱥᱟ ᱟᱠᱟᱱᱟ, ᱡᱟᱦᱟᱸ ᱨᱮ ᱢᱤᱫᱚᱜ ᱨᱮᱭᱟᱜ ᱫᱟᱲᱮ ᱢᱮᱱᱟᱜᱼᱟ"
Is there any payment vaccine center where Covoxs advocates item is available for the 1517 years age class,कय कई भगतन टककरण कदर ह जह कववकस क समरथक खरक 1517 वरष आय वरग क लए उपलबध ह,᱑᱕ᱼ᱑᱗ ᱥᱮᱨᱢᱟ ᱩᱢᱮᱨᱟᱱ ᱠᱚ ᱞᱟᱹᱜᱤᱫ ᱠᱳᱵᱷᱳᱵᱷᱟᱠᱥ ᱨᱮᱭᱟᱜ ᱥᱯᱳᱨᱴ ᱰᱳᱡᱽ ᱧᱟᱢᱚᱜ ᱞᱮᱠᱟᱱ ᱡᱟᱦᱟᱱ ᱯᱮᱢᱮᱱᱴ ᱴᱤᱠᱟ ᱮᱢ ᱛᱟᱞᱢᱟ ᱢᱮᱱᱟᱜᱼᱟ ᱥᱮ?
Agriculture activity in the affected areas of Manuan should be extremely careful according to the weather.,मनसन क परभवत कषतर म कष गतवधय मसम क अनसर अतयत सवधन स करन चहए,ᱡᱟᱹᱯᱩᱫ ᱛᱮ ᱮᱥᱮᱨ ᱟᱠᱟᱱ ᱴᱚᱴᱷᱟ ᱠᱚᱨᱮ ᱪᱟᱥ ᱠᱟᱹᱢᱤᱦᱚᱨᱟ ᱫᱚ ᱦᱚᱭᱼᱦᱤᱥᱤᱫ ᱞᱮᱠᱟᱛᱮ ᱟᱹᱰᱤ ᱥᱚᱱᱛᱚᱨ ᱛᱮ ᱠᱚᱨᱟᱣ ᱞᱟᱹᱠᱛᱤ ᱠᱟᱱᱟ
"Its a serious problem for fields, so alternative order is required for transportation.",बरश क अनयमत हन खत क लए गभर समसय ह इसलए सचई क लए वकलपक वयवसथ जरर ह,"ᱫᱟᱜᱡᱟᱹᱲᱤ ᱵᱮᱼᱟᱹᱨᱤ ᱦᱩᱭᱩᱜ ᱫᱚ ᱵᱟᱹᱫ ᱞᱟᱹᱜᱤᱫ ᱟᱹᱰᱤ ᱢᱟᱨᱟᱝ ᱮᱴᱠᱮᱴᱚᱬᱮ ᱠᱟᱱᱟ, ᱚᱱᱟᱛᱮ ᱫᱟᱜᱡᱟᱹᱲᱤᱠᱚ ᱞᱟᱹᱜᱤᱫ ᱮᱴᱟᱜ ᱦᱚᱨᱟ ᱞᱟᱹᱠᱛᱤ ᱠᱟᱱᱟ"
Adding children to agricultural education and gardening activities in schools will contribute to their respect for nature and their interest in farming in the future.,बचच क सकल म कष स सबधत शकष और बगवन क गतवधय स जडन स उनम परकत क परत सममन और भवषय म खत क परत रच बढग,ᱜᱤᱫᱽᱨᱟᱹ ᱠᱚ ᱵᱤᱨᱫᱟᱹᱜᱟᱲ ᱨᱮ ᱵᱤᱨᱤᱫ ᱥᱟᱶᱛᱮ ᱥᱮᱞᱮᱫ ᱟᱠᱟᱱ ᱥᱮᱪᱮᱫ ᱟᱨ ᱵᱤᱨᱤᱫ ᱠᱟᱹᱢᱤ ᱠᱚ ᱥᱟᱶ ᱥᱮᱞᱮᱫ ᱞᱮᱱᱠᱷᱟᱱ ᱩᱱᱠᱩ ᱢᱩᱫᱨᱮ ᱵᱤᱨᱤᱫ ᱪᱮᱛᱟᱱ ᱢᱟᱹᱱ ᱟᱨ ᱛᱟᱭᱚᱢ ᱫᱟᱨᱟᱢ ᱨᱮ ᱵᱤᱨᱤᱫ ᱪᱮᱛᱟᱱ ᱮᱥᱮᱨ ᱰᱷᱮᱨᱚᱜᱼᱟ
The rural women use vegetables every day with small vegetables near the home.,गव क महलए घर क पस सबजय क छट कयर लगकर रजन तज सबजय उपयग करत ह,ᱟᱹᱛᱩ ᱨᱮᱱ ᱛᱤᱨᱞᱟᱹ ᱠᱚ ᱚᱲᱟᱜ ᱥᱩᱨ ᱨᱮ ᱦᱩᱰᱤᱧ ᱦᱩᱰᱤᱝ ᱯᱩᱨᱵᱷᱟᱹ ᱠᱚ ᱞᱟᱜᱟᱣ ᱠᱟᱛᱮ ᱫᱤᱱᱟᱹᱢ ᱦᱤᱞᱚᱜ ᱦᱮᱲᱮᱢ ᱯᱩᱨᱵᱷᱟᱹᱭ ᱠᱚ ᱵᱮᱣᱦᱟᱨᱟ
The women in the village are working at home with small vegetables and are selling extra vegetables.,गव क महलए घर क पस सबजय क छटस बगय लगकर परवर क जररत पर कर रह ह और अतरकत सबजय बचकर आय भ अरजत कर रह ह,ᱟᱹᱛᱩ ᱨᱮᱱ ᱛᱤᱨᱞᱟᱹ ᱠᱚ ᱚᱲᱟᱜ ᱥᱩᱨ ᱨᱮ ᱦᱩᱰᱤᱧ ᱦᱩᱰᱤᱝ ᱟᱲᱟᱜ ᱵᱟᱜᱟᱱ ᱛᱷᱟᱯᱚᱱ ᱠᱟᱛᱮ ᱜᱷᱟᱨᱚᱸᱡᱽ ᱨᱮᱱᱟᱜ ᱞᱟᱹᱠᱛᱤ ᱠᱚ ᱯᱩᱨᱟᱹᱣ ᱮᱫᱟ ᱟᱨ ᱵᱟᱹᱲᱛᱤ ᱟᱲᱟᱜ ᱟᱲᱟᱜ ᱟᱹᱠᱷᱨᱤᱧ ᱠᱟᱛᱮ ᱠᱟᱹᱣᱰᱤ ᱦᱚᱸ ᱠᱚ ᱟᱨᱡᱟᱣ ᱮᱫᱟ
Tell me tracking news this week,इस सपतह क टरडग खबर मझ बतओ,ᱱᱚᱣᱟ ᱦᱟᱯᱛᱟ ᱨᱮᱭᱟᱜ ᱴᱨᱮᱱᱰᱤᱝ ᱠᱷᱚᱵᱚᱨ ᱞᱟᱹᱭᱟᱹᱧ ᱢᱮ
"In Odeshas garden, amaranth is normally made of crabs, crabs, and cheese.","ओडश क पर म परपरक रप स शकहर वयजन जस आलभज, चटन और पठ बनए जत ह","ᱳᱲᱤᱥᱥᱟ ᱨᱮᱭᱟᱜ ᱯᱩᱨᱤᱨᱮ ᱥᱮᱨᱣᱟ ᱟᱱᱟᱜ ᱞᱮᱠᱟᱛᱮ ᱟᱞᱩᱼᱵᱷᱟᱹᱡᱤ, ᱪᱟᱴᱱᱤ ᱟᱨ ᱯᱤᱴᱷᱟ ᱞᱮᱠᱟᱱ ᱵᱤᱱᱼᱥᱤᱲᱤᱡ ᱡᱚᱢᱟᱜ ᱵᱮᱱᱟᱣ ᱦᱩᱭᱩᱜᱼᱟ"
Add a new email address and send an email message,नय ईमल पत जड और ईमल भज,ᱱᱟᱶᱟ ᱤᱢᱮᱞ ᱴᱷᱤᱠᱟᱹᱱᱟ ᱥᱮᱞᱮᱫ ᱢᱮ ᱟᱨ ᱤᱢᱮᱞ ᱵᱷᱮᱡᱟ ᱢᱮ
Im writing a letter.,म पतर लख रह ह,ᱤᱧ ᱪᱤᱴᱷᱤᱧ ᱚᱞ ᱮᱫᱟ
"Not only did they learn Canonium in three months but they also showed 92 numbers. You must be surprised to learn this, but its true.","उनहन, न सरफ तन महन म कननड भष सख, बलक, 92 व नमबर भ लकर क दखए आपक यह जनकर हरन ह रह हग, लकन य सच ह","ᱩᱱᱤ ᱫᱚ, ᱥᱩᱢᱩᱝ ᱯᱮ ᱪᱟᱸᱫᱳ ᱨᱮ ᱠᱟᱱᱱᱚᱲ ᱯᱟᱹᱨᱥᱤ ᱫᱚ ᱵᱟᱝ ᱮ ᱪᱮᱫ ᱞᱮᱱᱟ, ᱢᱮᱱᱠᱷᱟᱱ 92 ᱜᱚᱴᱟᱝ ᱱᱟᱢᱵᱟᱨ ᱦᱚᱸ ᱦᱟᱛᱟᱣ ᱠᱟᱛᱮ ᱩᱫᱩᱜ ᱥᱚᱫᱚᱨ ᱞᱮᱫᱟ ᱟᱢ ᱫᱚ ᱱᱚᱶᱟ ᱵᱟᱰᱟᱭ ᱠᱟᱛᱮ ᱟᱹᱰᱤ ᱱᱟᱯᱟᱭ ᱦᱩᱭ ᱫᱟᱲᱮᱭᱟᱜᱼᱟ, ᱢᱮᱱᱠᱷᱟᱱ ᱱᱚᱶᱟ ᱫᱚ ᱥᱟᱫᱷᱟᱨᱚᱱ ᱠᱟᱱᱟ"
Even he asked the ear to take his sons body to the funeral and then to fight with Henry.,भम न करण स उसक पतर क शरर क अतम ससकर क लए ल जन और उसक पशचत अरजन क सथ लडन क लए कह,ᱵᱷᱤᱢ ᱠᱚᱨᱱᱚ ᱫᱚ ᱟᱡᱨᱮᱱ ᱠᱚᱲᱟ ᱜᱤᱫᱽᱨᱟᱹᱣᱟᱜ ᱜᱚᱡ ᱦᱚᱲᱢᱚ ᱢᱩᱪᱟᱹᱫ ᱞᱟᱹᱜᱤᱫ ᱤᱫᱤ ᱠᱟᱛᱮ ᱟᱨ ᱚᱱᱟ ᱛᱟᱭᱚᱢ ᱚᱨᱡᱩᱱ ᱥᱟᱞᱟᱜ ᱞᱟᱹᱲᱦᱟᱹᱭ ᱞᱟᱹᱜᱤᱫ ᱮ ᱢᱮᱛᱟᱫᱮᱭᱟ
People who challenge this idea are always commendable.,इस सच क चनत दन वल वयकत हमश सरहनय हत ह,ᱱᱚᱣᱟ ᱦᱩᱫᱤᱥ ᱠᱚ ᱪᱩᱱᱚᱛᱤ ᱮᱢᱚᱜ ᱦᱚᱲ ᱫᱚ ᱡᱚᱛᱚ ᱚᱠᱛᱚ ᱜᱮ ᱥᱟᱨᱦᱟᱣ ᱟᱹᱱᱤᱡ ᱠᱟᱱᱟ ᱠᱚ
India How Big,भरत कतन बड ह,ᱵᱷᱟᱨᱚᱛ ᱛᱤᱱᱟᱹᱜ ᱢᱟᱨᱟᱝ ᱠᱟᱱᱟ?
The rain also comes from woods.,वरष भ वन स हत ह,ᱵᱤᱨ ᱠᱷᱚᱱ ᱦᱚᱸ ᱫᱟᱜᱡᱟᱹᱲᱤ ᱦᱩᱭᱩᱜᱼᱟ
This song is not so good,यह गत इतन अचछ नह ह,ᱱᱚᱣᱟ ᱥᱮᱨᱮᱧ ᱫᱚ ᱩᱱᱟᱹᱜ ᱱᱟᱯᱟᱭ ᱫᱚ ᱵᱟᱝ ᱠᱟᱱᱟ
The goat ran away.,बकर भगत ह,ᱢᱮᱨᱚᱢ ᱫᱟᱹᱲ ᱠᱮᱜᱼᱟᱭ
People from the Ginged community hold community dinner and dance in their traditional holidays.,गड समदय क लग अपन परपरक तयहर म समदयक भज और नतय क आयजन करत ह,ᱜᱳᱱᱰᱤ ᱜᱟᱛᱟᱠ ᱨᱮᱱ ᱦᱚᱲ ᱠᱚ ᱟᱠᱚᱣᱟᱜ ᱥᱮᱨᱣᱟ ᱟᱱᱟᱜ ᱯᱚᱨᱚᱵᱽ ᱠᱚᱨᱮ ᱜᱟᱛᱟᱠ ᱨᱮᱭᱟᱜ ᱵᱷᱳᱡᱽ ᱟᱨ ᱮᱱᱮᱡ ᱠᱚ ᱥᱟᱯᱲᱟᱣᱟ
"Praise you, all the feasts.","आपक, सभ परव क ढर सर शभकमनए","ᱟᱯᱮ ᱠᱚ, ᱥᱟᱱᱟᱢ ᱯᱟᱨᱟᱵ ᱠᱚ ᱞᱟᱹᱜᱤᱫ ᱟᱹᱰᱤ ᱟᱹᱰᱤ ᱥᱟᱨᱦᱟᱣ"
Its a beautiful day to read.,सहन रज पढन जत ह,ᱥᱩᱦᱟᱱᱤ ᱫᱤᱱᱟᱹᱢ ᱯᱟᱲᱦᱟᱣ ᱪᱟᱞᱟᱜᱼᱟᱭ
He was from the Communist party.,वह कमयनसट परट स थ,ᱩᱱᱤ ᱫᱚ ᱠᱚᱢᱤᱭᱩᱱᱤᱥᱴ ᱯᱟᱨᱴᱤ ᱨᱮᱱ ᱮ ᱛᱟᱦᱮᱸ ᱠᱟᱱᱟ
"When seeds are sown on time in the field, the growth of plants is similar to the growth and production remains balanced.","जब खत म समय पर बज बए जत ह, त पध क वदध समन हत ह और उतपदन सतलत रहत ह","ᱡᱚᱠᱷᱚᱱ ᱵᱟᱹᱫᱽ ᱨᱮ ᱡᱚᱛᱷᱟᱛ ᱞᱮᱠᱟᱛᱮ ᱡᱟᱝ ᱨᱚᱦᱚᱭ ᱦᱩᱭᱩᱜᱼᱟ, ᱛᱚᱠᱷᱚᱱ ᱫᱟᱨᱮ ᱠᱚ ᱨᱮᱭᱟᱜ ᱩᱛᱱᱟᱹᱣ ᱥᱚᱢᱟᱱ ᱦᱩᱭᱩᱜᱼᱟ ᱟᱨ ᱟᱨᱡᱟᱣ ᱥᱚᱢᱟᱱ ᱛᱟᱦᱮᱱᱟ"
Remove a list of old English songs,मर परन अगरज गन क सच क हट द,ᱤᱧᱟᱜ ᱢᱟᱨᱮ ᱤᱝᱨᱮᱡᱤ ᱥᱮᱨᱮᱧ ᱨᱮᱭᱟᱜ ᱛᱟᱹᱞᱤᱠᱟ ᱚᱪᱚᱜ ᱢᱮ
Now lets see how the governments of that time and how they build up the governments forwardness today.,अब य उस समय क सरकर क कलपन और आज य सरकर क कलपन दखए क कस बज बनत ह कस रड बनत ह,"ᱱᱤᱛᱚᱜ ᱱᱚᱣᱟ ᱫᱚ ᱩᱱ ᱚᱠᱛᱚ ᱨᱮᱱ ᱥᱚᱨᱠᱟᱨ ᱠᱚᱣᱟᱜ ᱩᱭᱦᱟᱹᱨ ᱟᱨ ᱛᱮᱦᱮᱧ ᱱᱚᱣᱟ ᱥᱚᱨᱠᱟᱨ ᱠᱚᱣᱟᱜ ᱩᱭᱦᱟᱹᱨ ᱧᱮᱞ ᱢᱮ ᱡᱮ ᱪᱮᱫ ᱞᱮᱠᱟ ᱵᱨᱤᱡᱽ ᱵᱮᱱᱟᱣ ᱦᱩᱭᱩᱜᱼᱟ, ᱪᱮᱫ ᱞᱮᱠᱟ ᱰᱟᱦᱟᱨ ᱵᱮᱱᱟᱣ ᱦᱩᱭᱩᱜᱼᱟ"
"In some good space, were going out, we have a natural environment, a clear environment, its very good, its very good, so the first word comes out of the mouth.","कस अचछ जगह पर हम चल जए, बढय परकतक वतवरण ह, सफसथर ह, बहत अचछ लगत ह त पहल शबद कय नकलत ह मह स","ᱢᱤᱫ ᱱᱟᱯᱟᱭ ᱴᱷᱟᱶ ᱨᱮ ᱪᱟᱞᱟᱣ ᱢᱮ, ᱱᱟᱯᱟᱭ ᱵᱤᱨᱤᱫ ᱛᱟᱦᱮᱸ ᱢᱮ, ᱱᱟᱯᱟᱭ, ᱟᱹᱰᱤ ᱱᱟᱯᱟᱭ, ᱟᱹᱰᱤ ᱱᱟᱯᱟᱭ ᱩᱭᱦᱟᱹᱨ ᱢᱮ, ᱚᱱᱟ ᱛᱟᱭᱚᱢ ᱯᱳᱭᱞᱳ ᱠᱟᱛᱷᱟ ᱫᱚ ᱢᱚᱪᱟ ᱠᱷᱚᱱ ᱪᱮᱫ ᱧᱟᱢᱚᱜᱼᱟ"
Ill eat only when I get the money.,पस उधर मलन पर ह आज खन बनग,ᱴᱟᱠᱟ ᱩᱫᱦᱟ.ᱨ ᱧᱟᱢ ᱞᱮᱱ ᱮᱱᱟᱜᱮ ᱛᱮᱦᱮᱧ ᱡᱚᱢᱟᱜ ᱵᱮᱱᱟᱣ ᱦᱩᱭᱩᱟ
"This year theres been a good crop of millet, which has provided enough pasture for animals.","इस सल बजर क पदवर अचछ हई ह, जसस पशओ क लए परयपत चर उपलबध ह गय ह","ᱱᱚᱣᱟ ᱥᱮᱨᱢᱟ ᱵᱟᱡᱨᱟ ᱨᱮᱭᱟᱜ ᱟᱨᱡᱟᱣ ᱵᱷᱟᱜᱮ ᱦᱩᱭ ᱟᱠᱟᱱᱟ, ᱡᱟᱦᱟᱛᱮ ᱡᱤᱭᱟᱹᱞᱤ ᱠᱚ ᱞᱟᱹᱜᱤᱫ ᱡᱚᱛᱷᱮᱥᱴᱚ ᱡᱚᱢᱟᱜ ᱧᱟᱢ ᱟᱠᱟᱱᱟ"
"Under the Federal Plane India Center, provide the advantage of the online residence management process and tracking support, the housing dreams are being fulfilled.","डजटल इडय क अतरगत, परधनमतर आवस यजन क लभरथय क ऑनलइन आवदन परकरय और टरकग क सवध परदन कर, आवस क सपन क पर कय ज रह ह","ᱰᱤᱡᱤᱴᱮᱞ ᱤᱱᱰᱤᱭᱟ ᱨᱮᱭᱟᱜ ᱟᱶᱛᱟ ᱨᱮ, ᱯᱨᱚᱫᱷᱟᱱᱢᱚᱱᱛᱨᱤ ᱳᱣᱟᱥ ᱡᱳᱜᱟᱡᱳᱜ ᱨᱮᱭᱟᱜ ᱥᱤᱜᱤᱞᱟᱱ ᱠᱚ ᱞᱟᱹᱜᱤᱫ ᱚᱱᱞᱟᱭᱤᱱ ᱟᱨᱡᱟᱹᱭ ᱨᱮᱭᱟᱜ ᱠᱟᱹᱢᱤ ᱦᱚᱨᱟ ᱟᱨ ᱴᱨᱟᱠᱤᱝ ᱨᱮᱭᱟᱜ ᱫᱟᱲᱮ ᱮᱢ ᱠᱟᱛᱮ, ᱚᱲᱟᱜ ᱨᱮᱭᱟᱜ ᱠᱩᱠᱢᱩ ᱫᱚ ᱢᱩᱪᱟᱹᱫᱚᱜ ᱠᱟᱱᱟ"
I want the kitchen to have a different color,म चहग क रसई घर म पसद एक अलग रग ह,ᱤᱧᱤᱧ ᱠᱷᱚᱡᱚᱜ ᱠᱟᱱᱟ ᱡᱮ ᱫᱟᱠᱟ ᱚᱲᱟᱜ ᱨᱮ ᱠᱩᱥᱤᱭᱟᱜ ᱢᱤᱫᱴᱟᱝ ᱵᱷᱮᱜᱟᱨ ᱨᱚᱝ ᱦᱩᱭᱩᱜᱼᱟ
"In our village theres a fraternal group for farmers, which helps to share equipment, seeds, and dung so that small farmers can benefit.","हमर गव म कसन क लए एक सहकर समह ह, ज उपकरण, बज और खद सझ करन म मदद करत ह तक छट कसन लभनवत ह","ᱟᱞᱮᱭᱟᱜ ᱟᱹᱛᱩ ᱨᱮ ᱪᱟᱹᱥᱤ ᱠᱚ ᱞᱟᱹᱜᱤᱫ ᱢᱤᱫᱴᱟᱝ ᱥᱚᱦᱚᱫ ᱜᱟᱶᱛᱟ ᱢᱮᱱᱟᱜᱼᱟ, ᱡᱟᱦᱟᱸ ᱫᱚ ᱡᱚᱱᱛᱚᱨ, ᱡᱟᱝ ᱟᱨ ᱥᱟᱨ ᱦᱟᱹᱴᱤᱧ ᱨᱮ ᱜᱚᱲᱚ ᱮᱢᱚᱜᱼᱟ ᱡᱟᱦᱟᱸᱛᱮ ᱦᱩᱰᱤᱧ ᱪᱟᱹᱥᱤ ᱠᱚᱣᱟᱜ ᱞᱟᱵᱷ ᱧᱟᱢᱚᱜᱼᱟ"
I want the Prime Minister G to cooperate to start the target bank program. I want to know how this currency bank can help farmers like us.,म परधनमतर ज क मदर बक करयकरम शर करन क लए बधई दन चहत ह म परधनमतर ज स जनन चहत ह क यह मदर बक हम जस उदयमय क कस तरह स मदद कर सकत ह,ᱤᱧ ᱢᱩᱫᱨᱟ ᱵᱮᱝᱠ ᱠᱟᱹᱢᱤ ᱦᱚᱨᱟ ᱮᱛᱚᱦᱚᱵ ᱞᱟᱹᱜᱤᱫ ᱢᱟᱨᱟᱝ ꯃꯟꯇ ꯔ ᱫᱚ ᱠᱟᱛᱷᱟ ᱮᱢ ᱞᱟᱹᱜᱤᱫ ᱠᱟᱱᱟ ᱤᱧ ᱢᱩᱲᱩᱫ ꯃꯟꯇ ꯔ ᱴᱷᱮᱱ ᱠᱷᱚᱱ ᱵᱟᱰᱟᱭ ᱞᱟᱹᱜᱤᱫ ᱠᱟᱱᱟ ᱡᱮ ᱱᱚᱶᱟ ᱢᱩᱫᱨᱟ ᱵᱮᱝᱠ ᱫᱚ ᱟᱢ ᱞᱮᱠᱟᱱ ᱵᱮᱯᱟᱨᱤᱭᱟᱹ ᱠᱚ ᱪᱮᱫ ᱞᱮᱠᱟᱛᱮ ᱜᱚᱲᱚ ᱫᱟᱲᱮᱹᱭᱟᱜᱼᱟ
"Neither could this army, nor the local governors, be able to enter the city because of the opposition imposed by other military forces.",न त यह सन और न ह अलउददन क परतय रजयपल दवर भज गए अतरकत सनयबल मगल दवर लगए गए अवरध क करण शहर म परवश कर सक,ᱢᱚᱝᱜᱳᱞ ᱠᱚᱣᱟᱜ ᱡᱟᱸᱜᱮ ᱫᱟᱨᱟᱢ ᱚᱡᱮᱛᱮ ᱱᱚᱣᱟ ᱥᱮᱱᱟᱯᱷᱟᱹᱫᱽ ᱵᱟᱝᱠᱷᱟᱱ ᱟᱞᱟᱣᱩᱫᱫᱤᱱ ᱨᱮᱱ ᱯᱨᱚᱫᱮᱥᱤᱭᱚ ᱯᱚᱱᱚᱛ ᱜᱚᱢᱠᱮ ᱠᱚ ᱦᱚᱛᱮᱛᱮ ᱵᱷᱮᱡᱟ ᱟᱠᱟᱱ ᱡᱟᱹᱥᱛᱤ ᱥᱮᱱᱟᱯᱷᱟᱹᱫ ᱥᱟᱦᱟᱨ ᱨᱮ ᱵᱚᱞᱚ ᱵᱟᱝ ᱠᱚ ᱫᱟᱲᱮᱭᱟᱜ ᱛᱟᱦᱮᱱᱟ
"Even after being president, he kept calling such groups in the presidents house with respect.",रषटरपत बनन क बद भ व रषटरपत भवन म ऐस समह क सममन क सथ बलत रह,ᱫᱤᱥᱚᱢ ᱜᱚᱢᱠᱮ ᱦᱩᱭ ᱛᱟᱭᱚᱢ ᱦᱚᱸ ᱩᱱᱤ ᱫᱚ ᱫᱤᱥᱚᱢ ᱜᱚᱢᱠᱮ ᱵᱷᱟᱵᱚᱱ ᱨᱮ ᱱᱚᱝᱠᱟᱱ ᱜᱟᱫᱮᱞ ᱠᱚ ᱢᱟᱹᱱ ᱥᱟᱞᱟᱜ ᱮ ᱦᱚᱦᱚ ᱟᱫ ᱠᱚᱣᱟ
They call him enter politics 121527.,व उस रजनत म परवश 192127 कहत ह,ᱩᱱᱤ ᱫᱚ ᱑᱙᱒᱑ᱼ᱒᱗ ᱥᱟᱞ ᱨᱮ ᱨᱟᱡᱽᱟᱹᱨᱤ ᱨᱮ ᱵᱚᱞᱚᱱ ᱮ ᱢᱮᱛᱟᱫᱮᱭᱟ
"In rural areas, farmers are served as farmers in the morning and in the morning in the fields, and the softness of plants is maintained until sunset.",गरमण कषतर म कसन जब सबहसबह खत म जकर सचई करत ह त पध क पततय तज रहत ह और सरयसत तक मटट क नम बन रहत ह,"ᱟᱹᱛᱩ ᱴᱚᱴᱷᱟ ᱨᱮᱱ ᱪᱟᱹᱥᱤ ᱠᱚ ᱡᱚᱠᱷᱚᱱ ᱥᱮᱛᱟᱜ ᱥᱮᱛᱟᱜ ᱨᱮ ᱵᱟᱹᱫᱽ ᱨᱮᱠᱚ ᱥᱮᱱᱚᱜᱼᱟ ᱟᱨ ᱫᱟᱜ ᱠᱚ ᱮᱢᱼᱟ, ᱛᱚᱠᱷᱚᱱ ᱫᱟᱨᱮ ᱨᱮᱭᱟᱜ ᱥᱟᱠᱟᱢ ᱫᱚ ᱛᱚᱦᱚᱡ ᱜᱮ ᱛᱟᱦᱮᱱᱟ ᱟᱨ ᱵᱮᱲᱟ ᱛᱟᱦᱮᱱ ᱫᱷᱟᱹᱵᱤᱡ ᱦᱟᱥᱟ ᱨᱮᱭᱟᱜ ᱚᱞᱟᱦᱮᱫ ᱛᱟᱦᱮᱸᱱᱟ"
Theyve been working on this professor for 16 years.,व इस Project पर बत 16 सल स कम कर रह ह,ᱩᱱᱤ ᱫᱚ ᱑᱖ ᱥᱮᱨᱢᱟ ᱠᱷᱚᱱ ᱱᱚᱣᱟ ᱦᱩᱫᱤᱥ ᱨᱮ ᱠᱟᱹᱢᱤ ᱠᱟᱱᱟᱭ
"Farmers have sown fields in the fields, and have preserved them in storehouses, to sell them at high prices at the proper time.",कसन खत म पयज और लहसन क खत कर उनह गदम म सरकषत रखत ह तक उचत समय पर ऊच दम पर बच सक,ᱪᱟᱹᱥᱤ ᱠᱚ ᱵᱟᱹᱫᱽ ᱨᱮ ᱯᱤᱭᱟᱡ ᱟᱨ ᱨᱚᱥᱱᱟ ᱪᱟᱥ ᱠᱟᱛᱮ ᱚᱱᱟ ᱠᱚ ᱜᱳᱰᱟᱣᱩᱱ ᱨᱮ ᱫᱚᱦᱚ ᱠᱟᱛᱮ ᱫᱚᱦᱚ ᱠᱟᱛᱮ ᱡᱚᱛᱷᱟᱛ ᱚᱠᱛᱚ ᱨᱮ ᱰᱷᱮᱨ ᱜᱚᱱᱚᱝ ᱛᱮ ᱠᱚ ᱟᱹᱠᱷᱨᱤᱧ ᱫᱟᱲᱮᱭᱟᱜᱼᱟ
The current marital journal is also starting with,वरतमन म ववहक पतरक क परचलन भ पररभ ह चक ह,ᱱᱟᱦᱟᱜ ᱨᱮ ᱵᱟᱯᱞᱟ ᱯᱚᱛᱛᱨᱤᱠᱟ ᱨᱮᱭᱟᱜ ᱪᱚᱞ ᱮᱦᱚᱵ ᱟᱠᱟᱱᱟ
"By completing this duty, we can experience satisfaction.",यह करतवय पर करक ह. हम सतष क अनभव कर सकत ह,ᱱᱚᱣᱟ ᱠᱟᱹᱢᱤ ᱯᱩᱨᱟᱹᱣ ᱠᱟᱛᱮ ᱜᱮ ᱟᱵᱚ ᱥᱟᱱᱛᱟᱲ ᱵᱚᱱ ᱵᱩᱡᱷᱟᱹᱣ ᱫᱟᱲᱮᱭᱟᱜᱼᱟ
Cultivating fruits and grain in the field with animal care makes sense to the farmers income and reduces the risk.,खत म पशपलन क सथसथ सबज और अनज क खत करन स कसन क आय म ववधत आत ह और जखम कम हत ह,ᱵᱟᱹᱫᱽ ᱨᱮ ᱡᱤᱭᱟᱹᱞᱤ ᱟᱹᱥᱩᱞ ᱥᱟᱶ ᱥᱟᱠᱟᱢ ᱟᱨ ᱟᱱᱟᱡᱽ ᱪᱟᱥ ᱠᱷᱟᱹᱛᱤᱨ ᱪᱟᱹᱥᱤ ᱠᱚᱣᱟᱜ ᱟᱨᱡᱟᱣ ᱨᱮ ᱵᱷᱮᱱᱮᱜᱟᱨ ᱟᱨ ᱡᱷᱩᱠᱤ ᱠᱚᱢᱚᱜᱼᱟ
They didnt want to continue their descent.,नह चहत थ रक उनक वश,ᱵᱟᱭ ᱪᱟᱦᱟᱶ ᱛᱟᱦᱮᱸᱫ ᱡᱟᱸᱜᱮᱜ ᱢᱟ ᱩᱱᱠᱩ ᱣᱟᱜ ᱵᱚᱝᱥᱚ
Im dreaming Im going to make two million women Lachre as wife to two million women.,मर सपन ह द करड महलओ क लखपत दद बनकर रहग द करड महलओ क,ᱤᱧᱟᱹᱜ ᱠᱩᱠᱢᱩ ᱫᱚ ᱦᱩᱭᱩᱜ ᱠᱟᱱᱟ ᱵᱟᱨ ᱠᱟᱹᱨᱩᱲ ᱛᱤᱨᱞᱟᱹ ᱠᱚ ᱞᱚᱠᱷᱯᱚᱛᱤ ᱫᱤᱫᱤ ᱵᱮᱱᱟᱣ ᱠᱟᱛᱮ ᱵᱟᱨ ᱠᱟᱹᱨᱩᱲ ᱛᱤᱨᱞᱟᱹ ᱠᱚ ᱛᱟᱦᱮᱸᱱ
Our village farmers are now using solar energy pumps to save power.,हमर गव क कसन अब बजल बचन क लए सर ऊरज पप क उपयग कर रह ह,ᱟᱞᱮ ᱟᱹᱛᱩ ᱨᱮᱱ ᱪᱟᱹᱥᱤ ᱠᱚ ᱱᱤᱛᱚᱜ ᱵᱤᱡᱽᱞᱤ ᱵᱟᱧᱪᱟᱣ ᱞᱟᱹᱜᱤᱫ ᱥᱳᱨᱡᱚ ᱫᱟᱲᱮ ᱯᱟᱢᱯ ᱠᱚ ᱵᱮᱣᱦᱟᱨ ᱮᱫᱟ
He belongs to the National National Group.,वह रषटरय लक समत परट स तललक रखत ह.,ᱩᱱᱤ ᱫᱚ ᱨᱟᱥᱴᱨᱤᱭᱚ ᱞᱳᱠ ᱥᱚᱢᱚᱛᱟ ᱯᱟᱨᱴᱤ ᱨᱮᱱ ᱠᱟᱱᱟᱭ
"As for Judah, and Ashur the Harrathite, they are family friends.",सदघरथ और रणबर कपर परवरक मतर ह,ᱥᱤᱫᱷᱟᱨᱛᱷ ᱟᱨ ᱨᱚᱬᱵᱤᱨ ᱠᱚᱯᱩᱨ ᱜᱷᱟᱨᱚᱸᱡᱤᱭᱟᱹ ᱨᱮᱱ ᱜᱟᱛᱮ ᱠᱟᱱᱟᱠᱤᱱ
"What when modern farming devices use, the effort seems to be short and the fields on more soil are possible.","कसन जब आधनक कष यतर क उपयग करत ह, त महनत कम लगत ह और अधक भम पर खत सभव हत ह","ᱪᱟᱹᱥᱤ ᱠᱚ ᱡᱚᱠᱷᱚᱱ ᱱᱟᱦᱟᱜ ᱪᱟᱥ ᱡᱚᱱᱛᱚᱨ ᱠᱚ ᱵᱮᱣᱦᱟᱨᱟ, ᱩᱱ ᱫᱚ ᱠᱚᱢ ᱠᱷᱟᱴᱟᱣ ᱦᱩᱭᱩᱜᱼᱟ ᱟᱨ ᱡᱟᱹᱥᱛᱤ ᱦᱟᱥᱟ ᱨᱮ ᱪᱟᱥ ᱦᱩᱭ ᱫᱟᱲᱮᱭᱟᱜᱼᱟ"
Show me todays date,मझ आज क तरख दखओ,ᱛᱮᱦᱮᱧᱟᱜ ᱢᱟᱹᱦᱤᱛ ᱩᱫᱩᱜᱟᱹᱧ ᱢᱮ
"Accordingly, a parallel description of the proposed changes in Indian punishments and judicial procedures has been determined by the Law law as well as by the laws code of reformation, as well as b.",तदनसर भरतय दड सहत और दड परकरय सहत म परसतवत परवरतन क दरशत हए एक तलनतमक ववरण तथ वध आयग दवर तचर कय गय पररप सशधन वधयक करमश उपबध क और ख करप म सलगन ह,"ᱚᱱᱟ ᱞᱮᱠᱟᱛᱮ, ᱵᱷᱟᱨᱚᱛ ᱨᱮᱭᱟᱜ ᱞᱟᱹᱞᱤᱥ ᱠᱳᱰ ᱟᱨ ᱞᱟᱹᱞᱤᱥ ᱠᱟᱹᱢᱤ ᱦᱚᱨᱟ ᱠᱳᱰ ᱨᱮ ᱠᱟᱛᱷᱟ ᱮᱢ ᱟᱠᱟᱱ ᱮᱴᱟᱜ ᱠᱚ ᱩᱫᱩᱜ ᱥᱚᱫᱚᱨ ᱠᱟᱛᱮ ᱢᱤᱫᱴᱟᱝ ᱛᱩᱞᱟᱹᱡᱚᱠᱷᱟ ᱨᱮᱭᱟᱜ ᱠᱟᱛᱷᱟ ᱟᱨ ᱞᱟᱹᱞᱤᱥ ᱛᱟᱞᱢᱟ ᱫᱟᱨᱟᱭ ᱛᱮ ᱵᱤᱰᱟᱹᱣ ᱟᱠᱟᱱ ᱛᱟᱹᱞᱤᱠᱟ ᱟᱨᱩᱯᱷᱮᱨᱟᱣ ᱵᱤᱞ ᱫᱚ ᱛᱟᱭᱚᱢ ᱫᱟᱨᱟᱢ ᱞᱮᱠᱟᱛᱮ ᱮ ᱟᱨ ᱵᱤ ᱞᱮᱠᱟᱛᱮ ᱥᱮᱞᱮᱫ ᱟᱠᱟᱱᱟ"
Please enter your MIPIN to complete your postage for mobile number 74615192,मबइल नबर 7461415192 क लए अपन टक पजकरण पर करन क लए कपय अपन MPIN दरज कर,ᱢᱳᱵᱟᱭᱤᱞ ᱱᱚᱢᱵᱚᱨ ᱗᱔᱖᱑᱔᱑᱕᱑᱙᱒ ᱞᱟᱹᱜᱤᱫ ᱟᱢᱟᱜ ᱵᱷᱮᱠᱥᱤᱱ ᱨᱮᱡᱤᱥᱴᱨᱮᱥᱚᱱ ᱯᱩᱨᱟᱹᱣ ᱞᱟᱹᱜᱤᱫ ᱫᱟᱭᱟᱠᱟᱛᱮ ᱟᱢᱟᱜ ᱮᱢ ᱯᱤ ᱮᱱ ᱮᱢ ᱢᱮ
The bat came to my dad.,दनश पतज क पस पहच,ᱫᱤᱱᱮᱥ ᱫᱚ ᱟᱯᱟᱛ ᱴᱷᱮᱱ ᱥᱮᱴᱮᱨ ᱮᱱᱟᱭ
"After a lot of testing, about two dozen Apps have been given to awar","कफ जचपरख क बद, अलगअलग category म, लगभग द दरजन Apps क award भ दए गय ह","ᱟᱹᱰᱤ ᱜᱟᱱ ᱵᱤᱰᱟᱹᱣ ᱛᱟᱭᱚᱢ, ᱟᱭᱢᱟ ᱦᱤᱸᱥ ᱨᱮ, ᱟᱭᱢᱟᱜᱟᱱ ᱵᱟᱨ ᱰᱚᱡᱚᱱ ᱮᱯᱥ ᱦᱚᱸ ᱥᱤᱨᱯᱟᱹ ᱮᱢ ᱦᱩᱭ ᱟᱠᱟᱱᱟ"
"Allah, me too.","अललह, म भ","ᱟᱞᱞᱟᱦᱚ, ᱤᱧ ᱦᱚᱸ"
Education and School,शकष एव वदयलय,ᱥᱮᱪᱮᱫ ᱟᱨ ᱥᱮᱪᱮᱫ ᱛᱟᱞᱢᱟ
"The film was released on July 19 2013, where it usually received positive reviews.",यह फलम 19 जलई 2013 क रलज हई थ जह इस आम तर पर सकरतमक समकष मल,ᱪᱚᱞᱚᱛ ᱪᱤᱛᱟᱹᱨ ᱫᱚ ᱒᱐᱑᱓ ᱥᱟᱞ ᱨᱮᱭᱟᱜ ᱑᱙ ᱡᱩᱞᱟᱭ ᱪᱷᱟᱹᱲ ᱮ ᱧᱟᱢ ᱞᱮᱫᱟ ᱡᱟᱦᱟᱸ ᱨᱮ ᱱᱚᱣᱟ ᱫᱚ ᱥᱟᱫᱷᱟᱨᱚᱱ ᱞᱮᱠᱟᱛᱮ ᱱᱟᱯᱟᱭ ᱜᱟᱞᱚᱪᱮ ᱧᱟᱢ ᱞᱮᱫᱟ
"Mr. Neido asked him to try jointly with governments, scientific community, agricultural science centers, and farmers to double their income by 2022.","शर नयड न 2022 तक कसन क आय दगन करन क महतवककष लकषय क परपत करनक लए सरकर, वजञनक समदय, कष वजञन कदर तथ कसन स सयकत परयस करन क कह","ᱥᱨᱤ ᱱᱟᱭᱰᱩ ᱫᱚ ᱥᱚᱨᱠᱟᱨ, ᱥᱟᱬᱮᱥᱤᱭᱟᱹ ᱜᱟᱫᱮᱞ, ᱠᱨᱤᱥᱤ ᱥᱟᱬᱮᱥ ᱛᱟᱞᱢᱟ ᱟᱨ ᱪᱟᱹᱥᱤ ᱠᱚ ᱒᱐᱒᱒ ᱥᱟᱹᱦᱤᱛ ᱢᱩᱫᱨᱮ ᱪᱟᱹᱥᱤ ᱠᱚᱣᱟᱜ ᱟᱭ ᱵᱟᱨ ᱜᱩᱱ ᱠᱚᱨᱟᱣ ᱨᱮᱭᱟᱜ ᱢᱟᱨᱟᱝ ᱠᱟᱛᱷᱟ ᱧᱟᱢ ᱞᱟᱹᱜᱤᱫ ᱢᱤᱫ ᱥᱟᱶᱛᱮ ᱠᱟᱹᱢᱤ ᱞᱟᱹᱜᱤᱫ ᱮ ᱢᱮᱱ ᱞᱮᱫᱟ"
The flowers rose as early as the sun.,सरज क नकलत ह फल खल उठ,ᱥᱤᱧ ᱪᱟᱸᱫᱚᱭ ᱨᱟᱠᱟᱵ ᱥᱟᱶᱛᱮ ᱵᱟᱦᱟ ᱦᱚᱸ ᱵᱩᱥᱟᱹᱲᱚᱜᱼᱟ
"It took them to see our tourist sites, especially the garbage in the mountains.","इसक idea उनह हमर परयटन सथल, वशषकर पहड इलक म फल कचर क दखकर क आय","ᱟᱵᱚᱣᱟᱜ ᱥᱟᱸᱜᱷᱟᱨ ᱴᱷᱟᱣ ᱠᱚ, ᱵᱤᱥᱮᱥ ᱠᱟᱭᱛᱮ ᱵᱩᱨᱩ ᱴᱚᱴᱷᱟ ᱨᱮ ᱯᱟᱥᱱᱟᱣ ᱟᱠᱟᱱ ᱚᱡᱨᱟ ᱠᱚ ᱧᱮᱞ ᱠᱟᱛᱮ ᱩᱱᱤ ᱱᱚᱣᱟ ᱨᱮᱭᱟᱜ ᱫᱷᱟᱨᱚᱱᱟᱭ ᱧᱟᱢ ᱠᱮᱫᱟ"
What happens when scientists consult and treat seeds is good and healthy.,"कसन जब वजञनक सलह लकर बज उपचर करत ह, त अकरण अचछ हत ह और फसल सवसथ बनत ह","ᱪᱟᱹᱥᱤ ᱠᱚ ᱡᱚᱠᱷᱚᱱ ᱥᱟᱬᱮᱥᱤᱭᱟᱹ ᱠᱚᱣᱟᱜ ᱯᱚᱨᱟᱢᱚᱥ ᱦᱟᱛᱟᱣ ᱠᱟᱛᱮ ᱤᱛᱟᱹ ᱨᱮᱭᱟᱜ ᱛᱤᱠᱤᱪᱪᱷᱟ ᱠᱚ ᱠᱚᱨᱟᱣᱼᱟ, ᱩᱱᱫᱚ ᱚᱝᱩᱨᱚᱱ ᱱᱟᱯᱟᱭ ᱦᱩᱭᱩᱜᱼᱟ ᱟᱨ ᱟᱨᱡᱟᱣ ᱫᱚ ᱱᱟᱯᱟᱭ ᱦᱩᱭᱩᱜᱼᱟ"
Farmers add water to their fields from the water drop and the river to give the plants sufficient moisture and lower the waste of water.,कसन अपन खत म टपक सचई और नहर स पन क सयजन करत ह तक पध क परयपत नम मल और जल क बरबद कम ह,ᱪᱟᱹᱥᱤ ᱠᱚ ᱟᱠᱚᱣᱟᱜ ᱵᱟᱹᱫ ᱨᱮ ᱴᱩᱰᱟᱹᱜ ᱫᱟᱜᱽ ᱟᱨ ᱠᱷᱟᱞ ᱨᱮᱭᱟᱜ ᱫᱟᱜᱽ ᱠᱚ ᱢᱮᱥᱟ ᱠᱟᱛᱮ ᱫᱟᱨᱮ ᱠᱚ ᱡᱚᱛᱷᱮᱥᱴᱚ ᱚᱞᱟᱦᱮᱫ ᱠᱚ ᱧᱟᱢᱟ ᱟᱨ ᱫᱟᱜᱽ ᱨᱮᱭᱟᱜ ᱵᱟᱹᱲᱤᱡ ᱠᱚᱢᱚᱜᱼᱟ
Start a new list for me,मर लए एक नई सच शर कर,ᱤᱧ ᱞᱟᱹᱜᱤᱫ ᱢᱤᱫᱴᱟᱝ ᱱᱟᱶᱟ ᱥᱩᱪᱤ ᱮᱛᱚᱦᱚᱵ ᱢᱮ
The average computer uses one or two days to process an app.,समनय कपयटर कस एक एपलकशन क परससग करन म एक य द दन लग दत ह,ᱥᱟᱫᱷᱟᱨᱚᱱ ᱞᱮᱠᱟᱛᱮ ᱠᱚᱢᱯᱤᱭᱩᱴᱟᱨ ᱨᱮ ᱡᱟᱦᱟᱱ ᱮᱯᱞᱤᱠᱮᱥᱚᱱ ᱨᱮᱱᱟᱜ ᱯᱨᱚᱥᱮᱥᱤᱝ ᱨᱮ ᱢᱤᱫ ᱵᱟᱨ ᱫᱤᱱ ᱚᱠᱛᱚ ᱞᱟᱜᱟᱜᱼᱟ
"Your activity and support are important in this process, lets all move together into a new direction.","आपक सकरयत और समरथन इस परकरय म महतवपरण ह आइए, हम सब मलकर एक नई दश म बढ",ᱱᱚᱶᱟ ᱠᱟᱹᱢᱤ ᱦᱚᱨᱟ ᱨᱮ ᱟᱢᱟᱜ ᱠᱟᱹᱢᱤ ᱫᱟᱲᱮ ᱟᱨ ᱜᱚᱲᱚ ᱟᱹᱰᱤ ᱢᱩᱲᱩᱫ ᱠᱟᱱᱟ ᱟᱭᱢᱟᱜᱟᱱ ᱥᱟᱱᱟᱢ ᱠᱚ ᱢᱤᱫ ᱥᱟᱶᱛᱮ ᱢᱤᱫᱴᱟᱝ ᱱᱟᱶᱟᱱ ᱰᱟᱦᱟᱨ ᱨᱮ ᱪᱟᱞᱟᱣᱚᱜᱼᱟ
Use OTP 4767 to obtain my COVID tests certificate for the phone number 7344896,फन नबर 7344870096 क लए मर COVID टककरण परमणपतर परपत करन क लए OTP 4767 क उपयग कर,ᱯᱷᱳᱱ ᱱᱚᱢᱵᱚᱨ ᱗᱓᱔᱔᱘᱗᱐᱐᱙᱖ ᱞᱟᱹᱜᱤᱫ ᱤᱧᱟᱹᱜ ᱠᱳᱵᱷᱤᱰ ᱴᱤᱠᱟᱠᱚᱨᱚᱱ ᱥᱟᱨᱴᱤᱯᱷᱤᱠᱮᱴ ᱧᱟᱢ ᱞᱟᱹᱜᱤᱫ ᱳᱴᱤᱯᱤ ᱔᱗᱖᱗ ᱵᱮᱣᱦᱟᱨ ᱢᱮ
The 19th century graduating students advised them to be empathetic about patients and to work to remove the superstitions prevalent in society regarding mental illness.,उनहन गरजएट छतर क नसहत द क व मरज क इलज करत समय हमदरद बरत और समज म मनसक बमर क सबध म फल अधवशवस क दर करन क लए करय कर,ᱩᱱᱤ ᱫᱚ ᱜᱨᱟᱡᱩᱭᱮᱴ ᱥᱮᱪᱮᱫᱤᱭᱟᱹ ᱠᱚ ᱨᱩᱜᱤ ᱠᱚᱣᱟᱜ ᱛᱤᱠᱤᱪᱪᱷᱟ ᱚᱠᱛᱚ ᱫᱟᱭᱟ ᱫᱚᱦᱚ ᱟᱨ ᱥᱟᱶᱛᱟ ᱨᱮ ᱢᱚᱱ ᱨᱮᱭᱟᱜ ᱜᱷᱟᱹᱞ ᱥᱟᱞᱟᱜ ᱯᱟᱥᱱᱟᱣ ᱟᱠᱟᱱ ᱞᱟᱹᱞᱤᱥ ᱠᱚ ᱢᱩᱪᱟᱹᱫ ᱞᱟᱹᱜᱤᱫ ᱠᱟᱹᱢᱤ ᱞᱟᱹᱜᱤᱫ ᱮ ᱠᱟᱛᱷᱟ ᱮᱢ ᱞᱮᱫᱟ
So their price doesnt matter.,इसलए इनक कमत पर कई फरक नह पडग .,ᱚᱱᱟᱛᱮ ᱩᱱᱠᱩᱣᱟᱜ ᱜᱚᱱᱚᱝ ᱨᱮ ᱪᱮᱫ ᱦᱚᱸ ᱯᱷᱟᱨᱟᱠ ᱵᱟᱝ ᱦᱩᱭᱩᱜᱼᱟ
In three years it has been easy to get conscopion permit in India.,तन वरष म भरत म construction permit लन आसन हआ ह,"ᱯᱮ ᱥᱮᱨᱢᱟ ᱨᱮ, ᱵᱷᱟᱨᱚᱛ ᱨᱮ ᱵᱮᱱᱟᱣ ᱨᱮᱭᱟᱜ ᱯᱚᱨᱤᱢᱟᱱ ᱧᱟᱢ ᱫᱚ ᱥᱟᱫᱷᱟᱨᱚᱱ ᱦᱩᱭ ᱟᱠᱟᱱᱟ"
"With a crop cycle in the fields, the soil is barren and farmers are able to make good production for a long time.",खत म फसल चकर अपनन स मटट क उरवरत बन रहत ह और कसन लब समय तक उतपदन सनशचत कर पत ह,ᱵᱟᱹᱫ ᱨᱮ ᱪᱟᱥᱵᱟᱥ ᱪᱚᱠᱨᱚ ᱦᱟᱛᱟᱣ ᱦᱚᱛᱮᱛᱮ ᱦᱟᱥᱟ ᱨᱮᱭᱟᱜ ᱠᱷᱚᱛᱟᱱ ᱛᱟᱦᱮᱱᱟ ᱟᱨ ᱪᱟᱹᱥᱤ ᱠᱚ ᱟᱹᱰᱤ ᱫᱤᱱ ᱟᱨᱡᱟᱣ ᱠᱚ ᱴᱷᱟᱹᱣᱠᱟᱹ ᱫᱟᱲᱮᱭᱟᱜᱼᱟ
What will be the result of the decision to Libana?,लबरहन क नरणय क परणम कय हग?,ᱞᱤᱵᱨᱟᱦᱟᱢ ᱟᱜ ᱯᱷᱳᱭᱥᱟᱞᱟ ᱨᱮᱭᱟᱜ ᱪᱮᱫ ᱚᱨᱡᱚ ᱦᱩᱭᱩᱜᱼᱟ?
Society doesnt give much more importance to these actions.,समज इन करय क अधक महततव नह दत,ᱤᱧ ᱫᱚ ᱩᱱᱠᱩ ᱴᱷᱮᱱ ᱠᱷᱚᱱ ᱢᱤᱫᱴᱟᱹᱝ ᱨᱳᱴᱤ ᱦᱟᱛᱟᱣᱮᱫ ᱛᱟᱦᱮᱸᱱ ᱟᱨ ᱤᱧ ᱴᱷᱮᱱ ᱠᱷᱚᱱ ᱦᱚᱸ ᱢᱤᱫᱴᱟᱹᱝ ᱨᱳᱴᱤ ᱤᱧ ᱦᱟᱛᱟᱣᱮᱫ ᱛᱟᱦᱮᱸᱱ
How Deep Is It?,कआ कतन गहर ह?,ᱠᱩᱧ ᱫᱚ ᱛᱤᱱᱟᱹᱜ ᱜᱟᱹᱦᱤᱨ ᱜᱮᱭᱟ ?
"The train, bus and air services, are available to reach.","यह तक पहचन क लए टरन , बस व हवई सवए उपलबध ह","ᱱᱚᱸᱰᱮ ᱥᱮᱴᱮᱨᱚᱜ ᱞᱟᱹᱜᱤᱫ ᱴᱨᱮᱱ , ᱵᱟᱥ ᱟᱨ ᱩᱰᱟᱹᱱ ᱰᱟᱹᱦᱤ ᱨᱮᱱᱟᱜ ᱥᱩᱵᱤᱫᱷᱟ ᱢᱮᱱᱟᱜᱼᱟ"
"In it, Gods brother and Gods newly converted man, Joseph, is disfellowshipped from the iron company",इसम वर और वर क रषत क भई क समज क ईषट दव सव भम क कढव अरपण कर लह क कल स आक जत ह,ᱱᱚᱶᱟ ᱨᱮ ᱡᱟᱶᱟᱭ ᱟᱨ ᱡᱟᱶᱟᱭ ᱨᱮᱱ ᱯᱮᱲᱟ ᱵᱚᱭᱦᱟ ᱫᱚ ᱥᱟᱶᱛᱟ ᱨᱮᱱ ᱤᱥᱛᱟ ᱫᱮᱵ ᱥᱮᱵᱟ ᱵᱷᱟᱢᱟᱭ ᱠᱚᱰᱷᱟᱣ ᱮᱢ ᱠᱟᱛᱮ ᱢᱮᱲᱦᱮᱫ ᱨᱮᱭᱟᱜ ᱛᱤ ᱛᱮ ᱵᱤᱪᱟᱹᱨ ᱦᱩᱭᱩᱜᱼᱟ
"There are a lot of people who dont even have the cheapest purchases to buy, whereas people on the other hand are busy buying expensive shopping in the malls.","ऐस बहत स लग ह, ज सबस ससत मलन वल समन भ खरद पन क सथत म नह ह, जबक दसर ओर लग मल म महग खरदर करन म वयसत रहत ह","ᱟᱹᱰᱤᱜᱟᱱ ᱦᱚᱲ ᱠᱚ ᱢᱮᱱᱟᱜ ᱠᱚᱣᱟ, ᱡᱟᱦᱟᱸᱭ ᱠᱚᱫᱚ ᱡᱚᱛᱚ ᱠᱷᱚᱱ ᱥᱟᱱᱛᱟᱲᱤ ᱡᱤᱱᱤᱥ ᱠᱚᱦᱚᱸ ᱵᱟᱠᱚ ᱫᱟᱲᱮᱭᱟᱜᱼᱟ, ᱚᱠᱚᱭ ᱫᱚ ᱢᱳᱞ ᱠᱚᱨᱮ ᱟᱹᱰᱤ ᱢᱟᱨᱟᱝ ᱡᱤᱱᱤᱥ ᱠᱚ ᱠᱚᱨᱟᱣ ᱨᱮ ᱟᱸᱡᱚᱢ ᱟᱠᱟᱜᱼᱟ"
"In 1996, H.S.A., as a full time minister of politics, came face to face in the first month of 2006 as an Indian leader, who organized a series of political contests in many political arenas.","वरष १९९६ म एक नसखए क हसयत स रजनत शर करन वल एच. ड. कमरसवम वरष २००६ क पहल महन म एक ऐस मज हए नत क रप म समन आए , जसन कई रजनतक अखड क कई कददर क चत कर दय","ᱮᱭᱤᱪᱹᱰᱤ ᱠᱩᱢᱟᱨᱥᱟᱢᱤ, ᱡᱟᱦᱟᱸᱭ ᱫᱚ ᱑᱙᱙᱖ ᱥᱟᱹᱦᱤᱛ ᱨᱮ ᱱᱟᱶᱟ ᱜᱤᱫᱽᱨᱟᱹ ᱞᱮᱠᱟᱛᱮ ᱨᱟᱡᱽᱟᱹᱨᱤ ᱮᱛᱚᱦᱚᱵ ᱞᱮᱫᱟᱭ, ᱒᱐᱐᱖ ᱥᱟᱹᱦᱤᱛ ᱨᱮᱭᱟᱜ ᱯᱳᱭᱞᱳ ᱪᱟᱸᱫᱚ ᱨᱮ ᱢᱤᱫ ᱱᱚᱝᱠᱟᱱ ᱜᱟᱹᱠᱷᱩᱲᱟᱱ ᱱᱮᱛᱟ ᱞᱮᱠᱟᱛᱮᱭ ᱥᱚᱫᱚᱨ ᱞᱮᱱᱟ, ᱡᱟᱦᱟᱸᱭ ᱫᱚ ᱟᱭᱢᱟ ᱨᱟᱡᱽᱟᱹᱨᱤ ᱴᱚᱴᱷᱟ ᱨᱮᱱ ᱟᱭᱢᱟ ᱢᱟᱹᱱᱢᱤ ᱠᱚᱭ ᱪᱤᱨᱜᱟᱹᱞ ᱞᱮᱫ ᱠᱚᱣᱟ"
Its also increased the income of these farmers.,इसस इन कसन क कमई भ बहत बढ गई ह,ᱱᱚᱶᱟ ᱛᱮ ᱱᱩᱠᱩ ᱪᱟᱹᱥᱤ ᱠᱚᱣᱟᱜ ᱟᱨᱡᱟᱣ ᱦᱚᱸ ᱟᱹᱰᱤ ᱰᱷᱮᱨ ᱟᱠᱟᱱᱟ
"The Court has also ordered the immediate counsel of Jodllll steel to bring about the enjoyment of joy, the director of the Watch Tower Publications Index, and the vice president of Mumbais Artificate Against Exploitation, 120 B.C.E.","अदलत न जदल सटल क ततकलन सलहकर आनद गयल, नहर सटकस लमटड क नदशक बएसएन सरयनरयण और मबई क एससर पवर लमटड क करयकर उपधयकष सशल कमर मर क खलफ धर 120 ब आपरधक षडयतर लगन क भ आदश दय ह","ᱟᱫᱟᱞᱚᱛ ᱫᱚ ᱡᱤᱱᱫᱟᱞ ᱥᱴᱤᱞ ᱨᱮᱱ ᱩᱱ ᱚᱠᱛᱚ ᱨᱮᱱ ᱫᱤᱥᱦᱩᱫᱤᱥᱤᱭᱟᱹ ᱟᱱᱚᱱᱫᱚ ᱜᱳᱭᱮᱞ, ᱱᱤᱦᱟᱨ ᱥᱴᱚᱠᱥ ᱞᱤᱢᱤᱴᱮᱰ ᱨᱮᱱ ᱰᱤᱨᱮᱠᱴᱚᱨ ᱵᱤ ᱮᱥ ᱮᱱ ᱥᱩᱨᱡᱚᱱᱟᱨᱟᱭᱚᱱ ᱟᱨ ᱢᱩᱢᱵᱟᱭ ᱨᱮᱭᱟᱜ ᱮᱥᱥᱟᱨ ᱯᱟᱣᱟᱨ ᱞᱤᱢᱤᱴᱤᱰ ᱨᱮᱱ ᱮᱠᱡᱤᱠᱤᱭᱩᱴᱤᱵᱷ ᱰᱮᱯᱩᱴᱤ ᱪᱮᱭᱟᱨᱢᱮᱱ ᱥᱩᱥᱤᱞ ᱠᱩᱢᱟᱨ ᱢᱟᱨᱩ ᱵᱤᱨᱩᱫᱷ ᱨᱮ ᱑᱒᱐ ᱵᱤ ᱠᱨᱤᱢᱤᱱᱟᱞ ᱥᱚᱝᱥᱛᱷᱟ ᱞᱟᱜᱟᱣ ᱨᱮᱭᱟᱜ ᱮ ᱦᱩᱠᱩᱢ ᱟᱠᱟᱫᱟ"
Try to think of what you want instead of making money.,पस कमन क बजय इस बर म सचन क कशश कर क आप कय चहत ह,ᱠᱟᱹᱣᱰᱤ ᱟᱨᱡᱟᱣ ᱵᱚᱫᱚᱞᱛᱮ ᱟᱢ ᱪᱮᱫ ᱮᱢ ᱠᱷᱚᱡᱚᱜ ᱠᱟᱱᱟ ᱚᱱᱟ ᱵᱟᱨᱮᱛᱮ ᱩᱭᱦᱟᱹᱨ ᱨᱮᱭᱟᱜ ᱨᱤᱠᱟᱹᱭ ᱢᱮ
How do you cookers vegetables?,तम मटर क सबज कस बनत ह,ᱟᱢ ᱢᱚᱴᱚᱨ ᱩᱛᱩ ᱪᱤᱠᱟᱹᱛᱮᱢ ᱵᱮᱱᱟᱣᱟ
Thank you for giving attention to you.,आपक धयन दन क लए धनयवद,ᱟᱢᱟᱜ ᱢᱚᱱᱮ ᱞᱟᱜᱟᱣ ᱞᱟᱹᱜᱤᱫ ᱟᱭᱢᱟ ᱥᱟᱨᱦᱟᱣ
Use your objects to see what you first bought and you want to order them again.,अपन वसतओ क उपयग उन चज क दखन क लए कर ज आपन पहल खरद ह और आप उनह फर स ऑरडर करन चहत ह,ᱟᱢᱟᱜ ᱡᱤᱱᱤᱥ ᱠᱚ ᱵᱮᱵᱷᱟᱨ ᱠᱟᱛᱮ ᱧᱮᱞᱢᱮ ᱡᱮ ᱟᱢ ᱞᱟᱦᱟᱨᱮ ᱪᱮᱫ ᱮᱢ ᱠᱤᱨᱤᱧ ᱟᱠᱟᱫᱟ ᱟᱨ ᱚᱱᱟᱠᱚ ᱫᱚᱲᱦᱟ ᱚᱰᱟᱨ ᱮᱢ ᱠᱷᱚᱡᱚᱜ ᱠᱟᱱᱟ
Will the World End When It Ends?,कय दनय खतम ह जएग जब,ᱪᱮᱫ ᱫᱷᱟᱹᱨᱛᱤ ᱢᱩᱪᱟᱹᱫᱚᱜᱼᱟ ᱡᱚᱠᱷᱚᱱ
"Im going to explain to the last two people who were reluctant to come, and Im going to explain to them.",पछल द लग ज आनकन कर रह थ उनह समझन क म अलग स लग,ᱛᱟᱭᱚᱢ ᱛᱮ ᱵᱟᱨ ᱦᱚᱲ ᱟᱵᱤ ᱠᱤᱱ ᱨᱚᱯᱚᱲᱚᱜ ᱠᱟᱱ ᱛᱟᱦᱮ ᱠᱟᱱᱟ ᱩᱱᱠᱤᱱ ᱵᱩᱡᱷᱟᱣ ᱞᱟᱜᱤᱫ ᱤᱧ ᱟᱞᱟᱜ ᱛᱮᱧ ᱦᱟᱛᱟᱣᱟ
Two times the flag meetings continued.,द बर क फलग मटगस बनतज रह,ᱵᱟᱨ ᱫᱷᱟᱣᱟᱜ ᱯᱷᱞᱮᱹᱜᱽ ᱢᱤᱴᱤᱝ ᱵᱮᱼᱚᱨᱡᱚᱭᱮᱱᱟ
The candles in the province of the north receive a clear view of the light of millions of stars and the stars of the Milky Way.,उततर परदश क बनरस म दपतसव म घट पर लख दय क रशन और गग आरत क दवय दशय दखन क मलत ह,ᱩᱛᱛᱚᱨ ᱯᱨᱚᱫᱮᱥ ᱨᱮᱭᱟᱜ ᱵᱮᱱᱟᱨᱚᱥ ᱨᱮ ᱫᱤᱯᱳ ᱯᱚᱨᱚᱵᱽ ᱨᱮ ᱜᱷᱟᱴ ᱨᱮ ᱞᱟᱠᱷ ᱞᱟᱠᱷ ᱢᱟᱨᱥᱟᱞ ᱟᱨ ᱜᱚᱝᱜᱟ ᱟᱨᱛᱤ ᱨᱮᱭᱟᱜ ᱵᱚᱸᱜᱟ ᱧᱮᱱᱮᱞᱚᱢ ᱧᱮᱞ ᱧᱟᱢᱚᱜᱼᱟ
A major class of Lazapa believes that Modi governments role in the contests was a heavy blow and a vote of Muslim protests.,भजप क एक बड वरग क मनन ह क गजरत क दग म मद सरकर क भमक क करण मसलमन म भर नरजग थ और उनहन भजप वरधय क जमकर वट डल .,"ᱵᱤᱡᱮᱯᱤ ᱨᱮᱱ ᱢᱤᱫ ᱢᱟᱨᱟᱝ ᱦᱤᱸᱥ ᱠᱚ ᱢᱚᱱᱮ ᱦᱩᱭᱩᱜ ᱠᱟᱱᱟ ᱡᱮ, ᱜᱩᱡᱨᱟᱴ ᱞᱟᱹᱲᱦᱟᱹᱭ ᱨᱮ ᱢᱳᱫᱤ ᱥᱚᱨᱠᱟᱨ ᱟᱜ ᱪᱩᱨᱤᱛ ᱠᱷᱟᱹᱛᱤᱨ ᱛᱮ ᱢᱩᱥᱞᱟᱹ ᱠᱚ ᱢᱩᱫᱨᱮ ᱟᱹᱰᱤ ᱜᱷᱟᱹᱞ ᱛᱟᱦᱮᱸ ᱠᱟᱱᱟ ᱟᱨ ᱩᱱᱠᱩ ᱫᱚ ᱵᱤᱡᱮᱯᱤ ᱵᱤᱨᱩᱫᱷᱤᱭᱟᱹ ᱠᱚ ᱪᱮᱛᱟᱱ ᱨᱮ ᱟᱹᱰᱤ ᱰᱷᱮᱨ ᱵᱳᱴ ᱠᱚ ᱮᱢ ᱞᱮᱫᱟ"
Amaranth and meat beta are made in the center of The City every year held in Odehash.,ओडश म परतयक वरष कटक म आयजत दशहर महतसव म शकहर और मसहर वयजन बनए जत ह,ᱳᱲᱤᱥᱥᱟ ᱨᱮ ᱡᱟᱣ ᱥᱮᱨᱢᱟ ᱠᱚᱴᱚᱠ ᱨᱮ ᱥᱟᱯᱲᱟᱣ ᱫᱚᱥᱮᱨᱟ ᱯᱚᱨᱚᱵᱽ ᱨᱮ ᱱᱤᱨᱟᱢᱤᱥᱤ ᱟᱨ ᱡᱤᱵᱟᱱᱩ ᱡᱚᱢᱟᱜ ᱵᱮᱱᱟᱣ ᱦᱩᱭᱩᱜᱼᱟ
"During Indias off movement, the participants were given in Altim Mumbai, and it led to the rise and independence of power in 1947.",भरत छड आदलन क दरन अगरज क अलटमटम मबई म दय गय थ और इसक परणत 1947 म सतत क हसततरण और सवततरत क रप म हआ,ᱵᱷᱟᱨᱚᱛ ᱵᱟᱹᱜᱤ ᱟᱸᱫᱳᱲ ᱚᱠᱛᱚ ᱵᱨᱤᱴᱤᱥ ᱠᱚ ᱢᱩᱢᱵᱟᱭ ᱨᱮ ᱢᱩᱪᱟᱹᱫ ᱠᱟᱛᱷᱟ ᱮᱢ ᱦᱩᱭ ᱞᱮᱱᱟ ᱟᱨ ᱑᱙᱔᱗ ᱥᱟᱹᱦᱤᱛ ᱨᱮ ᱫᱟᱲᱮ ᱩᱪᱟᱹᱲ ᱟᱨ ᱯᱷᱩᱨᱜᱟᱹᱞ ᱞᱮᱠᱟᱛᱮ ᱢᱩᱪᱟᱹᱫ ᱞᱮᱱᱟ
The result will come.,परणम ज आएग आएग,ᱚᱨᱡᱚ ᱡᱟᱦᱟᱸ ᱦᱤᱡᱩᱜᱼᱟ ᱦᱤᱡᱩᱜᱼᱟ
It is necessary for farmers to take care of the cost and quality while selling crowns in the village market.,गव क बजर म तज सबजय क बकर करत समय कमत और गणवतत क धयन रखन कसन क लए आवशयक हत ह,ᱟᱹᱛᱩ ᱵᱟᱡᱟᱨ ᱨᱮ ᱦᱮᱲᱮᱢ ᱩᱛᱩ ᱟᱲᱟᱜ ᱟᱹᱠᱷᱨᱤᱧ ᱚᱠᱛᱚ ᱪᱟᱹᱥᱤ ᱠᱚ ᱞᱟᱹᱜᱤᱫ ᱜᱚᱱᱚᱝ ᱟᱨ ᱜᱩᱱᱢᱟᱱ ᱨᱮᱭᱟᱜ ᱠᱟᱛᱷᱟ ᱩᱭᱦᱟᱹᱨ ᱫᱚᱦᱚ ᱞᱟᱹᱠᱛᱤ ᱠᱟᱱᱟ
We need to clean the farm immediately after the mama harvest.,धन क कटई क बद खत क तरत सफ करन जरर हत ह,ᱦᱩᱲᱩ ᱪᱟᱥ ᱛᱟᱭᱚᱢ ᱵᱟᱹᱫᱽ ᱞᱚᱜᱚᱱ ᱥᱟᱯᱷᱟ ᱞᱟᱹᱠᱛᱤ ᱠᱟᱱᱟ
She called me almost every day.,उसन लगभग रज मझ फन कय,ᱩᱱᱤ ᱤᱧ ᱫᱤᱱᱟᱹᱢ ᱜᱮ ᱯᱷᱳᱱ ᱠᱮᱫᱤᱧᱟ
"The elephant travel for nine days in Karnatakas Mandalay, the traditional solution song, and the sleek market.","करनटक क मसर म दशहर क न दन तक हथ शभ यतर, परपरक हललगत और सलक बजर सजत ह","ᱠᱚᱨᱱᱟᱴᱚᱠ ᱨᱮᱭᱟᱜ ᱢᱚᱦᱤᱥᱩᱨ ᱨᱮ ᱫᱚᱥᱮᱨᱟ ᱨᱮᱭᱟᱜ ᱟᱨᱮ ᱢᱟᱦᱟ ᱦᱟᱹᱵᱤᱡ ᱦᱟᱹᱛᱤ ᱥᱳᱵᱷᱟ ᱥᱟᱸᱜᱷᱟᱨ, ᱥᱮᱨᱣᱟ ᱟᱱᱟᱜ ᱦᱚᱞᱤᱜᱤᱛ ᱟᱨ ᱥᱤᱞᱠ ᱵᱟᱡᱟᱨ ᱥᱟᱡᱟᱣ ᱦᱩᱭᱩᱜᱼᱟ"
"The chief farming is made of rice, with diverse kinds grow into corn fields.","मखय खत चवल क क जत ह, जनक वभनन कसम वयपक रप स धन क खत म उगई जत ह","ᱢᱩᱬᱩᱫ ᱪᱟᱥ ᱦᱩᱭᱩᱜ ᱠᱟᱱᱟ ᱦᱩᱲᱩ, ᱡᱟᱦᱟᱸ ᱨᱮᱭᱟᱜ ᱟᱭᱢᱟ ᱞᱮᱠᱟᱱ ᱦᱩᱲᱩᱭ ᱵᱟᱹᱫᱽ ᱨᱮ ᱡᱟᱹᱥᱛᱤ ᱪᱟᱥ ᱦᱩᱭᱩᱜᱼᱟ"
I have a little garden in my house.,मर घर म छट बगच ह,ᱤᱧᱟᱜ ᱚᱲᱟᱜ ᱨᱮ ᱢᱤᱫ ᱦᱩᱰᱤᱧ ᱵᱟᱜᱟᱱ ᱢᱮᱱᱟᱜᱼᱟ
Can you build a list of all the vaccines where advocates doses are available?,कय आप उन सभ टककरण कदर क सच बन सकत ह जह समरथक खरक उपलबध ह?,ᱟᱢ ᱪᱮᱫ ᱥᱟᱱᱟᱢ ᱴᱤᱠᱟᱹ ᱛᱟᱞᱢᱟ ᱨᱮᱭᱟᱜ ᱢᱤᱫᱴᱟᱝ ᱛᱟᱹᱞᱤᱠᱟ ᱵᱮᱱᱟᱣ ᱫᱟᱲᱮᱭᱟᱜᱼᱟ ᱡᱟᱦᱟᱸ ᱨᱮ ᱥᱯᱳᱨᱴ ᱰᱳᱡᱽ ᱧᱟᱢᱚᱜᱼᱟ
The agricultural policy will only succeed if its profit reached to the last farmer Transparent and timed.,कष नत तभ सफल हग जब उसक लभ अतम कसन तक परदरश और समयबदध तरक स पहच,ᱪᱟᱥ ᱟᱹᱨᱤ ᱫᱚ ᱩᱱᱜᱮ ᱥᱤᱜᱤᱞᱚᱜᱼᱟ ᱡᱚᱠᱷᱚᱱ ᱚᱱᱟ ᱨᱮᱭᱟᱜ ᱥᱤᱜᱤᱞ ᱫᱚ ᱢᱩᱪᱟᱹᱫ ᱪᱟᱹᱥᱤ ᱴᱷᱮᱱ ᱯᱩᱥᱴᱟᱹᱣ ᱟᱨ ᱚᱠᱛᱚ ᱞᱮᱠᱟᱛᱮ ᱥᱮᱴᱮᱨᱚᱜᱼᱟ
"Come on, I dont feel bad about this.","चल जय, मझ इस बर म बर महसस नह करन","ᱫᱮᱞᱟ ᱡᱚᱭ, ᱤᱧ ᱱᱚᱣᱟ ᱵᱟᱨᱮᱛᱮ ᱵᱟᱹᱲᱤᱡ ᱵᱟᱹᱧ ᱟᱹᱭᱠᱟᱹᱣᱟ"
"This year, We have sown the harvest of both wheat and rice, and We have seen that in time the quality of harvest and proper care is getting better.","इस सल हमन गह और चवल दन क फसल बई ह, और हमन दख क समय पर सचई और उचत दखभल स फसल क गणवतत बहतर ह रह ह","ᱱᱚᱣᱟ ᱥᱮᱨᱢᱟ ᱟᱞᱮ ᱜᱩᱦᱩᱢ ᱟᱨ ᱦᱩᱲᱩ ᱵᱟᱱᱟᱨ ᱪᱟᱥ ᱞᱮ ᱨᱚᱦᱚᱭ ᱟᱠᱟᱫᱟ, ᱟᱨ ᱟᱞᱮ ᱧᱮᱞ ᱟᱠᱟᱫᱟ ᱡᱮ ᱚᱠᱛᱚ ᱨᱮ ᱫᱟᱜ ᱯᱟᱴᱟᱣ ᱟᱨ ᱡᱚᱛᱷᱟᱛ ᱡᱚᱛᱚᱱ ᱛᱮ ᱪᱟᱥ ᱨᱮᱭᱟᱜ ᱜᱩᱱᱢᱟᱱ ᱵᱟᱹᱲᱛᱤᱜ ᱠᱟᱱᱟ"
"Hey, how are you doing?",Hey! आप कस कर रह ह?,"ᱟᱨᱮ, ᱟᱢ ᱪᱮᱫ ᱞᱮᱠᱟᱢ ᱪᱮᱠᱟ ᱮᱫᱟ?"
"In addition, the original documents, which identify the Witness, are expected to be kept in a secure store.","इसक अतरकत, मल दसतवज, जनम सकष क पहचन अनतरवषट ह, क सरकषत अभरकष म रख जन अपकषत ह","ᱱᱚᱣᱟ ᱵᱮᱜᱚᱨ ᱦᱚᱸ, ᱥᱟᱹᱠᱷᱤᱭᱟᱜ ᱩᱯᱨᱩᱢ ᱥᱮᱞᱮᱫ ᱢᱩᱬᱩᱫ ᱱᱚᱛᱷᱤ ᱠᱚ ᱱᱤᱨᱟᱹᱭ ᱟᱴᱚᱠ ᱨᱮ ᱫᱚᱦᱚ ᱦᱩᱭᱩᱜᱼᱟ ᱢᱮᱱᱛᱮ ᱟᱥᱟ ᱦᱩᱭᱩᱜᱼᱟ"
The bubble keys must be celebrated with great joy for all you guys.,दपवल आप सब लग क लए खब हरषललस स मनय हग,ᱟᱯᱮ ᱥᱟᱱᱟᱢ ᱠᱚ ᱞᱟᱹᱜᱤᱫ ᱫᱤᱯᱟᱵᱚᱞᱤ ᱟᱹᱰᱤ ᱨᱟᱹᱥᱠᱟᱹ ᱥᱟᱞᱟᱜ ᱠᱚ ᱢᱟᱱᱟᱣᱟ
This 10 days exhibition was held on March 21st March 3022 in Katopas house.,इस 10 दवसय परदरशन क आयजन 21 मरच स 30 मरच 2022 क भपल क भपल हट म कय गय,᱒᱐᱒᱒ ᱥᱟᱞ ᱨᱮᱭᱟᱜ ᱒᱑ ᱢᱟᱨᱪ ᱠᱷᱚᱱ ᱓᱐ ᱢᱟᱨᱪ ᱫᱷᱟᱹᱵᱤᱡ ᱵᱷᱳᱯᱟᱞ ᱨᱮᱭᱟᱜ ᱵᱷᱳᱯᱟᱞ ᱦᱟᱴ ᱨᱮ ᱑᱐ ᱢᱟᱦᱟ ᱫᱷᱩᱨᱭᱟᱹ ᱱᱚᱣᱟ ᱩᱫᱩᱜ ᱥᱚᱫᱚᱨ ᱨᱮᱭᱟᱜ ᱥᱟᱯᱲᱟᱣ ᱦᱩᱭ ᱞᱮᱱᱟ
"Today, education is being achieved to a higher level because of being available in grams or nearly an inch of an inch.",वरतमन म गरम म य समपसथ गरम म शकषणक सवध उपलबध हन क करण उचच सतर तक शकष परपत कर रह ह,ᱱᱟᱦᱟᱜ ᱨᱮ ᱟᱛᱳ ᱥᱮ ᱥᱩᱨᱥᱩᱯᱩᱨ ᱟᱛᱳ ᱠᱚᱨᱮ ᱥᱮᱪᱮᱫ ᱨᱮᱭᱟᱜ ᱥᱩᱵᱤᱫᱷᱟ ᱧᱟᱢ ᱠᱷᱟᱹᱛᱤᱨ ᱞᱟᱯᱷᱟᱝ ᱫᱷᱟᱯ ᱫᱷᱟᱹᱵᱤᱡ ᱥᱮᱪᱮᱫ ᱠᱚ ᱦᱟᱛᱟᱣ ᱮᱫᱟ
I will also commend the families who respected the last desire of their close friends.,"म उन परवर क भ सरहन करग, जनहन, अपन करबय क आखर इचछ क सममन कय","ᱤᱧ ᱚᱱᱟ ᱜᱷᱟᱨᱚᱸᱡᱽ ᱠᱚ ᱦᱚᱸ ᱥᱟᱨᱦᱟᱣ ᱤᱧ ᱟᱴᱠᱟᱨ ᱮᱫᱟ, ᱡᱟᱦᱟᱸᱭ ᱠᱚ ᱟᱠᱚᱨᱮᱱ ᱥᱩᱨ ᱥᱩᱯᱩᱨ ᱦᱚᱲ ᱠᱚᱣᱟᱜ ᱢᱩᱪᱟᱹᱫ ᱤᱪᱪᱷᱟᱹ ᱠᱚ ᱢᱟᱹᱱ ᱠᱮᱫᱼᱟ"
"The brides vow is, yes, Ill keep whatever food you earn diligently, and Ill prepare it for your nourishment.","दलहन क परण ह, ह, आप महनत स ज भ भजन कमत ह, म उसक रकष करग, उस आपक पषण क लए तयर करग","ᱵᱟᱹᱦᱩᱣᱟᱜ ᱠᱤᱨᱭᱟᱹ ᱢᱮᱱᱟᱜᱼᱟ, ᱦᱚᱭ, ᱟᱢ ᱠᱷᱟᱴᱟᱣ ᱠᱟᱛᱮ ᱡᱟᱦᱟᱸ ᱡᱚᱢᱟᱜ ᱮᱢ ᱟᱨᱡᱟᱣᱼᱟ, ᱤᱧ ᱚᱱᱟᱧ ᱨᱩᱠᱷᱤᱭᱟᱹᱭᱟ, ᱟᱢᱟᱜ ᱡᱚᱢᱟᱜ ᱞᱟᱹᱜᱤᱫ ᱤᱧ ᱚᱱᱟᱧ ᱥᱟᱯᱲᱟᱣᱟ"
Rams brothers name was Alfred.,रम क भई क नम शयम थ,ᱨᱟᱢ ᱤᱡ ᱵᱚᱭᱦᱟ ᱟᱜ ᱧᱩᱛᱩᱢ ᱫᱚ ᱛᱟᱦᱮᱸ ᱠᱟᱱᱟ ᱥᱭᱟᱢ
The elephants big eye.,हथ बड जनवर ह,ᱦᱟᱹᱛᱤ ᱫᱚ ᱢᱟᱨᱟᱝ ᱡᱟᱱᱣᱟᱨ ᱠᱟᱱᱟᱭ
"The archaeologists study the remains, images, and images of buildings made of stone and brick.","परततववद पतथर और ईट स बन इमरत क अवशष, चतर तथ मरतय क अधययन करत ह","ᱢᱟᱨᱮᱭᱚᱨᱮᱡᱤᱠ ᱫᱷᱤᱨᱤ ᱟᱨ ᱤᱴᱟᱹ ᱛᱮ ᱵᱮᱱᱟᱣ ᱫᱚᱞᱟᱱ ᱢᱟᱨᱮ ᱥᱟᱨᱮᱡ, ᱪᱤᱛᱟᱹᱨ ᱟᱨ ᱢᱩᱨᱛᱤ ᱠᱚᱣᱟᱜ ᱠᱚ ᱯᱟᱲᱦᱟᱣᱟ"
"The director said, after considering the meeting of the contests and the passing parties, well decide the names of the prosecutors who will lead the government.","पटल न कह, वधयक क बठक और गजरत क परयवकषक क सथ परमरश करन क बद, हम कबनट मतरय क नम तय करग ज सरकर क नततव करग","ᱯᱮᱴᱮᱞ ᱮ ᱞᱟᱹᱭ ᱟᱠᱟᱫᱟ, ᱵᱤᱪᱟᱹᱨᱤᱭᱟᱹ ᱠᱚ ᱢᱤᱫ ᱥᱟᱶᱛᱮ ᱟᱨ ᱜᱩᱡᱨᱟᱴ ᱨᱮᱱ ᱧᱮᱞᱟᱱ ᱠᱚ ᱥᱟᱶ ᱠᱟᱛᱷᱟ ᱦᱟᱛᱟᱣ ᱛᱟᱭᱚᱢ, ᱟᱢ ᱫᱚ ᱥᱚᱨᱠᱟᱨ ᱨᱮᱱ ᱢᱩᱲᱩᱫ ᱠᱟᱵᱤᱱᱮᱴ ᱢᱚᱱᱛᱨᱤ ᱠᱚᱣᱟᱜ ᱧᱩᱛᱩᱢ ᱮ ᱜᱚᱴᱟᱼᱟ"
Farmers use dizziness and mechanical technology in their fields to save water and supply plants with adequate moisture.,कसन अपन खत म डरप इरगशन और सचई तकनक क उपयग करक पन क बचत करत ह और पध क परयपत नम दत ह,ᱪᱟᱹᱥᱤ ᱠᱚ ᱟᱠᱚᱣᱟᱜ ᱵᱟᱹᱫᱽ ᱨᱮ ᱰᱨᱤᱯ ᱥᱮᱪ ᱟᱨ ᱫᱟᱜ ᱯᱟᱴᱟᱣ ᱠᱟᱹᱭᱫᱩᱥ ᱵᱮᱣᱦᱟᱨ ᱠᱟᱛᱮ ᱫᱟᱜ ᱠᱚ ᱥᱟᱧᱪᱟᱣᱟ ᱟᱨ ᱫᱟᱨᱮ ᱠᱚ ᱞᱟᱹᱠᱛᱤᱭᱟᱱ ᱚᱞᱟᱦᱮᱫ ᱠᱚ ᱮᱢᱟ ᱠᱚᱣᱟ
She was dancing.,व नच रह थ,ᱩᱱᱤ ᱮᱱᱮᱡ ᱠᱟᱱ ᱛᱟᱸᱦᱮᱫ
"A balanced use of water, soil and energy is considered extremely necessary for lasting growth in the plant.","कष म सथय वकस क लए पन, मटट और ऊरज क सतलत उपयग अतयत आवशयक मन जत ह","ᱪᱟᱥ ᱨᱮ ᱛᱷᱟᱭᱤ ᱩᱛᱱᱟᱹᱣ ᱞᱟᱹᱜᱤᱫ ᱫᱟᱜ, ᱦᱟᱥᱟ ᱟᱨ ᱫᱟᱲᱮ ᱨᱮᱭᱟᱜ ᱥᱚᱢᱟᱱ ᱵᱮᱣᱦᱟᱨ ᱫᱚ ᱟᱹᱰᱤ ᱞᱟᱹᱠᱛᱤᱭᱟᱱ ᱢᱮᱱᱛᱮ ᱢᱚᱱᱮ ᱦᱩᱭᱩᱜᱼᱟ"
"When a powerful committee is formed in the village, every family sells milk and this system strengthens the rural economy.","जब गव म दगध सहकर समत बनत ह, त हर परवर दध बचकर आय अरजत करत ह और यह परणल गरमण अरथवयवसथ क मजबत दत ह","ᱡᱚᱠᱷᱚᱱ ᱟᱹᱛᱩ ᱨᱮ ᱛᱳᱣᱟ ᱥᱚᱦᱚᱫ ᱥᱚᱝᱚᱥᱛᱷᱟ ᱵᱮᱱᱟᱣᱚᱜᱼᱟ, ᱩᱱᱫᱚ ᱥᱟᱱᱟᱢ ᱜᱷᱟᱨᱚᱸᱡᱽ ᱛᱳᱣᱟᱭ ᱟᱹᱠᱷᱨᱤᱧ ᱠᱟᱛᱮ ᱨᱚᱡᱜᱟᱨ ᱠᱚ ᱟᱨᱡᱟᱣᱟ ᱟᱨ ᱱᱚᱶᱟ ᱵᱮᱵᱚᱥᱛᱟ ᱟᱛᱳ ᱨᱮᱭᱟᱜ ᱠᱟᱹᱣᱰᱤ ᱟᱹᱨᱤ ᱠᱚ ᱠᱮᱴᱮᱡᱼᱟ"
The folk of the queen used to shoot arrows and to fight with the sword.,मगल सन न बडबड तप स गल क झड लग द रन क सनक तरकमन और तलवर स लड रह थ,ᱢᱩᱜᱷᱚᱞ ᱯᱷᱟᱹᱫᱽ ᱠᱚ ᱢᱟᱨᱟᱝᱢᱟᱨᱟᱝ ᱛᱳᱯ ᱠᱚ ᱨᱮᱭᱟᱜ ᱜᱩᱞᱤ ᱠᱚ ᱟᱲᱟᱜ ᱠᱮᱫᱟ ᱨᱟᱱᱤ ᱨᱤᱱ ᱯᱷᱟᱹᱫᱽ ᱠᱚ ᱫᱚ ᱥᱟᱨᱠᱟᱢᱟᱱ ᱟᱨ ᱛᱟᱨᱣᱟᱲᱤ ᱛᱮᱠᱚ ᱞᱟᱹᱲᱦᱟᱹᱭ ᱮᱫ ᱛᱟᱦᱮᱫ
"Modi answered no matter how much they said, Soron will open the case. But these citizens gathered into the bank 15 million dollars.",मद न भल ह कह क जर बलस स अकउट खलग लकन इन नगरक न 15 स करड रपय बक म जम करवय,"ᱢᱳᱫᱤ ᱢᱮᱱ ᱟᱠᱟᱫᱟᱭ ᱡᱮ, ᱩᱱᱤ ᱫᱚ ᱡᱤᱨᱳ ᱵᱮᱞᱮᱱᱥ ᱛᱮ ᱮᱠᱟᱣᱩᱱᱴ ᱮᱦᱚᱵᱼᱟ, ᱢᱮᱱᱠᱷᱟᱱ ᱱᱚᱶᱟ ᱦᱚᱲ ᱠᱚ ᱫᱚ 15 ᱥᱟᱭ ᱠᱳᱨᱤ ᱠᱟᱹᱣᱰᱤ ᱢᱤᱫᱴᱟᱝ ᱵᱮᱝᱠ ᱨᱮ ᱫᱚᱦᱚ ᱟᱠᱟᱫᱟ"
"Yeah, teaches out of the village.","ह, गव क बहर सखत ह","ᱦᱚᱭ, ᱟᱹᱛᱩ ᱵᱟᱦᱨᱮ ᱨᱮ ᱯᱟᱲᱦᱟᱣᱮᱫ ᱠᱚᱣᱟᱭ"
For the farmer to sell wheat in Mandi and get cash.,कसन मड म गह बचकर नकद आय परपत करत ह,ᱪᱟᱹᱥᱤ ᱠᱚ ᱵᱟᱡᱟᱨ ᱨᱮ ᱜᱩᱦᱩᱢ ᱟᱹᱠᱷᱨᱤᱧ ᱠᱟᱛᱮ ᱠᱟᱹᱣᱰᱤ ᱠᱚ ᱟᱨᱡᱟᱣᱼᱟ
"This is also a good way to protect the environment, and well try together. Only the environment will grow stronger and the country will be built.",जह उनक उपयग हत रह यह भ परयवरण क रकष क एक अचछ रसत ह हम सब मलकर परयस करग तभ परयवरण भ मजबत हग और दश भ आग बढग,"ᱡᱟᱦᱟᱸ ᱨᱮ ᱱᱚᱶᱟ ᱠᱚ ᱵᱮᱣᱦᱟᱨ ᱦᱩᱭᱩᱜᱼᱟ ᱱᱚᱶᱟ ᱦᱚᱸ ᱦᱚᱭᱦᱟᱹᱞᱤᱥ ᱫᱚᱦᱚ ᱨᱮᱭᱟᱜ ᱢᱤᱫᱴᱟᱝ ᱱᱟᱯᱟᱭ ᱰᱟᱦᱟᱨ ᱠᱟᱱᱟ ᱟᱢ ᱥᱟᱱᱟᱢ ᱠᱚ ᱢᱤᱫ ᱥᱟᱶᱛᱮ ᱠᱟᱹᱢᱤ ᱦᱩᱭᱩᱜᱼᱟ, ᱩᱱᱫᱚ ᱦᱚᱭᱦᱟᱹᱞᱤᱥ ᱦᱚᱸ ᱫᱟᱲᱮᱹᱭᱟᱜᱼᱟ ᱟᱨ ᱫᱤᱥᱚᱢ ᱦᱚᱸ ᱮᱛᱚᱦᱚᱵᱚᱜᱼᱟ"
"And weve seen that theres something like this, so, then, other young people immediately remove their mobile phones and make videos and see how that video becomes, and becomes a video.","और हमन त दख ह,क, ऐस कई घटन हत ह, त, दसर नजवन तरत अपन mobile phone नकल करक उसक video बन दत ह और दखतहदखत व video,viral भ ह जत ह","ᱟᱨ ᱟᱵᱚ ᱧᱮᱞ ᱟᱠᱟᱫᱟ ᱡᱮ, ᱱᱚᱝᱠᱟᱱ ᱢᱤᱫᱴᱟᱹᱝ ᱜᱷᱚᱴᱚᱱ ᱜᱷᱚᱴᱟᱣ ᱟᱠᱟᱱᱟ, ᱮᱱᱠᱷᱟᱱ, ᱮᱴᱟᱜ ᱱᱟᱶᱟ ᱡᱩᱣᱟᱹᱱ ᱠᱚ ᱩᱥᱟᱹᱨᱟ ᱜᱮ ᱟᱠᱚᱣᱟᱜ ᱢᱚᱵᱟᱭᱤᱞ ᱯᱷᱳᱱ ᱠᱚ ᱚᱰᱚᱠ ᱠᱟᱛᱮ ᱚᱱᱟ ᱨᱮᱭᱟᱜ ᱵᱷᱤᱰᱤᱭᱳ ᱠᱚ ᱵᱮᱱᱟᱣ ᱮᱫᱟ ᱟᱨ ᱧᱮᱞ ᱠᱟᱛᱮ ᱚᱱᱟ ᱵᱷᱤᱰᱤᱭᱳ ᱵᱷᱟᱭᱨᱟᱞ ᱦᱚᱸ ᱦᱩᱭᱩᱜ ᱠᱟᱱᱟ"
Change your color,अपन रग बदलकर हर कर,ᱟᱢᱟᱜ ᱨᱚᱝ ᱦᱟᱹᱨᱭᱟᱹᱲ ᱛᱮ ᱵᱚᱫᱚᱞ ᱢᱮ
"The Tlves was a Tamil Hindu dynasty that existed from 275 eymi to 897 Eyci, who ruled over an important part of The Watchtower, also known as the Democratic Republic of the Congo.","पललव रजवश एक तमल हद रजवश थ ज 275 ईसव स 897 ईसव तक असततव म थ जसन दककन क एक महतवपरण हसस पर शसन कय, जस तडमडलम क नम स भ जन जत ह","ᱯᱚᱞᱞᱚᱵ ᱨᱟᱡᱽᱵᱚᱝᱥᱚ ᱛᱟᱦᱮᱸ ᱠᱟᱱᱟ ᱢᱤᱫᱴᱟᱝ ᱛᱟᱢᱤᱞ ᱦᱤᱱᱫᱩ ᱨᱟᱡᱽᱵᱚᱝᱥᱚ ᱡᱟᱦᱟᱸ ᱒᱗᱕ ᱠᱷᱨᱤᱥᱴᱟᱵᱽᱫᱚ ᱠᱷᱚᱱ ᱘᱙᱗ ᱠᱷᱨᱤᱥᱴᱟᱵᱽᱫᱚ ᱫᱷᱟᱹᱵᱤᱡ ᱛᱟᱦᱮᱸ ᱠᱟᱱᱟ, ᱡᱟᱦᱟᱸ ᱫᱚ ᱛᱳᱫᱟᱭᱢᱚᱱᱰᱚᱞᱚᱢ ᱧᱩᱛᱩᱢ ᱛᱮ ᱩᱯᱨᱩᱢ ᱫᱟᱠᱠᱷᱤᱱᱟᱛᱛᱚ ᱨᱮᱭᱟᱜ ᱢᱤᱫᱴᱟᱝ ᱞᱟᱹᱠᱛᱤᱭᱟᱱ ᱦᱤᱸᱥ ᱮ ᱥᱟᱥᱚᱱ ᱞᱮᱫᱟ"
After this agreement ICMPIM will be exposed in ESOITM and its unique JimMs.,इस समझत क बद आईसएमपओ क ईएसएसओआईआईटएम म सथपत कय जएग और इसक अदवतय जममदरय हग,"ᱱᱚᱶᱟ ᱠᱟᱛᱷᱟ ᱛᱟᱭᱚᱢ, ᱟᱭ ᱥᱤ ᱮᱢᱯᱤ ᱳ ᱫᱚ ᱮᱥᱳᱼ ᱟᱭ ᱟᱭᱴᱤ ᱮᱢ ᱨᱮ ᱛᱷᱟᱯᱚᱱ ᱦᱳᱭᱳᱜᱼᱟ ᱟᱨ ᱱᱚᱶᱟ ᱨᱮᱭᱟᱜ ᱮᱴᱟᱜ ᱠᱟᱹᱢᱤ ᱦᱳᱭᱳᱜᱼᱟ"
New plans are being made to improve the level of education in the Middle Land.,मधयपरदश म शकष क सतर क सधरन क लए नई यजनए बनई ज रह ह,ᱢᱚᱫᱷᱭᱚ ᱯᱨᱚᱫᱮᱥ ᱨᱮ ᱥᱮᱪᱮᱫ ᱨᱮᱭᱟᱜ ᱢᱟᱹᱱ ᱩᱛᱱᱟᱹᱣ ᱞᱟᱹᱜᱤᱫ ᱱᱟᱶᱟ ᱯᱚᱱᱛᱷᱟ ᱵᱮᱱᱟᱣ ᱦᱩᱭᱩᱜ ᱠᱟᱱᱟ
The information on agricultural plans is brought to every farmer in the village.,कष सबध यजनओ क जनकर गव क हर कसन तक पहचई जत ह,ᱪᱟᱥ ᱥᱟᱞᱟᱜ ᱡᱚᱲᱟᱣ ᱟᱠᱟᱱ ᱯᱚᱱᱛᱷᱟ ᱠᱚ ᱨᱮᱭᱟᱜ ᱰᱚᱜᱚᱨ ᱟᱹᱛᱩ ᱨᱮᱱ ᱡᱚᱛᱚ ᱪᱟᱹᱥᱤ ᱠᱚ ᱴᱷᱮᱱ ᱥᱮᱴᱮᱨ ᱦᱩᱭᱩᱜᱼᱟ
He just watch from his left eye.,वह सरफ अपन बई आख स दखत ह.,ᱩᱱᱤ ᱫᱚ ᱮᱠᱷᱮᱱ ᱞᱮᱸᱜᱟ ᱢᱮᱫ ᱛᱮᱜᱮᱭ ᱧᱮᱞ ᱮᱫᱟ
Special jobs and skills development programs are being carried out for the Indian youths.,आदवस यवओ क लए वशष रजगर यजनए और कशल वकस करयकरम चलए ज रह ह,ᱟᱹᱫᱤᱵᱟᱹᱥᱤ ᱡᱩᱣᱟᱹᱱ ᱠᱚ ᱞᱟᱹᱜᱤᱫ ᱵᱤᱥᱮᱥ ᱟᱨᱡᱟᱣ ᱠᱟᱹᱢᱤᱦᱚᱨᱟ ᱟᱨ ᱦᱩᱱᱟᱹᱨ ᱩᱛᱱᱟᱹᱣ ᱠᱟᱹᱢᱤᱦᱚᱨᱟ ᱪᱟᱹᱞᱩ ᱦᱩᱭᱩᱜ ᱠᱟᱱᱟ
"French Kila Luiss site was very close to the government park also known as the Malawi Park, which is now surrounded by the government office with the governors office.","फरसस कल लइस क सइट सरकर परक भरत परक क रप म भ जन जत ह क बहत करब थ, ज अब रजयपल क करयलय सहत सरकर दफतर स घर हआ ह","ᱯᱷᱚᱨᱟᱥᱤ ᱜᱟᱲ ᱞᱩᱭᱤᱥ ᱨᱮᱭᱟᱜ ᱴᱷᱟᱶ ᱫᱚ ᱥᱚᱨᱠᱟᱨᱤ ᱵᱟᱜᱣᱟᱱ ᱨᱮᱭᱟᱜ ᱡᱟᱦᱟᱸ ᱫᱚ ᱵᱷᱟᱨᱚᱛᱤᱭᱚ ᱵᱟᱜᱽᱣᱟᱱ ᱧᱩᱛᱩᱢ ᱛᱮᱦᱚᱸ ᱩᱯᱨᱩᱢᱚᱜᱼᱟ ᱟᱹᱰᱤ ᱥᱩᱨ ᱨᱮ ᱛᱟᱦᱮᱸ ᱠᱟᱱᱟ, ᱡᱟᱦᱟᱸ ᱫᱚ ᱱᱤᱛ ᱯᱚᱱᱚᱛ ᱜᱚᱢᱠᱮᱭᱟᱜ ᱟᱹᱯᱤᱥ ᱥᱟᱶ ᱥᱚᱨᱠᱟᱨᱤ ᱟᱹᱯᱤᱥ ᱫᱟᱨᱟᱭ ᱛᱮ ᱮᱥᱮᱫ ᱢᱮᱱᱟᱜᱼᱟ"
"Contrast plants allow plants, fins and loans, which can easily sow and improve their economic state.","गरमण कषतर म सहकर समतय बज, खद और ऋण क सवध उपलबध करत ह, जसस छट कसन भ आसन स खत कर पत ह और उनक आरथक सथत सधरत ह","ᱟᱛᱳ ᱴᱚᱴᱷᱟ ᱨᱮ ᱥᱚᱦᱚᱫ ᱥᱚᱝᱥᱛᱷᱟ ᱠᱚ ᱡᱟᱝ, ᱥᱟᱨ ᱟᱨ ᱨᱤᱱ ᱨᱮᱭᱟᱜ ᱥᱩᱵᱤᱫᱷᱟ ᱠᱚ ᱮᱢᱚᱜᱼᱟ, ᱡᱟᱦᱟᱸ ᱛᱮ ᱠᱟᱹᱴᱤᱡ ᱪᱟᱹᱥᱤ ᱠᱚ ᱦᱚᱸ ᱟᱞᱜᱟ ᱛᱮ ᱪᱟᱥ ᱠᱚ ᱠᱚᱨᱟᱣ ᱫᱟᱲᱮᱭᱟᱜᱼᱟ ᱟᱨ ᱩᱱᱠᱩᱭᱟᱜ ᱠᱟᱹᱣᱰᱤ ᱦᱟᱞᱚᱛ ᱠᱚ ᱱᱟᱯᱟᱭ ᱫᱟᱲᱮᱭᱟᱜᱼᱟ"
"Theres also a plan for several programs, contests, demonstrations.","आन वल समय म बहत सर करयकरम, परतयगतओ, परदरशनय क यजन भ बनई गई ह","ᱦᱤᱡᱩᱜ ᱠᱟᱱ ᱚᱠᱛᱚ ᱨᱮ ᱟᱭᱢᱟ ᱟᱠᱷᱲᱟ, ᱦᱮᱯᱨᱟᱣ, ᱩᱫᱩᱜ ᱥᱚᱫᱚᱨ ᱨᱮᱭᱟᱜ ᱦᱚᱸ ᱩᱭᱦᱟᱹᱨ ᱵᱷᱟᱵᱽᱱᱟ ᱦᱩᱭ ᱟᱠᱟᱱᱟ"
"Knowing that in Ramadan the prophet Gabriel used to read read from the Prophet Gabriels obliquity reading about 0 times in the age of the Koran, and that two times during the final phase of this Quran came to pass, and after this, there was no retardation in the Quran, but the rest of the Quran was completed as it was read in the Quran. So these were the verses of the Quran, which were not included in the Quran.","जद बन सबत रज0 क चन जन क वजह उलम वदवन न यह लख ह क हर सल रमजन म हजरत जबरल अलहससलम स नब सलल0 करन क दर पढ कर सनन कय करत थ और इतकल क सल म द बर करन क दर हआ और जद बन सबत रज0 इस अतम दर म शरक उपसथत थ और इस अतम दर क बद फर कई आयत मसख रदद नह हई जतन करन इस दर म पढ गय, वह सब बक रह अरथत यह पर करन थ अत उनक जद बन सबत रज0 उन आयत क जञन थ जनक तलवत मसख हई थ अरथत जनक पढन मन थ और य आयत करन म शमल नह थ शरह सनन","ᱡᱟᱭᱮᱫ ᱵᱤᱱ ᱥᱟᱵᱤᱫ ᱨᱟᱡᱤ ᱫᱚ ᱵᱟᱪᱷᱱᱟᱣ ᱨᱮᱭᱟᱜ ᱚᱡᱮ ᱫᱚ ᱦᱩᱭᱩᱜ ᱠᱟᱱᱟ ᱩᱞᱢᱟ ᱠᱚ ᱚᱞ ᱟᱠᱟᱫᱟ ᱡᱮ, ᱡᱟᱣ ᱥᱮᱨᱢᱟ ᱨᱚᱢᱡᱟᱱ ᱨᱮ ᱦᱚᱡᱨᱚᱛ ᱡᱤᱵᱨᱤᱞ ᱟᱞᱟᱭᱦᱤᱥᱞᱟᱢ ᱴᱷᱮᱱ ᱠᱷᱚᱱ ᱱᱚᱵᱤ ᱥᱚᱞᱞᱟᱦ ᱠᱩᱨᱟᱱ ᱮ ᱯᱟᱲᱦᱟᱣ ᱞᱮᱫᱟ ᱟᱨ ᱱᱮᱛᱟᱨ ᱥᱮᱨᱢᱟ ᱨᱮ ᱵᱟᱨ ᱫᱷᱟᱣ ᱠᱩᱨᱟᱱ ᱮ ᱯᱟᱲᱦᱟᱣ ᱞᱮᱫᱟ ᱟᱨ ᱡᱟᱭᱮᱫ ᱵᱤᱱ ᱥᱟᱵᱤᱫ ᱨᱟᱡᱤ ᱱᱚᱶᱟ ᱢᱩᱪᱟᱹᱫ ᱥᱟᱸᱜᱷᱟᱨ ᱨᱮ ᱥᱮᱞᱮᱫ ᱞᱮᱱᱟᱭ ᱟᱨ ᱱᱚᱶᱟ ᱢᱩᱪᱟᱹᱫ ᱥᱟᱸᱜᱷᱟᱨ ᱛᱟᱭᱚᱢ ᱡᱟᱦᱟᱸ ᱛᱤᱱᱟᱹᱜ ᱠᱩᱨᱟᱱ ᱠᱚ ᱯᱟᱲᱦᱟᱣ ᱞᱮᱫᱟ ᱩᱱᱟᱹᱜ ᱟᱭᱚᱛ ᱠᱚ ᱵᱟᱝ ᱠᱚ ᱵᱟᱛᱤᱞ ᱞᱮᱫᱟ, ᱚᱱᱟ ᱜᱮ ᱢᱩᱪᱟᱹᱫ ᱛᱟᱦᱮᱸ ᱠᱟᱱᱟ, ᱡᱟᱦᱟᱸ ᱫᱚ ᱥᱟᱱᱟᱢ ᱠᱩᱨᱟᱱ ᱠᱟᱱᱟ, ᱚᱱᱟᱛᱮ ᱩᱱᱤ ᱡᱟᱭᱮᱫ ᱵᱤᱱ ᱥᱟᱵᱤᱫ ᱨᱟᱡᱤ ᱚᱱᱟ ᱟᱭᱚᱛ ᱠᱚ ᱨᱮᱭᱟᱜ ᱵᱟᱰᱟᱭ ᱛᱟᱦᱮᱸ ᱠᱟᱱᱟ ᱡᱟᱦᱟᱸ ᱨᱮᱭᱟᱜ ᱴᱤᱞᱟᱣᱚᱛ ᱠᱚ ᱯᱟᱲᱦᱟᱣ ᱞᱮᱫᱟ, ᱡᱟᱦᱟᱸ ᱫᱚ ᱯᱟᱲᱦᱟᱣ ᱵᱟᱝ ᱛᱟᱦᱮᱸ ᱠᱟᱱᱟ ᱟᱨ ᱱᱚᱶᱟ ᱟᱭᱚᱛ ᱠᱚ ᱠᱩᱨᱟᱱ ᱨᱮ ᱥᱮᱞᱮᱫ ᱵᱟᱝ ᱛᱟᱦᱮᱸ ᱠᱟᱱᱟ"
How we connect with nature.,हम कस परकर स परकत क सथ जड,ᱟᱵᱚ ᱪᱮᱫ ᱞᱮᱠᱟᱛᱮ ᱥᱤᱨᱡᱚᱱ ᱥᱟᱞᱟᱜ ᱵᱚᱱ ᱥᱮᱞᱮᱫᱚᱜᱼᱟ
"This time the team of agricultural departments visited the village and informed farmers about the advanced seeds, so that they could produce more fruit.","इस बर कष वभग क टम न गव क दर कय और कसन क उननत कसम क बज क बर म जनकर द, जसस उनह अधक उपज मल सकत ह","ᱱᱤᱭᱟᱹ ᱫᱷᱟᱣ ᱪᱟᱥ ᱛᱷᱚᱱᱚᱛ ᱨᱮᱱ ᱫᱚᱞ ᱟᱹᱛᱩ ᱠᱚ ᱧᱮᱞ ᱠᱮᱫᱟ ᱟᱨ ᱪᱟᱹᱥᱤ ᱠᱚ ᱩᱛᱱᱟᱹᱣ ᱞᱮᱠᱟᱱ ᱤᱛᱟᱹ ᱵᱟᱵᱚᱛ ᱛᱮ ᱵᱟᱰᱟᱭ ᱦᱚᱪᱚ ᱠᱮᱫᱟ, ᱡᱟᱦᱟᱸ ᱛᱮ ᱩᱱᱠᱩ ᱟᱨᱦᱚᱸ ᱟᱨᱡᱟᱣ ᱠᱚ ᱧᱟᱢ ᱫᱟᱲᱮᱭᱟᱜᱼᱟ"
"At 8 oclock in the night, they broadcast the local language, even if the volume is different, but the thoughts are mine.","रत 8 बज उनक कषतरय भष म परसरत करत ह आवज भल ह अलग ह, लकन वचर मर ह हत ह","ᱥᱤᱸᱜᱟᱹᱲ ᱘ ᱴᱟᱲᱟᱝ ᱨᱮ ᱟᱠᱚᱣᱟᱜ ᱴᱚᱴᱷᱟᱠᱤᱭᱟᱹ ᱯᱟᱹᱨᱥᱤ ᱛᱮ ᱯᱟᱥᱱᱟᱣ ᱦᱩᱭᱩᱜᱼᱟ ᱟᱲᱟᱝ ᱫᱚ ᱵᱷᱮᱜᱟᱨ ᱜᱮ ᱦᱩᱭ ᱫᱟᱲᱮᱭᱟᱜᱼᱟ, ᱢᱮᱱᱠᱷᱟᱱ ᱩᱭᱦᱟᱹᱨ ᱫᱚ ᱤᱧᱟᱜ ᱜᱮ ᱠᱟᱱᱟ"
"If he has unlimited abilities, energy is energy, determination. If the government is more closely associated with society, the potential for change is greater.","जसक पस अपर कषमतए ह, ऊरज ह, सकलप शकत ह अगर सरकर समज स बहतर तरक स जड हग, त बदलव क लए catalytic agent बनन क सभवन अधक हत ह","ᱡᱟᱦᱟᱸᱭ ᱴᱷᱮᱱ ᱟᱹᱰᱤ ᱜᱟᱱ ᱫᱟᱲᱮ ᱢᱮᱱᱟᱜᱼᱟ, ᱫᱟᱲᱮ ᱢᱮᱱᱟᱜᱼᱟ, ᱠᱟᱛᱷᱟ ᱮᱢ ᱨᱮᱭᱟᱜ ᱫᱟᱲᱮ ᱢᱮᱱᱟᱜᱼᱟ ᱡᱩᱫᱤ ᱥᱚᱨᱠᱟᱨ ꯈꯟꯅꯏ ᱥᱟᱶ ᱟᱹᱰᱤ ᱱᱟᱯᱟᱭ ᱛᱮ ᱥᱮᱞᱮᱫᱚᱜᱼᱟ, ᱩᱱᱫᱚ ᱛᱟᱭᱚᱢᱛᱮ ᱞᱟᱹᱜᱤᱫ ᱮᱥᱮᱨᱟᱱ ᱮᱡᱮᱱᱴ ᱵᱮᱱᱟᱣ ᱨᱮᱭᱟᱜ ᱫᱟᱲᱮ ᱰᱷᱮᱨᱚᱜᱼᱟ"
In the state place of Rajasthan is traditionally DCubiCream and Gotte.,रजसथन म परपरक रप स दलबटचurma और गटट क सबज खस ह,ᱨᱟᱡᱚᱥᱛᱷᱟᱱ ᱨᱮ ᱥᱮᱨᱣᱟ ᱟᱱᱟᱜ ᱞᱮᱠᱟᱛᱮ ᱫᱟᱹᱞᱼᱵᱟᱴᱤᱼᱪᱩᱨᱢᱟ ᱟᱨ ᱜᱟᱴᱴᱮ ᱨᱮᱭᱟᱜ ᱟᱲᱟᱜ ᱥᱟᱠᱟᱢ ᱫᱚ ᱢᱩᱲᱩᱫ ᱠᱟᱱᱟ
"This time, from Colombia, NASA has done much to reduce the danger.","कलबय हदस स सबक लत हए इस बर नस न अतरकष यन म सरकष क और उपय कए ह , तक खतर क कम स कम कय ज सक","ᱠᱚᱞᱚᱢᱵᱤᱭᱟ ᱨᱮᱱᱟᱜ ᱜᱷᱚᱴᱚᱱ ᱠᱷᱚᱱ ᱥᱮᱪᱮᱫ ᱦᱟᱛᱟᱣ ᱠᱟᱛᱮ, ᱱᱤᱭᱟᱹ ᱫᱷᱟᱣ ᱱᱟᱥᱟ ᱫᱚ ᱥᱯᱮᱥ ᱠᱨᱟᱯᱷᱴ ᱨᱮ ᱟᱨ ᱦᱚᱸ ᱱᱟᱯᱟᱭ ᱵᱚᱱᱫᱮᱡ ᱠᱚ ᱦᱟᱛᱟᱣ ᱟᱠᱟᱫᱟ, ᱡᱟᱦᱟᱸ ᱛᱮ ᱮᱴᱠᱮᱴᱚᱬᱮ ᱠᱚᱢ ᱜᱟᱱᱚᱜᱼᱟ"
Which facility is it?,कनस सवध ह?,ᱪᱮᱫ ᱥᱩᱵᱤᱫᱷᱟ ᱢᱮᱱᱟᱜᱼᱟ ?
"Its okay. Mbbu, one day I got a cop in the railway station, so I started to complain.","अचछ ठक ह.... बड बब, एक दन मझ रलव सटशन क सपह मल त शकयत करन लग कह रह थ क उस दन क मजदर तमन मझ कम ह द",ᱟᱪᱷᱟ ᱴᱷᱤᱠ ᱜᱮᱭᱟ .... ᱵᱟᱲᱟ ᱵᱟᱵᱩ ᱢᱤᱫ ᱥᱤᱱ ᱤᱧ ᱨᱮᱞᱣᱮ ᱮᱥᱴᱮᱥᱟᱱ ᱨᱮᱱ ᱥᱤᱯᱟᱦᱤ ᱥᱟᱶ ᱤᱧ ᱧᱟᱯᱟᱢ ᱞᱮᱱᱟ ᱩᱱᱨᱮ ᱟᱵᱤ ᱨᱟᱜᱤᱜ ᱠᱟᱱ ᱛᱟᱦᱮ ᱠᱟᱱᱟ ᱢᱮᱱᱮᱫ ᱛᱟᱦᱮ ᱠᱟᱱᱟᱭ ᱤᱱᱟ ᱦᱤᱞᱚᱜ ᱠᱟᱢᱤ ᱨᱮᱱᱟᱜ ᱠᱩᱲᱟᱭ ᱤᱧ ᱟᱢ ᱵᱟᱝᱮᱢ ᱮᱢ ᱦᱟᱠᱟᱫ ᱫᱤᱧᱟ
It is only natural to send helper,सरफ अनश क ह हलप भजन ह,ᱥᱩᱢᱩᱝ ᱚᱱᱤᱥᱟ ᱜᱮ ᱜᱚᱲᱚ ᱵᱷᱮᱡᱟ ᱦᱩᱭᱩᱜ ᱛᱟᱭᱟ
"Oh, this isnt good?","ओह, यह अचछ नह ह? आप तन एक सथ चलल lingerie पर परयस कर रह ह.","ᱟᱨᱮ, ᱱᱚᱶᱟ ᱫᱚ ᱱᱟᱯᱟᱭ ᱵᱟᱝ ᱠᱟᱱᱟ? ᱟᱢ ᱯᱮ ᱦᱚᱲ ᱢᱤᱫ ᱥᱟᱶᱛᱮ ᱪᱩᱞᱮ ᱞᱤᱱᱡᱤᱨᱤ ᱞᱟᱹᱜᱤᱫ ᱮ ᱪᱮᱥᱴᱟ ᱟᱠᱟᱫᱟ"
He was born in Andra in the region.,उनक जनम आधर परदश म हआ थ,ᱩᱱᱤᱭᱟᱜ ᱡᱚᱱᱢᱚ ᱫᱚ ᱟᱱᱫᱷᱨᱟ ᱯᱚᱨᱫᱮᱥ ᱨᱮ ᱦᱩᱭ ᱞᱮᱱᱟ
"What when harvest cycles and biological techniques use, the land is long fertile and the fields are beneficial.","कसन जब फसल चकर और जवक तकनक अपनत ह, त भम लब समय तक उपजऊ रहत ह और खत लभकर हत ह","ᱪᱟᱹᱥᱤ ᱠᱚ ᱡᱚᱠᱷᱚᱱ ᱪᱟᱥ ᱪᱚᱠᱨᱚ ᱟᱨ ᱡᱳᱭᱵᱚ ᱠᱟᱹᱭᱫᱩᱥ ᱠᱚ ᱦᱟᱛᱟᱣᱟ, ᱛᱚᱠᱷᱚᱱ ᱦᱟᱥᱟ ᱟᱹᱰᱤ ᱫᱤᱱ ᱫᱷᱩᱨᱭᱟᱹ ᱠᱷᱚᱛᱟᱱ ᱛᱟᱦᱮᱱᱟ ᱟᱨ ᱪᱟᱥ ᱠᱟᱹᱢᱤ ᱥᱤᱜᱤᱞᱚᱜᱼᱟ"
How valid do I have in Googlepa?,मर पस गगल प म कतन वध कपन ह?,ᱜᱩᱜᱚᱞ ᱯᱮ ᱨᱮ ᱤᱧ ᱴᱷᱮᱱ ᱛᱤᱱᱟᱹᱜ ᱜᱟᱱ ᱵᱳᱭᱫᱷᱚ ᱠᱩᱯᱚᱱ ᱢᱮᱱᱟᱜᱼᱟ?
The drop in values is on every level.,मलय म गरवट हर सतर पर ह,ᱫᱚᱨ ᱨᱮ ᱧᱩᱱᱩᱨ ᱫᱚ ᱥᱟᱱᱟᱢ ᱛᱟᱹᱞᱤᱱ ᱨᱮᱜᱮ ᱢᱮᱱᱟᱜᱼᱟ
"In 1859, established Cricket club, was located at a club Road in Aschers city.","1859 म सथपत कछर कलब, असम क सलचर शहर क बचबच कलब रड पर सथत ह",᱑᱘᱕᱙ ᱥᱟᱞ ᱨᱮ ᱛᱷᱟᱯᱚᱱ ᱟᱠᱟᱱ ᱠᱟᱪᱟᱨ ᱠᱞᱟᱵᱽ ᱫᱚ ᱟᱥᱟᱢ ᱨᱮᱭᱟᱜ ᱥᱤᱞᱪᱚᱨ ᱥᱚᱦᱚᱨ ᱛᱟᱞᱟᱨᱮ ᱠᱞᱟᱵ ᱨᱳᱰ ᱨᱮ ᱢᱮᱱᱟᱜᱼᱟ
The squabbling of liquids Viscosity of liqals.,दरव क शयनत Viscosity of liquids.,ᱞᱮᱦᱮ ᱫᱷᱟᱨᱦᱟ ᱨᱮᱭᱟᱜ ᱥᱩᱠᱛᱤ
The little sister reads in the posty class.,छट बहन पचव ककष म पढत ह,ᱦᱩᱰᱤᱧ ᱢᱤᱥᱨᱟ ᱫᱚ ᱢᱚᱬᱮ ᱪᱟᱱᱚᱪ ᱨᱮ ᱯᱟᱲᱦᱟᱣ ᱠᱟᱱᱟᱭ
What is thirds email address?,तष क ईमल एडरस कय ह,ᱛᱨᱤᱥᱟ ᱟᱜ ᱤᱢᱮᱞ ᱴᱷᱤᱠᱟᱹᱱᱟ ᱫᱚ ᱪᱮᱫ ᱠᱟᱱᱟ?
The Court has sent them to prison.,अदलत न उनह जल भज दय ह .,ᱟᱫᱟᱞᱚᱛ ᱩᱱᱠᱩ ᱡᱤᱦᱟᱹᱞ ᱠᱮᱫ ᱠᱚᱣᱟ ᱠᱚ
Will the sun blossom on this weekend?,कय इस सपतहत पर धप खल रहग,ᱱᱚᱣᱟ ᱦᱟᱯᱛᱟ ᱢᱩᱪᱟᱹᱫ ᱨᱮ ᱪᱮᱫ ᱥᱤᱛᱩᱝ ᱛᱟᱦᱮᱱᱟ ?
"The forest rights, food, education, entertainment, entertainment, eMS, eMRS, health and TRI Projects were organized under the Mumbai camp.","मथन शवर क तहत वन अधकर अधनयम, आजवक, छतरवतत, पएम जनमन, ईएमआरएस, सवसथय और टआरआई परयजनओ पर वषयगत करयशलए आयजत क गई","ᱢᱚᱱᱛᱷᱚᱱ ᱥᱤᱵᱤᱨ ᱨᱮᱭᱟᱜ ᱟᱶᱛᱟ ᱨᱮ ᱵᱤᱨ ᱟᱹᱭᱫᱟᱹᱨ ᱟᱹᱱ, ᱡᱤᱭᱚᱱ ᱠᱷᱟᱸᱰᱟᱣ, ᱵᱨᱤᱛᱛᱤ, ᱯᱤ ᱮᱢ ᱡᱚᱱᱢᱚᱱ, ᱤ ᱮᱢ ᱟᱨ ᱮᱥ, ᱦᱚᱲᱢᱚ ᱥᱟᱶᱟᱨ ᱟᱨ ᱴᱤ ᱟᱨ ᱟᱭ ᱯᱟᱱᱛᱷᱟ ᱠᱚ ᱤᱫᱤ ᱠᱟᱛᱮ ᱥᱟᱛᱟᱢ ᱟᱱᱟᱜ ᱠᱟᱹᱢᱤᱦᱚᱨᱟ ᱠᱚ ᱥᱟᱯᱲᱟᱣ ᱞᱮᱫᱟ"
"When I was ten years old, my mother was diagnosed with cancer and was diagnosed with cancer.",करण न मग स पन नकल,ᱠᱤᱨᱚᱱ ᱢᱚᱜᱽ ᱠᱷᱚᱱ ᱫᱟᱜ ᱮ ᱚᱰᱚᱠ ᱠᱮᱜᱼᱟᱭ
Its said in Songa,गत म कह गय ह,ᱜᱤᱛᱟ ᱨᱮ ᱞᱟᱹᱭ ᱟᱠᱟᱱᱟ ᱡᱮ
"The farmers, if they reap cash as can be good in the market.",कसन यद बस और गनन जस नकद फसल अपनए त उनह बजर म अचछ लभ परपत ह सकत ह,"ᱪᱟᱹᱥᱤ ᱠᱚ ᱡᱚᱫᱤ ᱢᱟᱫᱽ ᱟᱨ ᱟᱺᱠᱷ ᱞᱮᱠᱟᱱ ᱱᱚᱜᱚᱫ ᱟᱨᱡᱟᱣ ᱠᱚ ᱦᱟᱛᱟᱣᱼᱟ, ᱮᱱᱠᱷᱟᱱ ᱩᱱᱠᱩ ᱵᱟᱡᱟᱨ ᱨᱮ ᱟᱹᱰᱤ ᱱᱟᱯᱟᱭ ᱟᱨᱡᱟᱣ ᱧᱟᱢ ᱫᱟᱲᱮᱭᱟᱜᱼᱟ"
The holiday is well known in the northern state of the state of the province and the people here speak the Telgiri language and prefer to wear a shirtpad.,उततर परदश रजय म तयहर बहत परसदध ह और यह क लग तलग भष बलत ह तथ करतपयजम पहनन पसद करत ह,ᱩᱛᱛᱚᱨ ᱯᱨᱚᱫᱮᱥ ᱯᱚᱱᱚᱛ ᱨᱮ ᱱᱚᱣᱟ ᱯᱚᱨᱚᱵᱽ ᱫᱚ ᱟᱹᱰᱤ ᱧᱩᱛᱩᱢᱟᱱᱟᱜ ᱠᱟᱱᱟ ᱟᱨ ᱱᱚᱰᱮᱱ ᱦᱚᱲ ᱠᱚ ᱛᱮᱞᱮᱜᱩ ᱯᱟᱹᱨᱥᱤ ᱛᱮᱠᱚ ᱨᱚᱲᱟ ᱟᱨ ᱠᱩᱨᱛᱟᱼᱯᱟᱭᱟᱡᱟᱢᱟ ᱦᱚᱨᱚᱜ ᱠᱚ ᱠᱩᱥᱤᱭᱟᱜᱼᱟ
In that sense I understand that these questions are more important than my eyes.,और उस अरथ म म समझत ह क य सवल मर दषट स जयद अहम रखत ह,ᱟᱨ ᱚᱱᱟ ᱠᱟᱛᱷᱟ ᱞᱮᱠᱟᱛᱮ ᱤᱧ ᱵᱟᱰᱟᱭ ᱧᱟᱢ ᱟᱠᱟᱫᱟ ᱡᱮ ᱱᱚᱶᱟ ᱠᱟᱛᱷᱟ ᱠᱚᱫᱚ ᱤᱧᱟᱹᱜ ᱧᱮᱞ ᱠᱷᱚᱱ ᱦᱚᱸ ᱰᱷᱮᱨ ᱢᱩᱲᱩᱫ ᱠᱟᱱᱟ
"By using new types, farmers have increased the advantage of the superior product in the agricultural field.",नई कसम क परयग करक कसन न कष कषतर म शरषठ उतपद और अधक लभ परपत कय ह,ᱱᱟᱣᱟ ᱡᱟᱹᱛ ᱠᱚ ᱵᱤᱰᱟᱹᱣ ᱠᱟᱛᱮ ᱪᱟᱹᱥᱤ ᱠᱚ ᱪᱟᱥ ᱴᱚᱴᱷᱟ ᱨᱮ ᱟᱹᱰᱤ ᱱᱟᱯᱟᱭ ᱟᱨᱡᱟᱣ ᱟᱨ ᱟᱹᱰᱤ ᱰᱷᱮᱨ ᱟᱨᱡᱟᱣ ᱠᱚ ᱧᱟᱢ ᱟᱠᱟᱫᱟ
"By 2011, it wasnt clear how many people around the world were infected.","2011 तक, यह सपषट नह थ क वरतमन म दनय भर म कतन लग सकरमत थ","᱒᱐᱑᱑ ᱥᱟᱞ ᱨᱮᱭᱟᱜ ᱦᱤᱥᱟᱹᱵᱽ ᱞᱮᱠᱟᱛᱮ, ᱱᱤᱛ ᱡᱮᱜᱮᱫ ᱡᱟᱠᱟᱛ ᱨᱮ ᱛᱤᱱᱟᱹᱜ ᱦᱚᱲ ᱜᱮᱢᱮᱧ ᱟᱠᱟᱱᱟ ᱚᱱᱟ ᱫᱚ ᱯᱩᱥᱴᱟᱹᱣ ᱵᱟᱝ ᱛᱟᱦᱮᱸ ᱠᱟᱱᱟ"
It is a beautiful example of a symbia tree situated on the shores of the big lake that was also known as Golex queen.,शकत महल क समन बड झल क कनर सथत वसतकल क यह खबसरत नमन कदसय बगम क कल क ह जनह गहर बगम भ कह जत थ,ᱥᱚᱣᱠᱟᱛ ᱯᱨᱟᱥᱟᱫᱽ ᱥᱟᱢᱟᱝ ᱨᱮ ᱢᱟᱨᱟᱝ ᱫᱟᱨᱦᱟ ᱫᱷᱟᱨᱮ ᱨᱮ ᱢᱮᱱᱟᱜ ᱥᱛᱷᱟᱯᱚᱛᱛᱚ ᱨᱮᱭᱟᱜ ᱱᱚᱶᱟ ᱱᱟᱯᱟᱭ ᱪᱤᱱᱦᱟᱹ ᱫᱚ ᱠᱩᱫᱥᱤᱭᱟ ᱵᱮᱜᱚᱢ ᱟᱜ ᱚᱠᱛᱚ ᱨᱮᱭᱟᱜ ᱠᱟᱱᱟ ᱡᱟᱦᱟᱸᱭ ᱫᱚ ᱜᱳᱦᱚᱨ ᱵᱮᱜᱚᱢ ᱧᱩᱛᱩᱢ ᱛᱮᱦᱚᱸ ᱩᱯᱨᱩᱢ ᱛᱟᱦᱮᱸ ᱠᱟᱱᱟ
"Well, he wont even teach you.","अचछ त ह, उस त तमह सखन भ नह पडग","ᱵᱮᱥ ᱜᱮᱭᱟ, ᱩᱱᱤ ᱫᱚ ᱟᱢ ᱪᱮᱫ ᱦᱚᱪᱚ ᱦᱚᱸ ᱵᱟᱝ ᱦᱩᱭᱩᱜ ᱛᱟᱢᱟ"
India has arranged a system for research and development in the field of science and technology under the International Science Science Mission.,भरत सरकर न नशनल सइस मशन क तहत वजञन और परदयगक क कषतर म अनसधन और वकस क लए समरपत ससधन क वयवसथ क ह,ᱵᱷᱟᱨᱚᱛ ᱥᱚᱨᱠᱟᱨ ᱡᱟᱹᱛᱤᱭᱟᱹᱨᱤ ᱥᱟᱬᱮᱥ ᱢᱤᱥᱚᱱ ᱨᱮᱭᱟᱜ ᱟᱣᱛᱟ ᱨᱮ ᱥᱟᱬᱮᱥ ᱟᱨ ᱞᱟᱜᱟᱱ ᱠᱟᱹᱨᱤ ᱴᱚᱴᱷᱟ ᱨᱮ ᱠᱷᱚᱸᱫᱽᱨᱚᱸᱫᱽ ᱟᱨ ᱩᱛᱷᱱᱟᱹᱣ ᱞᱟᱹᱜᱤᱫ ᱥᱳᱯᱨᱳᱫᱽ ᱫᱩᱨᱤᱵᱽ ᱨᱮᱭᱟᱜ ᱵᱚᱱᱫᱮᱡᱽ ᱟᱠᱟᱫᱟᱭ
"The Sri Lankan military and government gave public recognition that they would not question them, neither would they find any harm or harm to them.","शरलकई सनय और सरकर न सरवजनक आशवसन दय क व, न त उनस पछतछ करग, न त उनक कस परकर क नकसन पहचएग य उनक कस परकर क हन हग","ᱥᱨᱤᱞᱚᱝᱠᱟ ᱨᱮᱱ ᱯᱷᱟᱹᱫᱽ ᱟᱨ ᱥᱚᱨᱠᱟᱨ ᱦᱚᱲ ᱠᱚ ᱠᱟᱛᱷᱟ ᱮᱢ ᱞᱮᱫᱟ ᱡᱮ, ᱩᱱᱠᱩ ᱫᱚ ᱩᱱᱤ ᱫᱚ ᱵᱟᱝ ᱠᱚ ᱞᱟᱹᱞᱤᱥᱼᱟ, ᱵᱟᱝ ᱜᱮ ᱩᱱᱤ ᱫᱚ ᱡᱟᱦᱟᱱ ᱞᱮᱠᱟᱱ ᱜᱷᱟᱹᱞ ᱦᱳᱭᱳᱜᱼᱟ ᱥᱮ ᱡᱟᱦᱟᱱ ᱞᱮᱠᱟᱱ ᱜᱷᱟᱹᱞ ᱦᱩᱭᱩᱜᱼᱟ"
What do you do?,कय करत ह?,ᱪᱮᱫ ᱠᱚᱭ ᱠᱟᱹᱢᱤ ᱠᱟᱱᱟ ?
"Brahhar provides traditional chits and Strings, which are eaten during special festivals.","बहर म परपरक रप स चउड और लडड बनए जत ह, ज खस तयहर क दरन खए जत ह","ᱵᱤᱦᱟᱨ ᱨᱮ ᱥᱮᱨᱣᱟ ᱟᱱᱟᱜ ᱞᱮᱠᱟᱛᱮ ᱪᱤᱣᱲᱟ ᱟᱨ ᱞᱟᱰᱩ ᱵᱮᱱᱟᱣ ᱦᱩᱭᱩᱜᱼᱟ, ᱡᱟᱦᱟᱸ ᱫᱚ ᱠᱷᱟᱥ ᱯᱟᱨᱟᱵᱽ ᱨᱮ ᱡᱚᱢ ᱦᱩᱭᱩᱜᱼᱟ"
Black dog ill enough to go on the other side.,कल कतत कदकर दसर ओर चल गय,ᱦᱮᱱᱫᱮ ᱥᱮᱛᱟ ᱫᱚᱭ ᱠᱩᱞᱤ ᱠᱟᱛᱮ ᱮᱴᱟᱜ ᱥᱮᱫ ᱮ ᱪᱟᱞᱟᱣ ᱮᱱᱟᱭ
I want to check BUN number 439689649 by your account.,म UAN नबर 439286896409 क सथ अपन खत क पसबक बलस क जच करन चहत ह,ᱤᱧ ᱤᱭᱩᱹᱮᱹᱮᱱ ᱱᱚᱢᱵᱚᱨ ᱔᱓᱙᱒᱘᱖᱘᱖᱖᱖᱔᱐᱙ ᱥᱟᱶ ᱤᱧᱟᱹᱜ ᱮᱠᱟᱣᱩᱱᱴ ᱨᱮᱭᱟᱜ ᱯᱟᱥᱵᱩᱠ ᱵᱮᱹᱞᱮᱱᱥ ᱤᱧ ᱪᱮᱠ ᱥᱟᱱᱟᱧ ᱠᱟᱱᱟ
"C.V.A.A. forensic and protective terms the best scientific evidence is available in the efforts of the nations preservation and the best course of action, which will lead to better success.","क. वनयजव फरनसक और सरकषण जनटकस परजतय क सरकषण क परयस और वनयजव अपरध क ममल म बहतर वजञनक परमण सगरहण म उपयग ह, जसस बहतर अमल क मरग परशसत हग","ᱮ ᱳᱣᱤᱞᱰᱞᱟᱭᱯᱷ ᱯᱷᱳᱨᱮᱱᱥᱤᱠ ᱟᱨ ᱠᱟᱶᱰᱤ ᱡᱮᱱᱮᱴᱤᱠᱥ ᱱᱚᱶᱟ ᱫᱚ ᱟᱭᱢᱟ ᱞᱮᱠᱟᱱ ᱦᱚᱲ ᱠᱚ ᱫᱚᱦᱚ ᱞᱟᱹᱜᱤᱫ ᱟᱨ ᱳᱣᱤᱞᱰᱞᱟᱭᱯᱷ ᱞᱟᱹᱞᱤᱥ ᱨᱮᱭᱟᱜ ᱠᱟᱛᱷᱟ ᱨᱮ ᱟᱨᱦᱚᱸ ᱥᱚᱨᱮᱥ ᱵᱳᱭᱫᱽᱫᱷᱚ ᱥᱟᱹᱵᱩᱫ ᱦᱟᱛᱟᱣ ᱨᱮ ᱵᱮᱣᱦᱟᱨᱚᱜᱼᱟ, ᱡᱟᱦᱟᱸ ᱫᱚ ᱟᱨᱦᱚᱸ ᱥᱚᱨᱮᱥ ᱠᱟᱹᱢᱤ ᱨᱮᱭᱟᱜ ᱰᱟᱦᱟᱨ ᱮ ᱵᱮᱱᱟᱣᱼᱟ"
"We sowed the harvest in the field yesterday, and improved the proper balance of roses and roses.","हमन कल खत म मकक और तलहन क फसल बई, और उरवरक और सचई क सह सतलन स उतपदन म सधर हआ","ᱦᱚᱞᱟ ᱟᱞᱮ ᱵᱟᱹᱫ ᱨᱮ ᱡᱚᱱᱰᱨᱟ ᱟᱨ ᱥᱩᱱᱩᱢ ᱡᱟᱝ ᱨᱮᱭᱟᱜ ᱪᱟᱥ ᱞᱮ ᱨᱚᱦᱚᱭ ᱟᱠᱟᱫᱟ, ᱟᱨ ᱥᱟᱨ ᱟᱨ ᱫᱟᱜ ᱯᱟᱴᱟᱣ ᱨᱮᱭᱟᱜ ᱡᱚᱛᱷᱟᱛ ᱥᱚᱢᱟᱱ ᱛᱮ ᱟᱨᱡᱟᱣ ᱵᱟᱹᱲᱛᱤ ᱟᱠᱟᱱᱟ"
How much amount can I get the total amount of money from eating my home country Roral Bank?,म अपन अरणचल परदश ररल बक खत स अधकतम कतन रश नकल सकत ह?,ᱤᱧ ᱤᱧᱟᱹᱜ ᱚᱨᱩᱱᱟᱪᱚᱞ ᱯᱨᱚᱫᱮᱥ ᱟᱹᱛᱩ ᱵᱮᱝᱠ ᱮᱠᱟᱣᱩᱱᱴ ᱠᱷᱚᱱ ᱡᱚᱛᱚᱠᱷᱚᱱ ᱛᱤᱱᱟᱹᱜ ᱠᱟᱹᱣᱰᱤᱧ ᱚᱰᱚᱠ ᱫᱟᱲᱮᱭᱟᱜᱼᱟ?
The farmers say that putting dung in the farm improves the structure of the soil and increases the ability to stop water.,कसन कहत ह क खत म गबर खद डलन स मटट क सरचन बहतर हत ह और पन रकन क कषमत भ बढत ह,"ᱪᱟᱹᱥᱤ ᱠᱚ ᱞᱟᱹᱭ ᱮᱫᱟ ᱡᱮ, ᱵᱟᱹᱫ ᱨᱮ ᱜᱩᱸᱰᱟᱹᱢ ᱨᱮᱭᱟᱜ ᱠᱷᱚᱛ ᱫᱚᱦᱚ ᱞᱮᱠᱷᱟᱱ ᱦᱟᱥᱟ ᱨᱮᱭᱟᱜ ᱜᱚᱲᱦᱚᱱ ᱵᱷᱟᱜᱮᱜᱼᱟ ᱟᱨ ᱫᱟᱜ ᱥᱟᱵ ᱫᱚᱦᱚ ᱨᱮᱭᱟᱜ ᱫᱟᱲᱮ ᱦᱚᱸ ᱵᱟᱹᱲᱛᱤᱜᱼᱟ"
"Its not easy for me, she says, but I dont want to be like you.",सथ ह चहर क चमक बरकरर रहत ह,ᱱᱚᱣᱟ ᱥᱟᱶ ᱥᱟᱶᱛᱮ ᱢᱮᱫᱦᱟ ᱨᱮᱭᱟᱜ ᱡᱷᱟᱞᱠᱟᱣ ᱦᱚᱸ ᱛᱟᱦᱮᱸᱱᱟ
"There is a special place to dance in the culture of Turira and where the principal language is Gujarati, where people often wear tigers.","तरपर क ससकत म नतय क वशष सथन ह और यह क परमख भष गजरत ह, जह लग अकसर शरवन पहनत ह","ᱛᱨᱤᱯᱩᱨᱟ ᱨᱮᱭᱟᱜ ᱞᱟᱠᱪᱟᱨ ᱨᱮ ᱮᱱᱮᱡ ᱨᱮᱭᱟᱜ ᱢᱤᱫᱴᱟᱝ ᱠᱷᱟᱥ ᱴᱷᱟᱶ ᱢᱮᱱᱟᱜᱼᱟ ᱟᱨ ᱱᱚᱰᱮᱱᱟᱜ ᱢᱩᱬᱩᱫ ᱯᱟᱹᱨᱥᱤ ᱫᱚ ᱦᱩᱭᱩᱜ ᱠᱟᱱᱟ ᱜᱩᱡᱨᱟᱴᱤ, ᱡᱟᱦᱟᱸᱨᱮ ᱦᱚᱲ ᱠᱚ ᱡᱟᱣᱜᱮ ᱥᱮᱨᱳᱣᱟᱱᱤ ᱠᱚ ᱦᱚᱨᱚᱜᱟ"
Some other inscriptions also provide some information about Achin.,कछ अनय शललख भ अशक क बर म कछ जनकर परदन करत ह,ᱮᱴᱟᱜ ᱠᱤᱪᱷᱩ ᱥᱤᱞᱟᱞᱤᱯᱤ ᱨᱮᱦᱚᱸ ᱚᱥᱳᱠ ᱵᱟᱵᱚᱛ ᱠᱤᱪᱷᱩ ᱰᱚᱜᱚᱨ ᱧᱟᱢᱚᱜᱼᱟ
Search Delhi University in AICTE Institute for Educational Years 20112012,शकषणक वरष 20112012 क लए AICTE दवर अनमदत ससथन सच म दलल वशववदयलय खज,᱒᱐᱑᱑ᱼ᱒᱐᱑᱒ ᱥᱮᱪᱮᱫ ᱥᱮᱨᱢᱟ ᱞᱟᱹᱜᱤᱫ ᱮᱹᱟᱭᱹᱥᱤᱹᱴᱤᱹᱤ ᱫᱟᱨᱟᱭ ᱛᱮ ᱚᱱᱩᱢᱳᱫᱚᱱ ᱟᱠᱟᱱ ᱟᱥᱲᱟ ᱠᱚ ᱨᱮᱭᱟᱜ ᱛᱟᱹᱞᱤᱠᱟ ᱨᱮ ᱫᱤᱞᱞᱤ ᱡᱮᱜᱮᱫ ᱵᱤᱨᱫᱟᱹᱜᱟᱲ ᱯᱟᱸᱡᱟ ᱧᱟᱢ ᱢᱮ
"From an early age, Sir Naviha Raw was on the move against injustice",छट उमर स ह शरमन नरसमह रव अनयय क खलफ आवज उठन म आग थ,"ᱠᱚᱢ ᱩᱢᱮᱨ ᱠᱷᱚᱱ ᱜᱮ, ᱥᱨᱤᱢᱚᱱ ᱱᱚᱨᱚᱥᱤᱢᱦᱟ ᱨᱟᱣ ᱫᱚ ᱵᱟᱹᱲᱤᱡ ᱵᱤᱨᱩᱫᱷ ᱨᱮ ᱨᱚᱲ ᱨᱮᱱᱟᱜ ᱟᱹᱭᱩᱨᱤᱭᱟᱹᱭ ᱛᱟᱦᱮᱸ ᱠᱟᱱᱟ"
He also requested that the discussion between the prime minister Kimoana lion and the president of Pakistan be made in New York during the last days.,उनहन यह भ मग क क पछल दन नययरक म परधनमतर मनमहन सह और पकसतन क रषटरपत परवज मशररफ क बच हई बतचत क भ खलस कय जन चहए,"ᱩᱱᱤ ᱫᱚ ᱱᱚᱣᱟ ᱦᱚᱸ ᱫᱟᱹᱵᱤ ᱞᱮᱫᱟᱭ ᱡᱮ, ᱱᱮᱦᱟᱹᱞᱤ ᱫᱤᱱ ᱨᱮ ᱱᱤᱭᱩ ᱤᱭᱚᱨᱠ ᱨᱮ ᱢᱟᱨᱟᱝ ᱢᱚᱱᱛᱨᱤ ᱢᱚᱱᱢᱳᱦᱚᱱ ᱥᱤᱝ ᱟᱨ ᱯᱟᱠᱤᱥᱛᱟᱱ ᱨᱮᱱ ᱫᱤᱥᱚᱢ ᱜᱚᱢᱠᱮ ᱯᱟᱨᱵᱷᱮᱡᱽ ᱢᱩᱥᱟᱨᱚᱯᱷ ᱢᱩᱫᱨᱮ ᱦᱩᱭ ᱟᱠᱟᱱ ᱠᱟᱛᱷᱟ ᱠᱚ ᱦᱚᱸ ᱥᱚᱫᱚᱨ ᱦᱳᱭᱳᱜᱼᱟ"
Special guides are prepared for the safety of historical sites.,ऐतहसक सथल क सरकष क लए वशष गइडलइस तयर क जत ह,ᱱᱟᱜᱟᱢᱤᱭᱟᱹ ᱴᱷᱟᱶ ᱠᱚ ᱨᱩᱠᱷᱤᱭᱟᱹ ᱫᱚᱦᱚ ᱞᱟᱹᱜᱤᱫ ᱠᱷᱟᱥ ᱰᱟᱦᱟᱨ ᱩᱫᱩᱜ ᱠᱚ ᱵᱮᱱᱟᱣ ᱟᱠᱟᱱᱟ
The central railway minister Mr. Peshitta Lord has called the worlds more active partnership in the kingdoms to bring new energy to work.,कनदरय रल मतर शर सरश परभ न नवकरणय ऊरज क कम म लन क लए रजय क अधक सकरय भगदर क आहवन कय ह,ᱛᱟᱞᱢᱟ ᱨᱮᱞ ᱢᱚᱱᱛᱨᱤ ᱥᱩᱨᱮᱥ ᱯᱨᱚᱵᱷᱩ ᱫᱚ ᱱᱟᱶᱟᱱ ᱫᱟᱲᱮ ᱠᱟᱹᱢᱤ ᱨᱮ ᱥᱮᱞᱮᱫ ᱞᱟᱹᱜᱤᱫ ᱯᱚᱱᱚᱛ ᱠᱚ ᱟᱨᱦᱚᱸ ᱮᱥᱮᱨᱟᱱ ᱥᱮᱞᱮᱫ ᱞᱟᱹᱜᱤᱫ ᱮ ᱞᱟᱹᱭ ᱥᱚᱫᱚᱨ ᱟᱠᱟᱫᱟ
Compare your home to school house?,अपन घर क तलन वदयलय भवन स कर ?,ᱟᱢᱟᱜ ᱚᱲᱟᱜ ᱨᱮᱭᱟᱜ ᱛᱩᱞᱟᱹᱡᱚᱠᱷᱟ ᱟᱥᱲᱟ ᱚᱲᱟᱜ ᱥᱟᱶ ᱠᱚᱨᱟᱣ ᱢᱮ
Its necessary to sort out time in the field.,खत म समय पर सचई करन जरर हत ह,ᱵᱟᱹᱫᱽ ᱨᱮ ᱚᱠᱛᱚ ᱨᱮ ᱵᱟᱛᱟᱱ ᱞᱟᱹᱠᱛᱤ ᱠᱟᱱᱟ
"With renewed determination, with my new resolve, after my beloved country custom vacations, all of you will again be busy in your daily life.","मर पयर दशवसय, दवल क छटटय क बद, नए सकलप क सथ, नए नशचय क सथ, आप सब अपन रजमरर क जनदग म फर एक बर जट गए हग","ᱤᱧ ᱨᱤᱱ ᱫᱩᱞᱟᱹᱲᱚᱜ ᱫᱤᱥᱚᱢ ᱦᱚᱲ ᱠᱚ, ᱫᱤᱣᱟᱹᱞᱤ ᱨᱮᱱᱟᱜ ᱪᱷᱩᱴᱤ ᱛᱟᱭᱚᱢ, ᱱᱟᱣᱟ ᱩᱭᱦᱟᱹᱨ ᱥᱟᱶᱛᱮ, ᱱᱟᱣᱟ ᱱᱤᱦᱟᱹᱛ ᱥᱟᱶᱛᱮ, ᱟᱯᱮ ᱡᱚᱛᱚ ᱦᱚᱲ ᱟᱯᱮᱭᱟᱜ ᱫᱤᱱᱟᱹᱢ ᱡᱤᱭᱚᱱ ᱨᱮ ᱟᱨ ᱢᱤᱫ ᱫᱷᱟᱣ ᱥᱮᱞᱮᱫ ᱟᱠᱟᱱ ᱛᱟᱵᱚᱱᱟᱯᱮ"
Local authorities are trained to protect historical sites.,ऐतहसक सथल क सरकष क लए सथनय अधकरय क परशकषत कय जत ह,ᱱᱟᱜᱟᱢᱤᱭᱟᱹ ᱴᱷᱟᱣ ᱠᱚ ᱨᱩᱠᱷᱤᱭᱟᱹ ᱫᱚᱦᱚ ᱞᱟᱹᱜᱤᱫ ᱛᱷᱟᱹᱱᱤᱛ ᱟᱹᱢᱟᱹᱞᱤᱭᱟᱹ ᱠᱚ ᱛᱟᱹᱞᱤᱢ ᱮᱢ ᱦᱩᱭᱩᱜᱼᱟ
"That was my family and my friend, my twirner, nobody was pleased with my 89.33 times.","यन, मर परवर और मर मतर, मर teacher कई भ मर 89.33 percent marks स परसनन नह थ","ᱢᱮᱱᱮᱫ, ᱤᱧ ᱨᱮᱱ ᱜᱷᱟᱨᱚᱸᱡᱽ ᱟᱨ ᱤᱧ ᱨᱮᱱ ᱜᱟᱛᱮ ᱠᱚ, ᱤᱧ ᱨᱮᱱ ᱢᱟᱪᱮᱫ ᱚᱠᱚᱭ ᱦᱚᱸ ᱤᱧ ᱨᱮᱱᱟᱜ ᱘᱙.᱓᱓ ᱯᱟᱨᱥᱮᱱᱴ ᱢᱟᱨᱠᱥ ᱛᱮ ᱠᱩᱥᱤ ᱵᱟᱠᱚ ᱛᱟᱦᱮᱸ ᱠᱟᱱᱟ"
Likewise the farmer asked all to break the load.,इस तरह कसन न सभ स गटठर तडन क लय कह,"ᱱᱚᱶᱟ ᱞᱮᱠᱟᱛᱮ, ᱵᱤᱨᱤᱫ ᱫᱚ ᱥᱟᱱᱟᱢ ᱠᱚ ᱞᱟᱹᱞᱤᱥ ᱠᱚ ᱜᱷᱟᱹᱞ ᱞᱟᱹᱜᱤᱫ ᱮ ᱞᱟᱹᱭ ᱥᱚᱫᱚᱨ ᱞᱮᱫᱟ"
"In the United States farmers actively use agricultural equipment, which reduces time and saves time.","गव म कसन समहक रप स कष उपकरण क उपयग करत ह, जसस खरच कम हत ह और समय क बचत हत ह","ᱟᱹᱛᱩ ᱨᱮᱱ ᱪᱟᱹᱥᱤ ᱠᱚ ᱡᱩᱢᱤᱫ ᱠᱟᱛᱮ ᱪᱟᱥ ᱥᱟᱯᱟᱵ ᱠᱚ ᱵᱮᱣᱦᱟᱨᱟ, ᱡᱟᱦᱟᱸ ᱠᱷᱟᱹᱛᱤᱨ ᱠᱷᱚᱨᱚᱪ ᱠᱚᱢᱚᱜᱼᱟ ᱟᱨ ᱚᱠᱛᱚ ᱵᱟᱧᱪᱟᱣᱚᱜᱼᱟ"
Who is given singing in this song?,इस गव म कसक पस गज भग मलत ह?,ᱱᱚᱣᱟ ᱟᱹᱛᱩ ᱨᱮ ᱜᱟᱸᱡᱟ ᱵᱷᱟᱝ ᱚᱠᱚᱭ ᱴᱷᱮᱱ ᱮ ᱧᱟᱢ ᱮᱫᱟ
"Happily now, our farmers in many states are also using microplugation, some dipplugation, some simmerators.","अब त खश क बत ह क कई रजय म हमर गनन क कसन भ microirrigation क उपयग कर रह ह, कई dripirrigation क उपयग कर रह ह, कई sprinkler क कर रह ह","ᱱᱤᱛᱚᱜ ᱫᱚ ᱨᱟᱹᱥᱠᱟᱹ ᱨᱮᱭᱟᱜ ᱠᱟᱛᱷᱟ ᱠᱟᱱᱟ ᱡᱮ, ᱟᱭᱢᱟ ᱯᱚᱱᱚᱛ ᱨᱮ ᱟᱵᱚ ᱨᱮᱱ ᱟᱹᱠᱷ ᱪᱟᱹᱥᱤ ᱠᱚ ᱦᱚᱸ ᱢᱟᱭᱠᱨᱳ ᱤᱨᱤᱜᱮᱥᱚᱱ ᱠᱚ ᱵᱮᱵᱷᱟᱨ ᱮᱫᱟ, ᱚᱠᱚᱭ ᱰᱨᱤᱯ ᱤᱨᱤᱜᱮᱥᱚᱱ ᱠᱚ ᱵᱮᱵᱷᱟᱨ ᱮᱫᱟ, ᱚᱠᱚᱭ ᱥᱯᱨᱤᱝᱠᱞᱟᱨ ᱠᱚ ᱵᱮᱵᱷᱟᱨ ᱮᱫᱟ"
"Every Sunday this program starts in the morning and goes down until noon. This work is reduced to waste, closing the walls, and creating Articles.","परतयक रववर क यह करयकरम सबह शर हत ह और दपहर तक चलत ह इस करय म कचर त हटय ह जत ह, दवर पर painting और Artistic Sketches बनन क कम भ हत ह","ᱡᱟᱣ ᱥᱤᱸᱜᱮ ᱢᱟᱦᱟᱸ ᱦᱤᱞᱚᱜ ᱱᱚᱶᱟ ᱠᱟᱹᱢᱤᱦᱚᱨᱟ ᱥᱮᱛᱟᱜ ᱨᱮ ᱮᱦᱚᱵᱚᱜᱼᱟ ᱟᱨ ᱛᱤᱠᱤᱱ ᱦᱟᱹᱵᱤᱡ ᱪᱟᱞᱟᱜᱼᱟ ᱱᱚᱣᱟ ᱠᱟᱹᱢᱤᱦᱚᱨᱟ ᱨᱮ ᱫᱚ ᱟᱞᱜᱟ ᱠᱚ ᱚᱪᱚᱜ ᱜᱮᱭᱟ, ᱵᱷᱤᱛ ᱨᱮ ᱪᱤᱛᱟᱹᱨ ᱵᱮᱱᱟᱣ ᱟᱨ ᱠᱟᱹᱨᱤᱜᱚᱞ ᱪᱤᱛᱟᱹᱨ ᱵᱮᱱᱟᱣ ᱨᱮᱭᱟᱜ ᱠᱟᱹᱢᱤ ᱦᱚᱸ ᱢᱮᱱᱟᱜᱼᱟ"
"Who when you plan to have weather information about your farming, you have to suffer less damage and get more production?","कसन जब मसम क जनकर लकर अपन खत क यजन बनत ह, त उनह कम नकसन झलन पडत ह और उतपदन अधक मलत ह","ᱪᱟᱹᱥᱤ ᱠᱚ ᱡᱚᱠᱷᱚᱱ ᱦᱚᱭᱦᱤᱥᱤᱫ ᱨᱮᱭᱟᱜ ᱛᱚᱛᱛᱷᱚ ᱦᱟᱛᱟᱣ ᱠᱟᱛᱮ ᱟᱠᱚᱣᱟᱜ ᱪᱟᱥ ᱨᱮᱭᱟᱜ ᱠᱚ ᱩᱭᱦᱟᱹᱨ ᱵᱷᱟᱵᱽᱱᱟᱭᱟ, ᱩᱱ ᱫᱚ ᱠᱚᱢ ᱠᱷᱩᱛᱤ ᱠᱚ ᱥᱟᱢᱟᱝ ᱫᱟᱯᱨᱟᱢᱚᱜᱼᱟ ᱟᱨ ᱟᱨᱡᱟᱣ ᱠᱚ ᱰᱷᱮᱨᱚᱜᱼᱟ"
People of this native community never got a solid house.,इस आदवस समज क लग क कभ पकक मकन नह मल,ᱱᱚᱶᱟ ᱟᱹᱫᱤᱵᱟᱹᱥᱤ ᱥᱟᱶᱛᱟ ᱨᱮᱱ ᱦᱚᱲ ᱠᱚ ᱛᱤᱥ ᱦᱚᱸ ᱯᱟᱠᱟ ᱚᱲᱟᱜ ᱵᱟᱝ ᱠᱚ ᱧᱟᱢ ᱟᱠᱟᱫᱟ
"So we should have our national duty, the honor of workers, the honour of workers, the honor of our national duties.","इसलए डगनट ऑफ लबर, शरमक क सममन, शरमक क गरव, य हमर रषटरय करतवय हन चहए, यह हमर रषटरय सवभव हन चहए","ᱚᱱᱟ ᱞᱮᱠᱟᱛᱮ ᱠᱟᱹᱢᱤ ᱨᱮᱭᱟᱜ ᱢᱟᱹᱱ, ᱠᱟᱹᱢᱤᱤᱭᱟᱹ ᱠᱚᱣᱟᱜ ᱢᱟᱹᱱ, ᱠᱟᱹᱢᱤᱤᱭᱟᱹ ᱠᱚᱣᱟᱜ ᱜᱚᱨᱚᱵ, ᱱᱚᱶᱟ ᱠᱚᱫᱚ ᱟᱢᱟᱜ ᱡᱟᱹᱛᱤᱭᱟᱹᱨᱤ ᱠᱟᱹᱢᱤ ᱦᱩᱭᱩᱜ ᱠᱟᱱᱟ, ᱱᱚᱶᱟ ᱫᱚ ᱟᱢᱟᱜ ᱡᱟᱹᱛᱤᱭᱟᱹᱨᱤ ᱪᱩᱨᱤᱛ ᱦᱩᱭᱩᱜ ᱠᱟᱱᱟ"
"Farmers use biological fins and glaciers to maintain a balanced level of food elements in the ground, as well.",कसन खत म खरपतवर हटन क सथसथ मटट म पषक ततव क सतलत सतर बनए रखन क लए जवक खद और उरवरक क उपयग करत ह,ᱪᱟᱹᱥᱤ ᱠᱚ ᱵᱟᱹᱫ ᱨᱮ ᱟᱲᱟᱜ ᱚᱪᱚᱜ ᱞᱟᱹᱜᱤᱫ ᱟᱨ ᱦᱟᱥᱟ ᱨᱮ ᱯᱩᱥᱴᱤ ᱨᱮᱭᱟᱜ ᱥᱚᱢᱟᱱ ᱢᱟᱛᱨᱟ ᱫᱚᱦᱚᱭ ᱞᱟᱹᱜᱤᱫ ᱡᱳᱭᱵᱚ ᱥᱟᱨ ᱟᱨ ᱥᱟᱨ ᱠᱚ ᱵᱮᱣᱦᱟᱨᱟ
"What can be done to cut down crops of cane cane cane and get it to sugar, which strengthens the financial state of the village.","कसन गनन क फसल कटकर टरल म भरत ह और उस चन मल तक पहचत ह, जसस गव क आरथक सथत मजबत हत ह","ᱪᱟᱹᱥᱤ ᱠᱚ ᱟᱺᱠᱷ ᱪᱟᱥ ᱠᱟᱛᱮ ᱴᱨᱚᱞᱤ ᱨᱮ ᱯᱮᱨᱮᱡ ᱠᱟᱛᱮ ᱪᱤᱱᱤ ᱢᱤᱞ ᱨᱮᱠᱚ ᱥᱮᱴᱮᱨᱟ, ᱡᱟᱦᱟᱸ ᱫᱚ ᱟᱹᱛᱩ ᱨᱮᱭᱟᱜ ᱠᱟᱹᱣᱰᱤ ᱟᱹᱨᱤ ᱦᱟᱞᱚᱛ ᱠᱚ ᱠᱮᱴᱮᱡᱼᱟ"
The aliens have a importion for you.,बरक आपक लय एक question ह,ᱵᱚᱨᱟᱠ ᱟᱹᱵᱤᱱ ᱞᱟᱹᱜᱤᱫ ᱢᱤᱫᱴᱟᱹᱝ ᱠᱩᱠᱞᱤ ᱢᱮᱱᱟᱜᱼᱟ
"And when he was commanded to be glad, he went over the four winds.",महरष क आजञ पकर चर शषय चर दशओ म चल दए,ᱢᱟᱨᱟᱝ ᱢᱩᱱᱤᱭᱟᱜ ᱦᱩᱠᱩᱢ ᱧᱟᱢ ᱠᱟᱛᱮ ᱯᱩᱱᱤᱭᱟᱹ ᱪᱮᱞᱟ ᱫᱚ ᱯᱩᱱ ᱥᱮᱦᱮᱫ ᱛᱮ ᱠᱚ ᱪᱟᱞᱟᱣ ᱮᱱᱟ
Modern India and crew rights.,आधनक भरत व दलत अधकर.,ᱱᱟᱦᱟᱜ ᱥᱤᱧᱚᱛ ᱟᱨ ᱥᱤᱧᱚᱛᱤᱭᱟ.
"The programs focus on the program was the Mr.Pupupupems, member of the national tribe commission, as the main guest.",करयकरम क अधयकषत रषटरय अनसचत जनजत आयग क सदसय शर नरपम चकम न मखय अतथ क रप म क,ᱠᱟᱹᱢᱤᱦᱚᱨᱟ ᱨᱮ ᱢᱩᱬᱩᱫ ᱯᱮᱲᱟ ᱞᱮᱠᱟᱛᱮ ᱥᱮᱞᱮᱫ ᱞᱮᱱᱟᱭ ᱡᱟᱹᱛᱤᱭᱟᱹᱨᱤ ᱛᱚᱯᱚᱥᱤᱞᱤ ᱩᱯᱚᱡᱟᱹᱛᱤ ᱠᱚᱢᱤᱥᱚᱱ ᱨᱮᱱ ᱨᱟᱹᱥᱤᱭᱟᱹ ᱢᱟᱱ ᱱᱤᱨᱩᱯᱚᱢ ᱪᱟᱠᱢᱟ
Hundreds of thousands of people from the country have already transgressed the laws.,अब तक दश क सकड पर न कनन क समपत कय ज चक ह,ᱱᱤᱛ ᱦᱟᱹᱵᱤᱡ ᱫᱤᱥᱚᱢ ᱨᱮᱱ ᱥᱟᱭ ᱥᱟᱭ ᱟᱹᱫᱤᱵᱟᱹᱥᱤ ᱟᱹᱱ ᱠᱚ ᱢᱩᱪᱟᱹᱫ ᱟᱠᱟᱫᱟ
"In a very generous and peaceful personal life on the veil, the villain showed himself to be a generous man and a loving man in his own life. The Amijana said in an interview that the Amazon was a very kind man, always ready for the help of others, if the film had a lack of money, would help or wouldnt take their wages.","परद पर खलनयक क तवर दखन वल अमजद नज जवन म बहद दरयदल और शत परय इसन थ अमतभ बचचन न एक सकषतकर म बतय थ क अमजद बहत दयल इसन थ हमश दसर क मदद क तयर रहत थ यद फलम नरमत क पस पस क कम दखत, त उसक मदद कर दत य फर अपन परशरमक नह लत थ उनह नएनए चटकल बनकर सनन क बहद शक थ अमतभ क व अकसर फन कर लतफ सनय करत थ",ᱯᱚᱨᱫᱟ ᱨᱮ ᱵᱷᱤᱞᱮᱱ ᱪᱩᱨᱤᱛ ᱨᱮ ᱚᱵᱷᱤᱱᱚᱭ ᱟᱠᱟᱫ ᱚᱢᱡᱟᱫ ᱟᱡᱟᱜ ᱡᱤᱭᱚᱱ ᱨᱮ ᱟᱹᱰᱤ ᱫᱟᱭᱟ ᱫᱩᱞᱟᱹᱲᱤᱭᱟᱹ ᱟᱨ ᱥᱩᱞᱩᱠ ᱫᱩᱞᱟᱹᱲᱤᱭᱟᱹ ᱦᱚᱲ ᱮ ᱛᱟᱸᱦᱮ ᱠᱟᱱᱟ ᱚᱢᱤᱛᱟᱵᱷ ᱵᱚᱪᱪᱚᱱ ᱢᱤᱫ ᱧᱮᱯᱮᱞ ᱨᱮ ᱞᱟᱹᱭ ᱞᱮᱫᱟᱭ ᱡᱮ ᱚᱢᱡᱟᱫ ᱫᱚ ᱟᱹᱰᱤ ᱫᱟᱭᱟ ᱟᱱ ᱦᱚᱲ ᱮ ᱛᱟᱸᱦᱮ ᱠᱟᱱᱟ ᱩᱱᱤ ᱫᱚ ᱥᱟᱨᱟ ᱜᱷᱟᱹᱲᱤ ᱜᱮ ᱮᱴᱟᱜ ᱠᱚᱣᱟᱜ ᱜᱚᱲᱚ ᱞᱟᱹᱜᱤᱫ ᱮ ᱥᱟᱯᱲᱟᱣ ᱛᱟᱸᱦᱮ ᱠᱟᱱᱟ ᱡᱩᱫᱤ ᱢᱤᱫ ᱯᱷᱤᱞᱤᱢ ᱢᱮᱠᱟᱨ ᱴᱷᱮᱱ ᱴᱟᱠᱟ ᱨᱮᱱᱟᱜ ᱟᱱᱟᱴ ᱧᱮᱞ ᱧᱟᱢᱚᱜ ᱠᱷᱟᱱ ᱩᱱᱤ ᱫᱚ ᱜᱚᱲᱚ ᱠᱚ ᱮᱢᱟ ᱫᱮᱭᱟ ᱟᱨᱵᱟᱝ ᱟᱡᱟᱜ ᱠᱩᱲᱟᱹᱭ ᱵᱟᱭ ᱦᱟᱛᱟᱣ ᱛᱟᱸᱦᱮᱫ ᱩᱱᱤ ᱫᱚ ᱱᱟᱶᱟ ᱱᱟᱶᱟ ᱞᱟᱸᱫᱟ ᱨᱚᱲ ᱟᱸᱡᱚᱢ ᱮ ᱠᱩᱥᱤᱭᱟᱜ ᱠᱟᱱ ᱛᱟᱸᱦᱮᱫ ᱚᱢᱤᱛᱟᱵᱷ ᱫᱚ ᱜᱷᱟᱱᱮ ᱜᱮ ᱯᱷᱳᱱ ᱠᱟᱛᱮ ᱞᱚᱛᱤᱯᱷᱮ ᱞᱟᱹᱭ ᱟᱫᱮ ᱛᱟᱸᱦᱮᱫ
"The village country today is doing a map through every house, every land, every land in the drones.","आज गवगव हर एक घर क, हर जमन क, डरन क जरए मपग ह रह ह","ᱛᱮᱦᱮᱧ ᱟᱹᱛᱩ ᱟᱹᱛᱩ ᱨᱮ ᱡᱚᱛᱚ ᱚᱲᱟᱜ ᱨᱮᱭᱟᱜ, ᱡᱚᱛᱚ ᱡᱟᱭᱜᱟ ᱨᱮᱭᱟᱜ, ᱰᱨᱳᱱ ᱦᱚᱛᱮᱛᱮ ᱢᱮᱯᱤᱝ ᱦᱩᱭᱩᱜ ᱠᱟᱱᱟ"
"Its much more sale when anthony advertises your products, if its more.","कसन जब मड म अपन उतपद क वजञपन करत ह, त बकर अधक हत ह","ᱪᱟᱹᱥᱤ ᱠᱚ ᱡᱚᱠᱷᱚᱱ ᱢᱟᱱᱰᱤ ᱨᱮ ᱟᱠᱚᱣᱟᱜ ᱟᱨᱡᱟᱣ ᱨᱮᱭᱟᱜ ᱠᱚ ᱵᱤᱪᱷᱱᱟᱹᱣᱟ, ᱛᱚᱠᱷᱚᱱ ᱟᱹᱠᱷᱨᱤᱧ ᱰᱷᱮᱨᱚᱜᱼᱟ"
Regular vaccines and care are needed in the wild because the spread of disease can result in a loss of milk and serious effects on the health of animals.,पशपलन म नयमत टककरण और दखभल आवशयक ह कयक बमरय फलन पर दध उतपदन घट सकत ह और पशओ क सवसथय पर गभर असर पड सकत ह,"ᱡᱤᱭᱟᱹᱞᱤ ᱟᱹᱥᱩᱞ ᱨᱮ ᱫᱤᱱᱟᱹᱢ ᱴᱤᱠᱟ ᱮᱢ ᱟᱨ ᱡᱚᱛᱚᱱ ᱞᱟᱹᱠᱛᱤ, ᱪᱮᱫᱟᱜ ᱥᱮ ᱟᱡᱟᱨ ᱯᱟᱥᱱᱟᱣ ᱞᱮᱱᱠᱷᱟᱱ ᱛᱳᱣᱟ ᱟᱨᱡᱟᱣ ᱠᱚᱢ ᱫᱟᱲᱮᱭᱟᱜᱼᱟ ᱟᱨ ᱡᱤᱭᱟᱹᱞᱤᱠᱚᱣᱟᱜ ᱦᱚᱲᱢᱚ ᱨᱮ ᱜᱟᱹᱦᱤᱨ ᱮᱥᱮᱨ ᱯᱟᱲᱟᱣ ᱫᱟᱲᱮᱭᱟᱜᱼᱟ"
In summer the elephants can be seen in hundreds of flocks.,गरमय म हथय क सकड क झड म दख ज सकत ह,ᱥᱤᱛᱩᱝ ᱫᱤᱱ ᱨᱮ ᱥᱟᱭ ᱥᱟᱭ ᱜᱟᱱ ᱜᱟᱫᱮᱞ ᱨᱮ ᱦᱟᱹᱛᱤ ᱠᱚ ᱧᱮᱞ ᱧᱟᱢᱚᱜᱼᱟ
They set before the frontiers of the police administration in full view of the opportunity.,उनहन मक क पर बयर दत हए पलस परशसन क बरबरत क सदन क समकष रख,ᱩᱱᱤ ᱫᱚ ᱴᱷᱟᱶ ᱨᱮᱭᱟᱜ ᱥᱟᱱᱟᱢ ᱠᱟᱛᱷᱟ ᱞᱟᱹᱭ ᱠᱟᱛᱮ ᱚᱲᱟᱜ ᱴᱷᱮᱱ ᱯᱩᱞᱤᱥ ᱥᱚᱨᱠᱟᱨ ᱟᱜ ᱞᱟᱹᱞᱤᱥ ᱮ ᱞᱟᱹᱭ ᱥᱚᱫᱚᱨ ᱞᱮᱫᱟ
"Their experience, and their zeal, the work of the people.","उनक अनभव, और उनक जश, दश क कम आएग","ᱩᱱᱠᱩᱭᱟᱜ ᱠᱟᱛᱷᱟ, ᱟᱨ ᱩᱱᱠᱩᱭᱟᱜ ᱫᱟᱲᱮ, ᱫᱤᱥᱚᱢ ᱞᱟᱹᱜᱤᱫ ᱠᱟᱹᱢᱤ ᱨᱮ ᱦᱮᱡᱚᱜᱼᱟ"
The formulas explained that the tracks in Cran and Klalalave have become hot and the trains are moving quickly.,सतर न बतय क सयन और करल इलक म पटरय पर जलभरव ह गय ह और टरन दर स चल रह ह,"ᱥᱩᱛᱨᱚ ᱠᱚ ᱵᱟᱰᱟᱭ ᱦᱚᱪᱚ ᱟᱠᱟᱫᱟ ᱡᱮ, ᱥᱤᱭᱚᱱ ᱟᱨ ᱠᱩᱨᱞᱟ ᱴᱚᱴᱷᱟ ᱨᱮ ᱴᱨᱮᱠ ᱨᱮ ᱫᱟᱜ ᱡᱚᱢ ᱟᱠᱟᱱᱟ ᱟᱨ ᱴᱨᱮᱱ ᱠᱚ ᱵᱤᱞᱚᱢ ᱟᱠᱟᱱᱟ"
Think the pentie on playing with more players on the field.,मदन पर अधक खलडय क सथ खलन पर पनलट लगत ह,ᱜᱚᱰᱟ ᱨᱮ ᱡᱟᱹᱥᱛᱤ ᱠᱷᱮᱞᱚᱸᱰᱤᱭᱟᱹ ᱠᱚ ᱥᱟᱞᱟᱜ ᱠᱷᱮᱞᱚᱸᱰ ᱞᱮᱠᱷᱟᱱ ᱯᱮᱱᱟᱞᱴᱤ ᱦᱩᱭᱩᱜᱼᱟ
Theres no patience with those who live now.,आजकल बचच म धरय नह ह,ᱱᱟᱦᱟᱜ ᱜᱤᱫᱽᱨᱟᱹ ᱠᱚ ᱴᱷᱮᱱ ᱫᱷᱚᱨᱡᱚ ᱵᱟᱹᱱᱩᱜᱼᱟ
It was used to loose the soil for harvesting in the farm so that it could easily grow and produce more crops.,खत म आल क फसल क लए मटट क ढल रखन क कम कय गय तक कद आसन स वकसत ह सक और पदवर अधक मल,ᱵᱟᱹᱫᱽ ᱨᱮ ᱟᱞᱩ ᱪᱟᱥ ᱞᱟᱹᱜᱤᱫ ᱦᱟᱥᱟ ᱟᱞᱜᱟ ᱫᱚᱦᱚ ᱨᱮᱭᱟᱜ ᱠᱟᱹᱢᱤ ᱦᱩᱭ ᱞᱮᱱᱟ ᱡᱟᱦᱟᱸᱛᱮ ᱟᱞᱜᱟᱛᱮ ᱠᱚᱸᱰᱟ ᱠᱚ ᱩᱛᱱᱟᱹᱣ ᱫᱟᱲᱮᱭᱟᱜᱼᱟ ᱟᱨ ᱟᱨᱡᱟᱣ ᱰᱷᱮᱨ ᱧᱟᱢ ᱫᱟᱲᱮᱭᱟᱜᱼᱟ
"New machines in the farm increase the speed of work, and farmers are able to do other necessary jobs in time.",खत म नई मशन लगन स कम क गत बढत ह और कसन समय पर अनय जरर करय कर पत ह,ᱵᱟᱹᱫ ᱨᱮ ᱱᱟᱶᱟ ᱢᱮᱥᱤᱱ ᱞᱟᱜᱟᱣ ᱞᱮᱠᱷᱟᱱ ᱠᱟᱹᱢᱤ ᱨᱮᱭᱟᱜ ᱜᱚᱛᱤ ᱵᱟᱹᱲᱛᱤᱜᱼᱟ ᱟᱨ ᱪᱟᱹᱥᱤ ᱠᱚ ᱚᱠᱛᱚ ᱨᱮ ᱮᱴᱟᱜ ᱞᱟᱹᱠᱛᱤᱭᱟᱱ ᱠᱟᱹᱢᱤ ᱠᱚ ᱠᱚᱨᱟᱣ ᱫᱟᱲᱮᱭᱟᱜᱼᱟ
"Modern shopping malls are also found in the city. Dubai free of charge, which is at the Swiss International airport, provides a variety of products for international passengers who use international airports.","आधनक शपग मल और बटक भ शहर म पए जत ह . दबई डयट मकत ज दबई अतररषटरय हवई अडड म ह नशलक बहरषटरय यतर ज दबई अतररषटरय हवई अडड क इसतमल करत ह, उनक अनक उतपद परदन करत ह","ᱱᱟᱦᱟᱜ ᱥᱚᱯᱤᱝ ᱢᱚᱞ ᱟᱨ ᱵᱳᱴᱤᱠ ᱠᱚᱦᱚᱸ ᱱᱚᱣᱟ ᱥᱟᱦᱟᱨ ᱨᱮ ᱧᱟᱢᱚᱜᱼᱟ ᱫᱩᱵᱟᱭ ᱰᱤᱣᱩᱴᱤ ᱯᱷᱨᱤ ᱡᱟᱸᱦᱟ ᱫᱚ ᱫᱩᱵᱟᱭ ᱡᱮᱜᱮᱛᱟᱹᱨᱤ ᱩᱰᱟᱹᱱ ᱟᱰᱟ ᱨᱮ ᱢᱮᱱᱟᱜᱼᱟ, ᱫᱩᱵᱟᱭ ᱡᱮᱜᱮᱛᱟᱹᱨᱤ ᱩᱰᱟᱹᱱ ᱟᱰᱟ ᱨᱮᱱᱟᱜ ᱵᱮᱵᱷᱟᱨ ᱠᱚ ᱟᱭᱢᱟ ᱞᱮᱠᱟᱱ ᱡᱤᱱᱤᱥ ᱠᱚ ᱵᱤᱱ ᱜᱚᱱᱚᱝ ᱛᱮ ᱮᱢᱚᱜᱼᱟ"
"Not in the north country of Hong Kong, Hong Kong is a cultural experience for the locals and traditional fortresses in the lake festival.",उततरखड म ननतल झल महतसव म लकमडल और परपरक गढवल वयजन मलकर ससकतक आनद दत ह,ᱩᱛᱛᱚᱨᱟᱠᱷᱚᱱᱰ ᱨᱮᱭᱟᱜ ᱱᱳᱭᱱᱤᱛᱟᱞ ᱫᱟᱨᱦᱟ ᱯᱚᱨᱚᱵᱽ ᱨᱮ ᱦᱚᱲ ᱜᱟᱫᱮᱞ ᱟᱨ ᱥᱮᱨᱣᱟ ᱟᱱᱟᱜ ᱜᱟᱲᱳᱣᱟᱞᱤ ᱡᱚᱢᱟᱜ ᱢᱤᱫ ᱥᱟᱶᱛᱮ ᱞᱟᱠᱪᱟᱨ ᱨᱟᱹᱥᱠᱟᱹ ᱮᱢᱟ
There are also American and European businesses in the foreign customers who run the chain of stores.,"कमज क वदश गरहक म अमरक और यरप क ऐस वयवसय भ ह, ज सटरस क शरखल चलत ह","ᱥᱤᱨᱤᱡᱽ ᱨᱮᱭᱟᱜ ᱵᱟᱦᱨᱮ ᱠᱟᱹᱣᱰᱤᱟᱹᱨᱤ ᱨᱮ ᱟᱢᱮᱨᱤᱠᱟ ᱟᱨ ᱤᱣᱨᱳᱯ ᱨᱮᱱ ᱠᱟᱹᱣᱰᱤᱟᱹᱨᱤ ᱦᱚᱸ ᱥᱮᱞᱮᱫ ᱢᱮᱱᱟᱜ ᱠᱚᱣᱟ, ᱚᱠᱚᱭ ᱫᱚ ᱥᱴᱳᱨᱥ ᱨᱮᱭᱟᱜ ᱪᱮᱱᱮᱞ ᱠᱚ ᱪᱟᱞᱟᱣ ᱟᱠᱚᱣᱟ"
"On this occasion, the railway minister was present with the Amazon Andrey and Dr.",इस मक पर अमत शह क सथ रल मतर पयष गयल और ड. हरषवरधन भ मजद थ.,"ᱱᱚᱶᱟ ᱴᱷᱟᱶ ᱨᱮ, ᱚᱢᱤᱛ ᱥᱟᱦᱚ ᱥᱟᱶᱛᱮ ᱨᱮᱞ ᱢᱚᱱᱛᱨᱤ ᱯᱤᱭᱩᱥ ᱜᱳᱭᱮᱞ ᱟᱨ ᱰᱚᱠᱴᱚᱨ ᱦᱚᱨᱥ ᱵᱚᱨᱫᱷᱚᱱ ᱦᱚᱸ ᱥᱮᱞᱮᱫ ᱞᱮᱱᱟᱭ"
"Sir S. C. C. C. C. C. C. D. C. C. C. C.C., of C.C.A., the editor of data in Crisinfo has concluded that the 200020 s has been the best 10yearyearyearold time for testing cameras since the 1940s.","करकइनफ Cricinfo क आकड क सपदक एस रजश न यह नषकरष नकल ह क 20002009 क दशक 1940 क दशक स टसट बललबज क लए सरवशरषठ 10वरष क समय रह ह इस अवध क दरन मरलधरन सपषट रप स टसट वकट लन वल परमख गदबज रह जनहन गद पर बलल क परभतव क बवजद 20.97 क औसत स 565 वकट अपन झल म डल शन वरन न इस दशक क दरन 25.17 क औसत स 357 वकट हसल कय टसट मच म 100 स अधक वकट लन वल सपनर म कवल जन बरगस 17.75, जम लकर 21.24, बल ओ रल 22.59 और कलर गरमट 24.21 क गदबज औसत 25.00 स बहतर ह","ᱠᱨᱤᱠᱤᱱᱯᱷᱳ ᱨᱮᱱᱟᱜ ᱯᱚᱨᱤᱥᱚᱝᱠᱷᱟᱱ ᱥᱟᱥᱟᱯᱲᱟᱣᱤᱡ ᱮᱥᱹ ᱨᱟᱡᱮᱥ ᱮ ᱜᱚᱴᱟ ᱟᱠᱟᱫᱟ ᱡᱮ ᱒᱐᱐᱐ᱼ᱒᱐᱐᱙ ᱫᱚᱥᱚᱠ ᱫᱚ ᱑᱙᱔᱐ ᱫᱚᱥᱚᱠ ᱛᱟᱭᱚᱢ ᱠᱷᱚᱱ ᱴᱮᱥᱴ ᱵᱮᱴᱥᱢᱮᱱ ᱠᱚ ᱞᱟᱹᱜᱤᱫ ᱥᱚᱨᱮᱥ ᱑᱐ ᱥᱮᱨᱢᱟ ᱨᱮᱱᱟᱜ ᱚᱠᱛᱚ ᱠᱟᱱᱟ ᱱᱚᱣᱟ ᱚᱠᱛᱚ ᱨᱮ ᱢᱩᱨᱞᱤᱫᱷᱚᱨᱚᱱ ᱫᱚ ᱴᱮᱥᱴ ᱨᱮᱱᱟᱜ ᱢᱟᱨᱟᱝ ᱩᱭᱠᱮᱴ ᱦᱟᱛᱟᱣᱤᱡ ᱮ ᱛᱟᱸᱦᱮ ᱠᱟᱱᱟ ᱵᱮᱴ ᱛᱮ ᱟᱹᱭᱫᱷᱟᱹᱨ ᱛᱟᱸᱦᱮᱱ ᱛᱩᱞᱩᱡ ᱦᱚᱸ ᱵᱚᱞ ᱛᱮ ᱕᱖᱕᱕ ᱩᱭᱠᱮᱴ ᱮ ᱦᱟᱛᱟᱣ ᱞᱮᱫᱟ ᱱᱚᱣᱟ ᱫᱚᱥᱚᱠ ᱨᱮ ᱥᱮᱱ ᱣᱟᱨᱱ ᱫᱚ ᱒᱕ᱹ᱑᱗ ᱜᱚᱲ ᱨᱮ ᱓᱕᱗ ᱩᱭᱠᱮᱴ ᱮ ᱦᱟᱛᱟᱣ ᱞᱮᱫᱟ ᱴᱮᱥᱴ ᱢᱮᱪ ᱨᱮ ᱑᱐᱐ ᱩᱭᱠᱮᱴ ᱠᱷᱚᱱ ᱵᱟᱹᱲᱛᱤ ᱩᱭᱠᱮᱴ ᱦᱟᱛᱟᱣᱤᱡ ᱥᱯᱤᱱᱟᱨ ᱠᱚ ᱢᱩᱫᱽᱨᱮ ᱮᱠᱷᱮᱱ ᱡᱚᱱ ᱵᱨᱤᱜᱥ ᱑᱗ᱹ᱗᱕, ᱡᱤᱢ ᱞᱮᱠᱟᱨ ᱒᱑ᱹ᱒᱔, ᱵᱤᱞ ᱳᱨᱟᱭᱞᱤ ᱒᱒᱒ᱹ᱕᱙ ᱟᱨ ᱠᱞᱮᱨᱤ ᱜᱨᱤᱢᱮᱴ"
"My dear country citizen, theres a lifesanity for our vice presidents, and you have also heard about this advice. That means keep moving, keep moving.","मर पयर दशवसय, हमर उपनषद क एक जवन मनतर ह चरवतचरवतचरवत आपन भ इस मनतर क जरर सन हग इसक अरथ ह चलत रह, चलत रह","ᱤᱧ ᱨᱤᱱ ᱫᱩᱞᱟᱹᱲᱚᱜ ᱫᱤᱥᱚᱢ ᱦᱚᱲ ᱠᱚ, ᱟᱵᱚᱣᱟᱜ ᱩᱯᱱᱤᱥᱚᱫᱽ ᱨᱮᱭᱟᱜ ᱢᱤᱫᱴᱟᱹᱝ ᱡᱤᱵᱚᱱ ᱢᱟᱱᱛᱟᱨ ᱢᱮᱱᱟᱜᱼᱟᱼ ᱪᱟᱨᱟᱭᱵᱮᱛᱤᱼᱪᱟᱨᱟᱭᱵᱮᱛᱤᱼᱪᱟᱨᱟᱭᱵᱮᱛᱤᱼ ᱟᱯᱮ ᱦᱚᱸ ᱱᱚᱣᱟ ᱢᱟᱱᱛᱟᱨ ᱫᱚ ᱟᱸᱡᱚᱢ ᱜᱮᱭᱟ ᱱᱚᱣᱟ ᱨᱮᱭᱟᱜ ᱢᱮᱱᱮᱫ ᱫᱚ ᱦᱩᱭᱩᱜ ᱠᱟᱱᱟᱼ ᱪᱟᱞᱟᱜ ᱢᱮ, ᱪᱟᱞᱟᱜ ᱢᱮ"
"When farmers collect vegetables in the fields at the time, the vegetables get large size and quality.","खत म जब कसन आल क फसल क समय पर सचई करत ह, त आल बड आकर क और गणवततपरण नकलत ह","ᱵᱟᱹᱫᱽ ᱨᱮ ᱪᱟᱹᱥᱤ ᱠᱚ ᱡᱚᱠᱷᱚᱱ ᱚᱠᱛᱚ ᱨᱮ ᱟᱞᱩ ᱪᱟᱥ ᱨᱮ ᱫᱟᱜ ᱠᱚ ᱮᱢᱼᱟ, ᱩᱱ ᱫᱚ ᱟᱞᱩ ᱫᱚ ᱟᱹᱰᱤ ᱢᱟᱨᱟᱝ ᱟᱨ ᱱᱟᱯᱟᱭ ᱞᱮᱠᱟᱱᱟᱜ ᱦᱩᱭᱩᱜᱼᱟ"
"How many are cow, calf, goat, and pig in the village?","गव म गय, भस, बल, बकर और सअर कतन ह?","ᱟᱹᱛᱩ ᱨᱮ ᱛᱤᱱᱟᱹᱜ ᱰᱟᱹᱝᱜᱽᱨᱤ, ᱵᱤᱛᱠᱤᱞ, ᱥᱟᱬ, ᱢᱮᱨᱚᱢ ᱟᱨ ᱥᱩᱠᱨᱤ ᱢᱮᱱᱟᱜ ᱠᱚᱣᱟ ?"
Brothers and Brothers,बहन और भइय,ᱵᱚᱭᱦᱟ ᱟᱨ ᱵᱚᱭᱦᱟ ᱠᱚ
"I bought for the cows yesterday a new provision, and found that their health is better than their health, so that the quality of milk will be better.","मन कल गय क लए नय चर खरद और दख क उनक सवसथय पहल स बहतर ह, जसस दध क गणवतत भ अचछ रहग","ᱤᱧ ᱦᱚᱞᱟ ᱰᱟᱹᱝᱜᱽᱨᱤ ᱠᱚ ᱞᱟᱹᱜᱤᱫ ᱱᱟᱶᱟ ᱡᱚᱢᱟᱜ ᱤᱧ ᱠᱤᱨᱤᱧ ᱞᱮᱫᱟ ᱟᱨ ᱤᱧ ᱧᱮᱞ ᱠᱮᱫᱟ ᱡᱮ ᱩᱱᱠᱩᱣᱟᱜ ᱦᱚᱲᱢᱚ ᱢᱟᱲᱟᱝ ᱠᱷᱚᱱ ᱵᱷᱟᱜᱮ ᱜᱮᱭᱟ, ᱡᱟᱦᱟᱸ ᱫᱚ ᱛᱳᱣᱟ ᱨᱮᱭᱟᱜ ᱜᱩᱱᱢᱟᱱ ᱦᱚᱸ ᱵᱷᱟᱹᱜᱤ ᱜᱮᱭᱟ"
"As a result, they have been able to help people to learn about Gods Kingdom and the hope of everlasting life on a paradise earth. See the box The Bibles Viewpoint What Does God Require of Us?",गजरत वदयपठ न भ सकरतमक सज क एक यदगर मसल पश क ह,ᱜᱩᱡᱨᱟᱴ ᱵᱤᱫᱽᱫᱟᱹᱜᱟᱲ ᱦᱚᱸ ᱱᱟᱯᱟᱭ ᱥᱟᱹᱡᱟᱹᱭ ᱨᱮᱭᱟᱜ ᱢᱤᱫᱴᱟᱝ ᱩᱭᱦᱟᱹᱨᱟᱱ ᱫᱟᱹᱭᱠᱟᱹ ᱩᱫᱩᱜ ᱟᱠᱟᱫᱟ
"And I am very content, when a poor man write unto me a letter, and saith unto me how small are the prices of a poor mans poverty due to GST.","और मझ बहत सतष हत ह, खश हत ह, जब कई गरब मझ चटठ लख करक कहत ह क GST क करण एक गरब क जररत क चज म कस दम कम हए ह, चज कस ससत हई ह","ᱟᱨ ᱤᱧ ᱟᱹᱰᱤ ᱨᱟᱹᱥᱠᱟᱹᱧ ᱟᱹᱭᱠᱟᱹᱣ ᱮᱫᱟ, ᱨᱟᱹᱥᱠᱟᱹᱧ ᱟᱹᱭᱠᱟᱹᱣ ᱮᱫᱟ, ᱡᱚᱠᱷᱚᱱ ᱡᱟᱦᱟᱸᱭ ᱨᱮᱸᱜᱮᱡ ᱤᱧ ᱪᱤᱴᱷᱤ ᱚᱞ ᱠᱟᱛᱮᱭ ᱞᱟᱹᱭ ᱮᱫᱟ ᱡᱮ, ᱡᱤᱹᱮᱥᱹᱴᱤ ᱠᱷᱟᱹᱛᱤᱨ ᱢᱤᱫ ᱨᱮᱸᱜᱮᱡ ᱦᱚᱲᱟᱜ ᱞᱟᱹᱠᱛᱤᱭᱟᱱ ᱡᱤᱱᱤᱥ ᱠᱚ ᱨᱮᱭᱟᱜ ᱜᱚᱱᱚᱝ ᱪᱮᱫ ᱞᱮᱠᱟ ᱠᱚᱢ ᱟᱠᱟᱱᱟ, ᱡᱤᱱᱤᱥ ᱠᱚ ᱪᱮᱫ ᱞᱮᱠᱟ ᱥᱚᱥᱛᱟ ᱟᱠᱟᱱᱟ"
It takes regular supply of fresh water and green grass to sustain their health and milk.,"पशपलन म गय और भस क नयमत रप स तज पन और हर घस दन आवशयक ह, तक उनक सवसथय और दध उतपदन बहतर रह","ᱡᱤᱭᱟᱹᱞᱤ ᱟᱹᱥᱩᱞ ᱨᱮ ᱰᱟᱹᱝᱜᱽᱨᱤ ᱟᱨ ᱵᱤᱛᱠᱤᱞ ᱠᱚ ᱞᱮᱛᱟᱲ ᱜᱮ ᱦᱮᱲᱮᱢ ᱫᱟᱜ ᱟᱨ ᱦᱟᱹᱨᱭᱟᱹᱲ ᱛᱟᱥᱟᱫ ᱮᱢ ᱞᱟᱹᱠᱛᱤ ᱠᱟᱱᱟ, ᱡᱟᱦᱟᱸᱛᱮ ᱩᱱᱠᱩᱣᱟᱜ ᱦᱚᱲᱢᱚ ᱟᱨ ᱛᱳᱣᱟ ᱟᱨᱡᱟᱣ ᱟᱨᱦᱚᱸ ᱱᱟᱯᱟᱭ ᱦᱩᱭᱩᱜᱼᱟ"
"With firm determination, hard work, strong discipline, and strong discipline, at the age of 48.","दढ सकलप, कठर महनत और कड अनशसन क बदलत 48 वरष क उमर म 20 मई 2011 क मउणट एवरसट पर वजय पतक फहरय","ᱠᱮᱴᱮᱡ ᱢᱚᱱᱮ,ᱡᱩᱞᱩᱝ ᱡᱷᱩᱴᱟᱣ ᱟᱨ ᱟ.ᱰᱤ ᱢᱟᱱᱟᱣ ᱵᱟᱛᱟᱣ ᱛᱮ ᱔᱘ ᱵᱚᱪᱷᱚᱨ ᱩᱢᱮᱨ ᱨᱮ ᱒᱐ ᱢᱟᱭ ᱒᱐᱑᱑ ᱦᱤᱞᱚᱜ ᱢᱟᱩᱱᱴ ᱮᱵᱨᱮᱥᱴ ᱨᱮ ᱡᱤᱛᱠᱟ.ᱨ ᱪᱤᱨᱮ ᱩᱰᱟᱣ ᱞᱮᱫᱟ"
A lot of wealth.,बहतबहत धनयवद,ᱟᱹᱰᱤ ᱟᱭᱢᱟ ᱥᱟᱨᱦᱟᱣ
Its the smallest bird.,बटर सबस छट पकष हत ह,ᱠᱩᱭᱮᱞ ᱫᱚ ᱡᱚᱛᱚ ᱠᱷᱚᱱ ᱦᱩᱰᱤᱧ ᱪᱮᱬᱮ ᱠᱟᱱᱟᱭ
Stephen Butler,सटफन फलमग,ᱥᱴᱤᱯᱷᱮᱱ ᱯᱷᱞᱮᱢᱤᱝ
"I also urge you to join them on social media if you have information about such efforts as addition, age, and our traditional treatments.","म आपस भ आगरह करत ह क यद आपक पस यग, आयरवद और हमर परपरक उपचर वधय स सबधत ऐस परयस क जनकर ह, त कपय उनह सशल मडय पर सझ कर","ᱤᱧ ᱟᱢ ᱴᱷᱮᱱ ᱦᱚᱸ ᱠᱟᱛᱷᱟ ᱮᱢ ᱦᱩᱭᱩᱜ ᱠᱟᱱᱟ ᱡᱮ, ᱡᱩᱫᱤ ᱟᱢ ᱴᱷᱮᱱ ᱡᱳᱜ, ᱟᱭᱩᱨᱵᱷᱮᱫ ᱟᱨ ꯑꯈꯏ ᱨᱮᱭᱟᱜ ᱥᱮᱨᱣᱟ ᱟᱱᱟᱜ ᱜᱷᱟᱹᱞ ᱨᱮᱭᱟᱜ ᱦᱚᱨᱟ ᱠᱚ ᱥᱟᱶ ᱥᱮᱞᱮᱫ ᱟᱠᱟᱱ ᱱᱚᱶᱟ ᱞᱮᱠᱟᱱ ᱠᱟᱹᱢᱤ ᱨᱮᱭᱟᱜ ᱠᱟᱛᱷᱟ ᱢᱮᱱᱟᱜᱼᱟ, ᱩᱱᱫᱚ ᱟᱢ ᱚᱱᱟ ᱫᱚ ᱥᱳᱥᱮᱞ ᱢᱮᱰᱤᱭᱟ ᱨᱮ ᱩᱫᱩᱜ ᱥᱚᱫᱚᱨ ᱢᱮ"
In the village farmers believe that the water of the pond is cold and nutritious.,गव म कसन यह मनत ह क तलब क पन सबस ठड और पषटक हत ह,"ᱟᱹᱛᱩ ᱨᱮᱱ ᱪᱟᱹᱥᱤ ᱠᱚ ᱯᱟᱹᱛᱭᱟᱹᱣᱟ ᱡᱮ, ᱯᱩᱠᱷᱨᱤ ᱨᱮᱭᱟᱜ ᱫᱟᱜ ᱫᱚ ᱡᱚᱛᱚ ᱠᱷᱚᱱ ᱨᱮᱭᱟᱲ ᱟᱨ ᱯᱩᱥᱴᱤ ᱟᱱᱟᱜ ᱠᱟᱱᱟ"
"The Royal golf course, located on Lake Victoria, is considered one of Indias greatest golf course.",शरनगर म डल झल क कनर सथत रयल सपरगस गलफ करस क भरत क सरवशरषठ गलफ करस म स एक मन जत ह,ᱥᱨᱤᱱᱚᱜᱚᱨ ᱨᱮᱭᱟᱜ ᱰᱟᱞ ᱫᱟᱨᱦᱟ ᱫᱷᱟᱨᱮ ᱨᱮ ᱢᱮᱱᱟᱜ ᱨᱚᱭᱮᱞ ᱥᱯᱨᱤᱝᱥ ᱜᱚᱞᱯᱷ ᱠᱳᱨᱥ ᱫᱚ ᱵᱷᱟᱨᱚᱛ ᱨᱮᱭᱟᱜ ᱥᱚᱨᱮᱥ ᱜᱚᱞᱯᱷ ᱠᱳᱨᱥ ᱠᱚ ᱢᱩᱫᱽᱨᱮ ᱢᱤᱫᱴᱟᱝ ᱢᱮᱱᱛᱮ ᱢᱚᱱᱮ ᱦᱩᱭᱩᱜᱼᱟ
"Before the second battle had become his national residence in the United States, the philosophy that William van van dermati had used was that of writing psychological dramas, which gave him a play by the RolinsSyders, which led to his play by AzasSzanceGang, Args song. He sought to display the images in their natural environment.","दसर लडई क परव ह अमरक म अपन रषटरय नटयशल बन गई थ ज वचरधर वलयम वन मड न मनवजञनक नटक क लखन क चलई थ, उस रल करथरस न अपन नटक अएज हसवडसग तथ ससन ऐड गड क दवर और आग बढय जयरज कल न अपन नटक म पतर क उनक सवभवक वतवरण म दखन क परयतन कय एलमर रइस न सरवपरथम छयचतर क टकनक क नटयशल म वयवहर कय इसक लख हए सटरट सन, व द पपल, बड आकरषत सदध हए अब रगमच पर बजल क सहर नए नए परयग पररभ हए आलक तथ छय क परयग स नए दय उतपनन कए जन लग","ᱫᱚᱥᱟᱨ ᱞᱟᱹᱲᱦᱟᱹᱭ ᱞᱟᱦᱟ ᱨᱮᱜᱮ ᱟᱢᱮᱨᱤᱠᱟ ᱨᱮ ᱟᱡᱟᱜ ᱡᱟᱹᱛᱤᱭᱟᱹᱨᱤ ᱜᱟᱭᱟᱱ ᱚᱲᱟᱜ ᱵᱮᱱᱟᱣ ᱦᱩᱭ ᱞᱮᱱᱟ ᱩᱭᱞᱤᱭᱟᱢ ᱵᱷᱮᱱ ᱢᱩᱰᱤ ᱫᱚ ᱢᱚᱱᱚᱥᱛᱤᱠ ᱜᱟᱭᱟᱱ ᱚᱞ ᱨᱮᱱᱟᱜ ᱫᱷᱟᱨᱚᱱᱟ ᱮ ᱮᱛᱚᱦᱚᱵ ᱞᱮᱫᱟ, ᱚᱱᱟ ᱫᱚ ᱨᱟᱣᱩᱞ ᱠᱨᱳᱛᱷᱟᱨᱥ ᱫᱚ ᱟᱡᱟᱜ ᱜᱟᱭᱟᱱ ᱮᱡ ᱦᱟᱥᱵᱷᱟᱱᱰᱚᱥ ᱜᱳ ᱟᱨ ᱥᱩᱥᱟᱱ ᱮᱱᱰ ᱜᱮᱰ ᱦᱚᱛᱮᱛᱮ ᱟᱨ ᱦᱚᱸ ᱠᱚ ᱞᱟᱦᱟ ᱤᱫᱤ ᱠᱮᱫᱟ ᱡᱚᱨᱡᱽ ᱠᱮᱞᱤ ᱫᱚ ᱟᱡᱟᱜ ᱜᱟᱭᱟᱱ ᱨᱮᱱᱟᱜ ᱪᱩᱨᱤᱛ ᱠᱚ ᱩᱱᱠᱩᱣᱟᱜ ᱥᱟᱪᱟᱨᱦᱮᱫ ᱞᱟᱭᱚᱝ ᱨᱮ ᱩᱫᱩᱜ ᱨᱮᱱᱟᱜ ᱮ ᱠᱩᱨᱩᱢᱩᱴᱩ ᱞᱮᱫᱟ ᱮᱞᱢᱟᱨ ᱨᱟᱭᱤᱥ ᱫᱚ ᱯᱩᱭᱞᱩ ᱜᱟᱭᱟᱱ ᱚᱲᱟᱜ ᱨᱮ ᱪᱤᱛᱟᱹᱨ ᱞᱟᱜᱟᱣ ᱨᱮᱱᱟᱜ ᱠᱟᱹᱭᱫᱩᱥ ᱠᱚ ᱩᱫᱩᱜ ᱠᱮᱫᱟ ᱱᱚᱣᱟ ᱨᱮᱱᱟᱜ ᱚᱞ ᱰᱟᱦᱟᱨ ᱨᱮᱱᱟᱜ ᱧᱮᱱᱮᱞᱚᱢ ᱠᱚ, ᱵᱷᱤ ᱫᱤ ᱯᱤᱯᱩᱞ, ᱟᱹᱰᱤ ᱨᱤᱡᱷᱟᱹᱣᱟᱱᱟᱜ ᱮ ᱥᱟᱹᱵᱩᱫ ᱠᱮᱫᱟ ᱱᱤᱛᱚᱜ ᱜᱟᱭᱟᱱ ᱚᱲᱟᱜ ᱨᱮ ᱵᱤᱡᱽᱞᱤ ᱜᱚᱲᱚ ᱛᱮ ᱱᱟᱶᱟ ᱱᱟᱶᱟ ᱵᱤᱰᱟᱹᱣ ᱠᱚ ᱮᱦᱚᱵ ᱠᱮᱫᱟ ᱟᱨᱥᱟᱞ ᱟᱨ ᱩᱢᱩᱞ ᱨᱮᱱᱟᱜ ᱵᱮᱣᱦᱟᱨ ᱛᱮ"
"The Hindu religion has a holy river, Jamuna, the only major river that flows from Delhi.","हद धरम म एक पवतर नद, यमन, दलल स हकर बहन वल एकमतर परमख नद ह",ᱦᱤᱱᱫᱩ ᱫᱷᱚᱨᱚᱢ ᱨᱮᱭᱟᱜ ᱢᱤᱫᱴᱟᱝ ᱥᱚᱱᱚᱛ ᱱᱟᱹᱭ ᱡᱚᱢᱩᱱᱟ ᱫᱚ ᱦᱩᱭᱩᱜ ᱠᱟᱱᱟ ᱫᱤᱞᱞᱤ ᱛᱟᱞᱟᱛᱮ ᱞᱤᱸᱜᱤᱱ ᱢᱤᱫᱴᱟᱝ ᱥᱩᱢᱩᱝ ᱢᱩᱲᱩᱫ ᱱᱟᱹᱭ
"In August 1992, at the age of 20, Murali Gonan had started his career against Australia in the Bosama, and had taken a 31 run by 141 run.",28 अगसत 1992 क 20 सल क उमर म मरलधरन न खतरम सटडयम म ऑसटरलय क खलफ अपन शरआत क थ और 141 रन दकर 3 वकट लय थ करग मकडरमट उनक पहल टसट वकट थ उनक अजब शल और उनक कणय रनअप स पत चल क व रनऑफदमल सपनर नह थ अपन पहल टसट क दरन उनहन एक ऐस आउट कय थ जसस कई लग क मरलधरन क वशष शकतय क बर म आशवसत कर दय थ इसम टम मड क लग सटप उखड गय थ जब उनहन एक गद म कध क इसतमल कय थ और यह गद ऑफसटप क दफट बहर जकर गर थ,᱑᱙᱙᱒ ᱥᱟᱦᱤᱛ ᱨᱮᱱᱟᱜ ᱒᱘ ᱟᱜᱚᱥᱴ ᱒᱐ ᱥᱮᱨᱢᱟ ᱩᱢᱮᱨ ᱨᱮ ᱠᱷᱮᱛᱟᱨᱟᱢᱟ ᱥᱴᱮᱰᱤᱭᱟᱢ ᱨᱮ ᱚᱥᱴᱨᱮᱞᱤᱭᱟ ᱵᱤᱨᱩᱫᱷ ᱨᱮ ᱢᱩᱨᱞᱤᱫᱷᱚᱨᱚᱱ ᱟᱡᱛᱮᱭ ᱥᱚᱫᱚᱨ ᱥᱟᱢᱟᱝ ᱞᱮᱱᱟᱭ ᱟᱨ ᱑᱔᱑ ᱨᱟᱱ ᱨᱮ ᱓ ᱩᱭᱠᱮᱴᱮ ᱦᱟᱛᱟᱣ ᱞᱮᱫᱟ ᱠᱨᱮᱜ ᱢᱮᱠᱰᱟᱨᱢᱚᱴ ᱟᱭᱟᱜ ᱯᱩᱭᱞᱩ ᱴᱮᱥᱴ ᱩᱭᱠᱮᱴ ᱛᱟᱸᱦᱮᱠᱟᱱᱟᱭ ᱩᱱᱤᱭᱟᱜ ᱦᱟᱦᱟᱲᱟ ᱠᱟᱹᱨᱤ ᱟᱨ ᱠᱳᱱᱤᱭᱚ ᱨᱟᱱᱼᱟᱯ ᱨᱮᱱᱟᱜ ᱢᱮᱱᱮᱫ ᱫᱚ ᱛᱟᱸᱦᱮᱠᱟᱱᱟ ᱡᱮ ᱩᱱᱤ ᱫᱚ ᱨᱟᱱ ᱚᱯᱷ ᱫᱟ ᱢᱤᱞ ᱥᱯᱤᱱᱟᱨ ᱫᱚ ᱵᱟᱝ ᱠᱟᱱᱟᱭ ᱟᱡᱟᱜ ᱯᱩᱭᱞᱩ ᱴᱮᱥᱴ ᱚᱠᱛᱚ ᱨᱮ ᱩᱱᱤ ᱱᱚᱝᱠᱟᱱ ᱢᱤᱫᱴᱮᱱ ᱟᱣᱩᱴ ᱮ ᱠᱚᱨᱟᱣ ᱞᱮᱫᱟ ᱡᱟᱸᱦᱟ ᱫᱚ ᱢᱩᱨᱞᱤᱫᱷᱚᱨᱚᱱ ᱟᱜ ᱠᱷᱟᱥ ᱫᱟᱲᱮ ᱵᱟᱵᱚᱛ ᱛᱮ ᱟᱹᱰᱤ ᱦᱚᱲᱮ ᱪᱤᱨᱜᱟᱹᱞ ᱞᱮᱫ ᱠᱚᱣᱟ ᱴᱚᱢ ᱢᱩᱰᱤᱭᱟᱜ ᱞᱮᱜ ᱥᱴᱟᱢᱯ ᱨᱮ ᱢᱤᱫᱴᱮᱱ ᱵᱚᱞ ᱨᱮ ᱟᱡᱟᱜ ᱛᱟᱨᱮᱱᱟᱜ ᱮ ᱵᱮᱣᱦᱟᱨ ᱞᱮᱫᱟ ᱟᱨ ᱵᱚᱞ ᱫᱚ ᱚᱯᱷ ᱥᱴᱟᱢᱯ ᱠᱷᱚᱱ ᱵᱟᱨ ᱯᱷᱩᱴ ᱵᱟᱦᱨᱮ ᱨᱮ ᱪᱟᱞᱟᱣ ᱠᱟᱛᱮᱜ ᱮ ᱧᱩᱨ ᱞᱮᱱᱟ
India has refused Pakistans efforts to present a dangerous picture of biscubic relationships and has urged Pakistan to stop taking such an antiplosive approach.,भरत न दवपकषय सबध क खतरनक तसवर परसतत करन क पकसतन क परयस क असवकर कर दय ह और ऐस एकतरफ उपय क लन स रकन क लए पकसतन स आगरह कय ह,ᱵᱷᱟᱨᱚᱛ ᱫᱚ ᱵᱟᱨ ᱫᱤᱥᱚᱢ ᱨᱮᱭᱟᱜ ᱡᱳᱜᱟᱡᱳᱜ ᱨᱮᱭᱟᱜ ᱢᱤᱫᱴᱟᱝ ᱜᱷᱟᱹᱞᱟᱱ ᱪᱤᱛᱟᱹᱨ ᱩᱫᱩᱜ ᱨᱮᱭᱟᱜ ᱯᱟᱠᱤᱥᱛᱟᱱ ᱟᱜ ᱠᱟᱛᱷᱟ ᱵᱟᱝ ᱠᱚ ᱵᱟᱛᱟᱶ ᱟᱠᱟᱫᱟ ᱟᱨ ᱱᱚᱶᱟ ᱞᱮᱠᱟᱱ ᱢᱤᱫ ᱥᱮᱫ ᱨᱮᱭᱟᱜ ᱠᱟᱹᱢᱤ ᱦᱚᱨᱟ ᱵᱟᱝ ᱦᱟᱛᱟᱣ ᱞᱟᱹᱜᱤᱫ ᱯᱟᱠᱤᱥᱛᱟᱱ ᱴᱷᱮᱱ ᱮ ᱠᱟᱛᱷᱟ ᱮᱢ ᱟᱠᱟᱫᱟ
"But you can writeyou, that right? Your love allows me to ride in the moon twice and come back safe.","लकन आपआपआप लख सकत ह क ह, आपक परम मझ द बर चदरम म घमन और सरकषत वपस आन दत ह","ᱢᱮᱱᱠᱷᱟᱱ ᱟᱢᱼᱟᱢᱼᱟᱢ ᱚᱞ ᱫᱟᱲᱮᱭᱟᱜᱼᱟ ᱡᱮ, ᱦᱚᱭ, ᱟᱢᱟᱜ ᱱᱟᱯᱟᱭ ᱫᱚ ᱤᱧ ᱵᱟᱨ ᱫᱷᱟᱣ ᱪᱟᱸᱫᱳ ᱨᱮ ᱫᱟᱬᱟᱱ ᱞᱟᱹᱜᱤᱫ ᱟᱨ ᱱᱟᱯᱟᱭ ᱛᱮ ᱨᱩᱣᱟᱹᱲ ᱦᱮᱡ ᱞᱟᱹᱜᱤᱫ ᱮ ᱮᱢᱼᱟ"
The anointed said that the school ministers sanctika was impressed by Indias call to raise awareness about the campaign.,अभषक न कह क उनहन परधनमतर क सवचछ भरत आहवन स परभवत हकर इस अभयन क बर म लग क बच जगरकत बढन क लए इस यतर क आगज कय ह,"ᱚᱵᱷᱤᱥᱮᱠ ᱢᱮᱱ ᱠᱮᱜᱼᱟᱭ ᱡᱮ, ᱢᱟᱨᱟᱝ ᱢᱚᱱᱛᱨᱤᱭᱟᱜ ᱥᱩᱪᱚ ᱵᱷᱟᱨᱚᱛ ᱨᱮᱭᱟᱜ ᱠᱟᱛᱷᱟ ᱛᱮ ᱮᱥᱮᱨ ᱠᱟᱛᱮ, ᱩᱱᱤ ᱫᱚ ᱱᱚᱶᱟ ᱠᱟᱹᱢᱤᱦᱚᱨᱟ ᱤᱫᱤ ᱠᱟᱛᱮ ᱦᱚᱲ ᱠᱚ ᱢᱩᱫᱨᱮ ᱪᱤᱨᱜᱟᱹᱞ ᱵᱟᱹᱲᱛᱤ ᱞᱟᱹᱜᱤᱫ ᱱᱚᱶᱟ ᱰᱟᱦᱟᱨ ᱮ ᱮᱛᱚᱦᱚᱵ ᱟᱠᱟᱫᱟ"
"There are villages between rivers, hills, and deserts, where people live common lives.","छततसगढ क आदवस इलक म नदय, पहडय और जगल क बच बसतय बस हत ह, जह लग समहक जवन जत ह","ᱪᱷᱚᱛᱛᱤᱥᱜᱚᱲ ᱨᱮᱭᱟᱜ ᱟᱹᱫᱤᱵᱟᱹᱥᱤ ᱴᱚᱴᱷᱟ ᱠᱚᱨᱮ ᱜᱟᱰᱟ, ᱵᱩᱨᱩ ᱟᱨ ᱵᱤᱨ ᱛᱟᱞᱟᱨᱮ ᱜᱤᱨᱟᱹᱵᱟᱥ ᱢᱮᱱᱟᱜᱼᱟ, ᱡᱟᱦᱟᱸᱨᱮ ᱦᱚᱲ ᱠᱚ ᱜᱟᱛᱟᱠ ᱞᱮᱠᱟᱛᱮ ᱡᱤᱭᱚᱱ ᱠᱚ ᱠᱷᱟᱸᱰᱟᱣᱟ"
I want you to close the plug socket before you call that cell phone is charged.,म चहत ह क सल फन क चरज हन स पहल तम पलग सकट क बद कर द,ᱤᱧᱤᱧ ᱠᱷᱚᱡᱚᱜ ᱠᱟᱱᱟ ᱡᱮ ᱥᱮᱞ ᱯᱷᱳᱱ ᱪᱟᱨᱡ ᱞᱟᱦᱟᱨᱮ ᱟᱢ ᱯᱞᱟᱜ ᱥᱚᱠᱮᱴ ᱫᱚ ᱵᱚᱱᱫᱚᱭ ᱢᱮ
The traditional business of the Macedonian nation was to pay salt on the bull and sell it or sell it.,बजर जत क परपरगत वयवसय बल पर नमक लदकर घमघमकर बचन य वनमय करन थ,ᱵᱟᱱᱡᱟᱨᱟ ᱡᱟᱹᱛᱤ ᱠᱚᱣᱟᱜ ᱥᱮᱨᱣᱟ ᱟᱱᱟᱜ ᱵᱮᱯᱟᱨ ᱰᱟᱝᱨᱟ ᱪᱮᱛᱟᱱ ᱨᱮ ᱵᱩᱞᱩᱝ ᱞᱟᱫᱮ ᱠᱟᱛᱮ ᱠᱚ ᱟᱹᱪᱩᱨ ᱟᱹᱪᱩᱨ ᱛᱮ ᱟᱹᱠᱷᱨᱤᱧ ᱥᱮ ᱠᱷᱮᱡᱟ ᱮᱫ ᱠᱟᱱ ᱛᱟᱸᱦᱮᱫ
Im like the women you see with the bright boys named Chadd.,म उन सतरय क तरह ह ज तम दखत ह ज चड नम क चमकदर लडक क सथ ह,"ᱪᱟᱰ ᱧᱩᱛᱩᱢᱟᱱ ᱡᱷᱟᱞᱠᱟᱣᱟᱱ ᱠᱚᱲᱟ ᱠᱚ ᱥᱟᱶ ᱟᱢ ᱡᱟᱦᱟᱸᱭ ᱛᱤᱨᱞᱟᱹ ᱠᱚᱢ ᱧᱮᱞ ᱮᱫᱟ, ᱤᱧ ᱩᱱᱠᱩ ᱞᱮᱠᱟ"
"Our village farmers are now using mobile app to obtain information on seeds, products, and medicines.","हमर गव क कसन अब मबइल एप क उपयग करक बज, खद और दवइय क जनकर परपत कर रह ह","ᱟᱵᱚ ᱟᱹᱛᱩ ᱨᱮᱱ ᱪᱟᱹᱥᱤ ᱠᱚ ᱱᱤᱛᱚᱜ ᱢᱳᱵᱟᱭᱤᱞ ᱮᱯ ᱵᱮᱣᱦᱟᱨ ᱠᱟᱛᱮ ᱡᱟᱝ, ᱥᱟᱨ ᱟᱨ ᱨᱟᱱ ᱨᱮᱭᱟᱜ ᱰᱚᱜᱚᱨ ᱠᱚ ᱧᱟᱢ ᱮᱫᱟ"
"In the village area, farmers gather the evening and discuss all the agricultural activities of the day and plan for the coming weather.",गव क चपल पर कसन शम क इकटठ हकर दनभर क कष करय पर चरच करत ह और आन वल मसम क यजनए बनत ह,ᱟᱹᱛᱩ ᱨᱮᱱᱟᱜ ᱪᱳᱣᱯᱟᱞ ᱨᱮ ᱪᱟᱹᱥᱤ ᱠᱚ ᱥᱤᱸᱜᱟᱹᱲ ᱵᱮᱲᱟ ᱠᱚ ᱡᱟᱣᱨᱟ ᱠᱟᱛᱮ ᱫᱤᱱᱟᱹᱢ ᱨᱮᱱᱟᱜ ᱪᱟᱥ ᱠᱟᱹᱢᱤ ᱠᱚ ᱤᱫᱤ ᱠᱟᱛᱮ ᱠᱚ ᱜᱟᱞᱚᱪᱟ ᱟᱨ ᱦᱤᱡᱩᱜ ᱠᱟᱱ ᱨᱤᱛᱩ ᱨᱮᱭᱟᱜ ᱠᱚ ᱩᱭᱦᱟᱹᱨ ᱵᱷᱟᱵᱽᱱᱟᱭᱟ
"Come on, Ive specifically invited these young winners to the phone today.","सथय, आज मन क बत म मन इन यव वजतओ क वशष तर पर आमतरत कय ह य सभ इस समय फन पर हमर सथ जड हए ह","ᱜᱟᱛᱮ ᱠᱚ, ᱛᱮᱦᱮᱧ ᱢᱚᱱ ᱠᱤ ᱵᱟᱛ ᱨᱮ ᱤᱧ ᱱᱩᱠᱩ ᱡᱩᱣᱟᱹᱱ ᱡᱤᱛᱠᱟᱹᱨᱤᱭᱟᱹ ᱠᱚ ᱵᱤᱥᱮᱥ ᱠᱟᱭᱛᱮ ᱱᱮᱣᱛᱟ ᱟᱠᱟᱫ ᱠᱚᱣᱟ ᱱᱩᱠᱩ ᱥᱟᱱᱟᱢ ᱠᱚ ᱱᱚᱣᱟ ᱚᱠᱛᱚ ᱨᱮ ᱯᱷᱳᱱ ᱛᱮ ᱟᱵᱚ ᱥᱟᱶ ᱥᱮᱞᱮᱫ ᱟᱠᱟᱱᱟ"
"Chart women are active in making seeds and maintenance, which reduces crops and produces good fruits.","गरमण महलए बज सरकषण और खद बनन म सकरय रहत ह, जसस खत क खरच घटत ह और उपज टकऊ हत ह","ᱟᱛᱳ ᱨᱮᱱ ᱛᱤᱨᱞᱟᱹ ᱠᱚ ᱤᱛᱟᱹ ᱨᱩᱠᱷᱤᱭᱟᱹ ᱟᱨ ᱠᱷᱚᱛ ᱵᱮᱱᱟᱣ ᱨᱮ ᱡᱩᱞᱩᱝ ᱠᱚ ᱛᱟᱦᱮᱱᱟ, ᱡᱟᱦᱟᱸ ᱠᱷᱟᱹᱛᱤᱨ ᱪᱟᱥ ᱨᱮᱭᱟᱜ ᱠᱷᱚᱨᱚᱪ ᱠᱚᱢᱚᱜᱼᱟ ᱟᱨ ᱟᱨᱡᱟᱣ ᱫᱚ ᱛᱷᱟᱹᱭᱤ ᱛᱟᱦᱮᱸᱱᱟ"
"Later, his son, Gardenwood, made the citys residence beautiful.",बद म उसक बट बगभटट न कल म बस शहर क खबसरत बनय,ᱛᱟᱭᱚᱢ ᱛᱮ ᱩᱱᱤ ᱨᱮᱱ ᱦᱚᱯᱚᱱ ᱵᱟᱜᱽᱵᱷᱚᱴ ᱜᱟᱲ ᱨᱮ ᱛᱟᱦᱮᱱ ᱥᱟᱦᱟᱨ ᱫᱚᱭ ᱪᱚᱨᱚᱠ ᱠᱮᱫᱟ
"These made a rope, and a strong reed, and made merchandise, and sold goods, and sold them.","य लग रसस, सरकड क चज, फस क चटई और मट बर जस मल बनत और बचत थ","ᱱᱩᱠᱩ ᱦᱚᱲ ᱫᱚ ᱵᱟᱵᱮᱨ, ᱥᱩᱞᱤ ᱨᱮᱭᱟᱜ ᱡᱤᱱᱤᱥ, ᱥᱟᱯᱟ ᱨᱮᱭᱟᱜ ᱥᱚᱯᱚ ᱟᱨ ᱢᱚᱴᱟ ᱵᱚᱥᱛᱟ ᱞᱮᱠᱟᱱ ᱡᱤᱱᱤᱥ ᱠᱚ ᱛᱮᱭᱟᱨ ᱟᱨ ᱠᱚ ᱟᱹᱠᱷᱨᱤᱧ ᱛᱟᱦᱮᱱᱟ"
The sacrifice is used for the cleansing of the body.,घ. यजञ क भसम क शरर क शदध क लए परयग कय जत ह,ᱰ ᱡᱚᱜᱽᱱᱟ ᱨᱮᱭᱟᱜ ᱜᱷᱟᱹᱞ ᱫᱚ ᱦᱚᱲᱢᱚ ᱥᱟᱯᱷᱟ ᱞᱟᱹᱜᱤᱫ ᱵᱮᱣᱦᱟᱨᱚᱜᱼᱟ
Then I wasnt in politics.,तब म रजनत म नह थ,ᱚᱱᱟ ᱚᱠᱛᱚ ᱤᱧ ᱨᱟᱡᱟᱹᱨᱤ ᱨᱮ ᱵᱟᱹᱧ ᱛᱟᱦᱮᱸ ᱠᱟᱱᱟ
"Through the Munda health card plan, farmers can know what kind of nutrients their ground requires and what kind of nutrients it requires.",मद सवसथय करड यजन क मधयम स कसन यह जन सकत ह क उनक जमन क उरवरकत कस ह और कस परकर क पषक ततव क आवशयकत ह,ᱦᱟᱥᱟ ᱥᱟᱣᱟᱨ ᱠᱟᱨᱰ ᱯᱚᱱᱛᱷᱟ ᱛᱟᱞᱟᱛᱮ ᱪᱟᱹᱥᱤ ᱠᱚ ᱵᱟᱰᱟᱭ ᱫᱟᱲᱮᱭᱟᱜᱼᱟ ᱡᱮ ᱩᱱᱠᱩᱣᱟᱜ ᱦᱟᱥᱟ ᱨᱮᱭᱟᱜ ᱠᱷᱚᱛᱟᱱ ᱚᱠᱟ ᱞᱮᱠᱟ ᱟᱨ ᱪᱮᱫ ᱞᱮᱠᱟᱱ ᱯᱩᱥᱴᱤ ᱞᱟᱹᱠᱛᱤ ᱠᱟᱱᱟ
"For example, maybe you can put your familys cars under the same insurance policy instead of paying for three different personalities.","उदहरण क लए, ह सकत ह क आप तन अलगअलग पलसय क लए भगतन करन क बजय अपन परवर क गडय क एक ह बम पलस क तहत रख सकत ह","ᱫᱟᱹᱭᱠᱟᱹ ᱞᱮᱠᱟᱛᱮ, ᱟᱢ ᱦᱳᱭᱛᱳ ᱯᱮᱭᱟ ᱵᱷᱮᱜᱟᱨ ᱯᱚᱞᱤᱥᱤ ᱞᱟᱹᱜᱤᱫ ᱠᱟᱹᱣᱰᱤ ᱮᱢ ᱵᱚᱫᱚᱞᱛᱮ ᱟᱢᱟᱜ ᱜᱷᱟᱨᱚᱸᱡᱽ ᱨᱮᱭᱟᱜ ᱜᱟᱹᱰᱤ ᱠᱚ ᱢᱤᱫᱴᱟᱝ ᱵᱤᱢᱟ ᱯᱚᱞᱤᱥᱤ ᱨᱮᱭᱟᱜ ᱟᱣᱛᱟᱨᱮᱢ ᱫᱚᱦᱚ ᱫᱟᱲᱮᱭᱟᱜᱼᱟ"
Their contribution in the freedom movement and their efforts in social excellence will always motivate the people.,सवततरत आदलन म उनक यगदन और समजक सदभवन क लए कए गए उनक परयस दशवसय क सदव पररत करत रहग,ᱯᱷᱩᱨᱜᱟᱹᱞ ᱟᱸᱫᱳᱲ ᱨᱮ ᱩᱱᱤᱭᱟᱜ ᱮᱱᱮᱢ ᱟᱨ ᱥᱟᱶᱛᱟᱠᱤᱭᱟᱹ ᱥᱚᱸᱫᱷᱟᱲ ᱞᱟᱹᱜᱤᱫ ᱩᱱᱤᱭᱟᱜ ᱠᱩᱨᱩᱢᱩᱴᱩ ᱫᱤᱥᱚᱢ ᱦᱚᱲ ᱠᱚ ᱥᱟᱨᱟ ᱜᱷᱟᱹᱲᱤᱡ ᱮ ᱩᱫᱽᱜᱟᱹᱣ ᱠᱚᱣᱟ
"Their family members dont agree for marriage, so both decide to get married.",ववह हत उनक परवर क सदसय सहमत नह हत ह त दन पलयन कर ववह कर लत ह,ᱩᱱᱠᱩ ᱨᱮᱱ ᱜᱷᱟᱨᱚᱸᱡᱽ ᱨᱮᱱ ᱨᱟᱹᱥᱤᱭᱟᱹ ᱠᱚ ᱵᱟᱯᱞᱟ ᱞᱟᱹᱜᱤᱫ ᱵᱟᱝ ᱠᱚ ᱨᱮᱵᱮᱱ ᱞᱮᱱᱠᱷᱟᱱ ᱵᱟᱱᱟᱦᱚᱲ ᱜᱮ ᱪᱟᱞᱟᱣ ᱠᱟᱛᱮ ᱵᱟᱯᱞᱟ ᱠᱚ ᱦᱟᱛᱟᱣ ᱠᱮᱫᱟ
The animal products can migrate on a local level and get more prices to farmers and develop the local market.,पश उतपद क सथनय सतर पर परससकरण करक कसन क अधक मलय मल सकत ह और सथनय बजर भ वकसत हत ह,ᱴᱚᱴᱷᱟᱠᱤᱭᱟᱹ ᱛᱷᱚᱠ ᱨᱮ ᱡᱤᱭᱟᱹᱞᱤ ᱫᱩᱨᱤᱵᱽ ᱨᱮᱭᱟᱜ ᱯᱨᱚᱥᱮᱥᱤᱝ ᱛᱟᱞᱟᱛᱮ ᱪᱟᱹᱥᱤ ᱠᱚ ᱰᱷᱮᱨ ᱜᱚᱱᱚᱝ ᱠᱚ ᱧᱟᱢ ᱫᱟᱲᱮᱭᱟᱜᱼᱟ ᱟᱨ ᱴᱚᱴᱷᱟᱠᱤᱭᱟᱹ ᱵᱟᱡᱟᱨ ᱦᱚᱸ ᱠᱚ ᱵᱮᱱᱟᱣ ᱫᱟᱲᱮᱭᱟᱜᱼᱟ
How can you lift a throat! He can be a rapeanda demon or a killer or something!,"तम कस एक हचहकर उठ सकत ह! वह एक बलतकर ह सकत ह, एक बलतकर य एक हतयर य कछ!","ᱟᱢ ᱪᱮᱫ ᱞᱮᱠᱟᱛᱮ ᱢᱤᱫᱴᱟᱹᱝ ᱦᱤᱫᱤᱡᱟᱱ ᱦᱚᱲ ᱮᱢ ᱨᱟᱠᱟᱵ ᱫᱟᱲᱮᱭᱟᱜᱼᱟ! ᱩᱱᱤ ᱫᱚ ᱢᱤᱫᱴᱟᱹᱝ ᱵᱟᱹᱲᱤᱡ ᱦᱚᱲ, ᱢᱤᱫᱴᱟᱹᱝ ᱵᱟᱹᱲᱤᱡ ᱦᱚᱲ ᱥᱮ ᱢᱤᱫᱴᱟᱹᱝ ᱜᱚᱡ ᱦᱚᱲ ᱥᱮ ᱡᱟᱦᱟᱸᱱᱟᱜ ᱜᱮ ᱦᱩᱭ ᱫᱟᱲᱮᱭᱟᱜᱼᱟ"
Tell me about todays weather,मझ आज क मसम क बर म बतए,ᱛᱮᱦᱮᱧᱟᱜ ᱦᱚᱭᱦᱤᱥᱤᱫ ᱵᱟᱵᱚᱛ ᱞᱟᱹᱭᱟᱹᱧ ᱢᱮ
He picked up his bag.,उसन अपन गठर उठई,ᱦᱟᱹᱱᱤ ᱫᱚ ᱟᱡᱟᱜ ᱢᱚᱴᱷᱨᱟᱭ ᱦᱟᱞᱟᱝ ᱠᱮᱫᱟ
National music and dance are held by local artist in Guarre.,गवलयर म लक सगत और नतय क आयजन सथनय कलकर क दवर कय जत ह,ᱜᱳᱣᱟᱞᱤᱭᱚᱨ ᱨᱮ ᱦᱚᱲ ᱥᱮᱨᱮᱧ ᱟᱨ ᱮᱱᱮᱡ ᱴᱚᱴᱷᱟᱠᱤᱭᱟᱹ ᱠᱟᱹᱨᱤᱜᱚᱞ ᱠᱚ ᱦᱚᱛᱮᱛᱮ ᱥᱟᱯᱲᱟᱣ ᱦᱩᱭᱩᱜᱼᱟ
"With them are the sons of the AvadiMiharara, also Jayanda, who have been serving as secretaryinlaw secretaryinlaw secretaryinlaw.",उनक सथ गहमतर अमत शह क बट जय शह भ सचव पद क नमकन क लए पहच ह,ᱩᱱᱤ ᱥᱟᱶ ᱥᱩᱯᱚᱨ ᱢᱚᱱᱛᱨᱤ ᱚᱢᱤᱛ ᱥᱟᱦᱚ ᱨᱮᱱ ᱦᱚᱯᱚᱱ ᱡᱚᱭ ᱥᱟᱦᱚ ᱦᱚᱸ ᱥᱚᱪᱤᱵ ᱦᱩᱫᱟᱹ ᱨᱮ ᱵᱟᱪᱷᱱᱟᱣ ᱞᱟᱹᱜᱤᱫ ᱮ ᱥᱮᱴᱮᱨ ᱟᱠᱟᱱᱟ
So four satellites will be enough to start the IRC system but three of the rest of the satellites will build it moretax and power.,आईआरएनएसएस परणल क सचलन शर करन क लए वस त चर ह उपगरह कफ हग लकन बक क तन उपगरह इस जयद सटक और दकष बनएग,ᱟᱭᱹᱟᱨᱹᱮᱱᱹᱮᱥᱹᱮᱥᱹ ᱥᱤᱥᱴᱮᱢ ᱪᱟᱪᱟᱞᱟᱣ ᱮᱦᱚᱵ ᱞᱟᱹᱜᱤᱫ ᱛᱮ ᱥᱩᱢᱩᱝ ᱯᱩᱱᱭᱟ ᱥᱮᱴᱮᱞᱟᱭᱤᱴ ᱜᱮ ᱡᱚᱛᱷᱮᱥᱴᱚ ᱦᱩᱭᱩᱜᱼᱟ ᱢᱮᱱᱠᱷᱟᱱ ᱥᱟᱨᱮᱡ ᱯᱮᱭᱟ ᱥᱮᱴᱮᱞᱟᱭᱴ ᱱᱚᱣᱟ ᱫᱚ ᱟᱨᱦᱚᱸ ᱡᱚᱛᱷᱤᱥᱴᱚ ᱟᱨ ᱠᱟᱹᱢᱤᱭᱟᱹᱭ ᱵᱮᱱᱟᱣᱟ
"Sometimes we see that at the airport, either at the theater, or even at the theater, if someone stands in a row and has a hole in the middle, the first voices are to be picked up, young.","कभकभ हम दखत ह क हवई अडड पर, य त सनम क theatre म भ, अगर, कई कतर म खड ह और बच म कई घस जत ह त सबस पहल आवज उठन वल, यव ह हत ह","ᱡᱟᱦᱟᱸ ᱛᱤᱥ ᱠᱚᱨᱮ ᱟᱵᱚ ᱧᱮᱞ ᱮᱫᱟ ᱡᱮ, ᱩᱰᱟᱹᱱ ᱟᱰᱟ ᱨᱮ, ᱟᱨᱵᱟᱝ ᱥᱤᱱᱮᱢᱟ ᱛᱷᱤᱭᱮᱴᱟᱨ ᱨᱮᱦᱚᱸ, ᱡᱩᱫᱤ ᱚᱠᱚᱭ ᱞᱟᱭᱤᱱ ᱨᱮ ᱛᱤᱸᱜᱩ ᱟᱠᱟᱱᱟ ᱟᱨ ᱛᱟᱞᱟ ᱨᱮ ᱚᱠᱚᱭ ᱠᱚ ᱵᱚᱞᱚ ᱟᱠᱟᱱᱟ, ᱮᱱᱠᱷᱟᱱ ᱡᱩᱣᱟᱹᱱ ᱠᱚ ᱜᱮ ᱯᱩᱭᱞᱩ ᱨᱮ ᱟᱲᱟᱝ ᱠᱚ ᱨᱚᱲ ᱮᱫᱟ"
This museum will be the lifeplace of our cultural culture with variety that contributes to tribal leaders and noamers in the battle.,यह सगरहलय सवततरत सगरम म जनजतय नयक और नयकओ क यगदन क दरशन वल ववधत स भर हमर जनजतय ससकत क जवत सथल बनग,ᱱᱚᱶᱟ ᱢᱤᱭᱩᱡᱤᱭᱟᱢ ᱫᱚ ᱯᱷᱩᱨᱜᱟᱹᱞ ᱞᱟᱹᱲᱦᱟᱹᱭ ᱨᱮ ᱟᱹᱫᱤᱵᱟᱹᱥᱤ ᱱᱟᱭᱚᱠ ᱟᱨ ᱱᱟᱭᱤᱠᱟ ᱠᱚᱣᱟᱜ ᱮᱱᱮᱢ ᱩᱫᱩᱜ ᱞᱟᱹᱜᱤᱫ ᱟᱭᱢᱟ ᱞᱮᱠᱟᱱ ᱛᱮ ᱯᱮᱨᱮᱡ ᱟᱠᱟᱱ ᱟᱵᱚᱣᱟᱜ ᱟᱹᱫᱤᱵᱟᱹᱥᱤ ᱞᱟᱠᱪᱟᱨ ᱨᱮᱭᱟᱜ ᱡᱤᱣᱤᱫ ᱴᱷᱟᱶ ᱦᱩᱭᱩᱜᱼᱟ
"Because they are of a wise ear, so the light decided to speak in a state of weakness.",कयक वध कनपर स ह इसलए रशन न एक अवध लहज म बलन क नरणय कय,"ᱪᱮᱫᱟᱜ ᱥᱮ ᱵᱮᱫᱷᱟ ᱫᱚ ᱠᱟᱱᱯᱩᱨ ᱨᱮᱱ ᱠᱟᱱᱟᱭ, ᱚᱱᱟᱛᱮ ᱨᱳᱥᱚᱱ ᱫᱚ ᱢᱤᱫᱴᱟᱝ ᱚᱠᱛᱚ ᱨᱮᱭᱟᱜ ᱨᱟᱦᱟ ᱛᱮ ᱨᱚᱲ ᱨᱮᱭᱟᱜ ᱮ ᱜᱚᱴᱟ ᱞᱮᱫᱟ"
Just a Touch.,बस एक टच.,ᱥᱩᱢᱩᱝ ᱢᱤᱫᱴᱟᱹᱝ ᱡᱚᱴᱮᱫ
Tell the driver to go.,बर जन क लए गड बतओ,ᱵᱟᱨ ᱪᱟᱞᱟᱜ ᱞᱟᱹᱜᱤᱫ ᱜᱟᱹᱰᱤ ᱞᱟᱹᱭ ᱢᱮ
Mr. Nered Moddi said that the advance of the beast into the wildpad has helped farmers.,शर नरनदर मद न कह क पशपलन म गजरत क परगत न कसन क मदद क ह,"ᱥᱨᱤ ᱱᱚᱨᱮᱱᱫᱨᱚ ᱢᱳᱫᱤ ᱢᱮᱱ ᱠᱮᱜᱼᱟᱭ ᱡᱮ, ᱜᱩᱡᱨᱟᱴ ᱨᱮᱱ ᱡᱤᱭᱟᱹᱞᱤ ᱟᱹᱥᱩᱞ ᱨᱮ ᱞᱟᱦᱟᱱᱛᱤ ᱠᱷᱟᱹᱛᱤᱨ ᱪᱟᱹᱥᱤ ᱠᱚ ᱜᱚᱲᱚ ᱧᱟᱢ ᱟᱠᱟᱫᱟ"
The traditional chloroplasts and spectacular dances of the Apothecary community are displayed at the Assembly Hall in Odala.,ओडश क सबलपर म सबलपर महतसव म बधव समदय क परपरक धतकरत और झमर नतय दखए जत ह,ᱳᱲᱤᱥᱟ ᱨᱮᱭᱟᱜ ᱥᱚᱢᱵᱚᱞᱯᱩᱨ ᱨᱮ ᱥᱚᱢᱵᱚᱞᱯᱩᱨᱤ ᱯᱚᱨᱚᱵᱽ ᱨᱮ ᱵᱚᱱᱫᱷᱩᱣᱟ ᱜᱟᱛᱟᱠ ᱨᱮᱱ ᱥᱮᱨᱣᱟ ᱟᱱᱟᱜ ᱫᱷᱳᱛᱤᱼᱠᱩᱲᱟ ᱟᱨ ᱪᱚᱱᱫᱚᱞ ᱮᱱᱮᱡ ᱩᱫᱩᱜ ᱦᱩᱭ ᱞᱮᱱᱟ
Cut out the 14th to the latter pieces.,गतत क आडतरछ टकड म कट,ᱠᱟᱨᱰᱵᱳᱨᱰ ᱫᱚ ᱥᱚᱢᱟᱱ ᱛᱮ ᱠᱩᱴᱨᱟᱹ ᱠᱩᱴᱨᱟᱹ ᱠᱟᱜ ᱢᱮ
A.C. all important executive and political decisions.,ए.आई.स.स. सभ महतवपरण करयकर और रजनतक नरणय लत ह,ᱮᱹᱟᱭᱹᱥᱤᱹᱥᱤ ᱥᱟᱱᱟᱢ ᱞᱟᱹᱠᱛᱤᱭᱟᱱ ᱠᱟᱹᱢᱤᱭᱟᱹ ᱟᱨ ᱨᱟᱡᱽᱟᱹᱨᱤ ᱴᱷᱟᱲᱚ ᱜᱚᱴᱟᱵᱩᱴᱟᱹ ᱠᱚ ᱦᱟᱛᱟᱣᱟ
"As for the perfect, he took the sickle into his bosom. He washed the wound, and gave water to drink.",सदधरथ न हस क अपन गद म उठ लय उसक घव क धकर पन पलन लग,ᱥᱤᱫᱽᱫᱷᱟᱨᱛᱷ ᱫᱚ ᱦᱟᱸᱥ ᱮ ᱦᱚᱵᱚᱨ ᱠᱮᱫᱮᱭᱟ ᱟᱡᱟᱜ ᱜᱷᱟᱣ ᱟ.ᱨᱩᱵ ᱠᱟᱛᱮ ᱫᱟᱜ ᱧᱩᱧᱩ ᱟᱫᱮᱭᱟ
"During the time Sesharsha and Ramvim lion indicated security from cell to cell by force to force the prosecutor at the station, so that they could be arrested only at night to drive them to the train station.","इस दरन सतबर शरम और रमवर सह न मबइल स मडल सरकष आयकत आगर क सचत कय क व कस सटशन पर फरस भज द , तक इन बदमश क कस सटशन पर गड रकत ह गरफतर कय ज सक .","ᱱᱚᱣᱟ ᱚᱠᱛᱚ ᱨᱮ, ᱥᱚᱛᱵᱤᱨ ᱥᱚᱨᱢᱟ ᱟᱨ ᱨᱟᱢᱵᱤᱨ ᱥᱤᱝ ᱢᱳᱵᱟᱭᱤᱞ ᱠᱷᱚᱱ ᱢᱚᱰᱮᱞ ᱥᱠᱳᱭᱨᱤᱴᱤ ᱠᱚᱢᱤᱥᱚᱱᱟᱨ ᱟᱜᱨᱟ ᱫᱚ ᱠᱳᱥᱤ ᱥᱴᱤᱥᱚᱱ ᱨᱮ ᱯᱷᱟᱹᱫᱽ ᱠᱚ ᱵᱷᱮᱡᱟ ᱞᱟᱹᱜᱤᱫ ᱮ ᱞᱟᱹᱭ ᱥᱚᱫᱚᱨ ᱞᱮᱫᱟ, ᱡᱟᱦᱟᱸᱛᱮ ᱠᱳᱥᱤ ᱥᱴᱤᱥᱚᱱ ᱨᱮ ᱜᱟᱹᱰᱤ ᱢᱩᱪᱟᱹᱫ ᱥᱟᱶ ᱥᱟᱶᱛᱮ ᱱᱚᱶᱟ ᱞᱟᱹᱞᱤᱥᱤᱭᱟᱹ ᱠᱚ ᱜᱷᱟᱹᱞ ᱫᱟᱲᱮᱹᱭᱟᱜᱼᱟ"
"worshipers worship when work is perfect, offer thanks through sacrifice","करय सदध हन पर आरधन, बल क मधयम कतजञत जञपन करत ह",ᱠᱟᱹᱢᱤ ᱥᱟᱹᱛ ᱞᱮᱱᱠᱷᱟᱱ ᱵᱚᱸᱜᱟ ᱛᱟᱞᱟᱛᱮ ᱥᱟᱨᱦᱟᱣ ᱠᱚ ᱵᱟᱰᱟᱭ ᱦᱚᱪᱚᱭᱟ
The farmers can only be attracted to the agricultural field by training and career in agricultural science centers.,कसन क बचच क कष वजञन कदर म परशकषण और करयर कउसलग दकर उनह कष कषतर म ह आकरषत कय ज सकत ह,ᱪᱟᱹᱥᱤ ᱠᱚᱣᱟᱜ ᱜᱤᱫᱽᱨᱟᱹ ᱠᱚ ᱠᱨᱤᱥᱤ ᱥᱟᱬᱮᱥ ᱛᱟᱞᱢᱟ ᱨᱮ ᱥᱮᱪᱮᱫ ᱟᱨ ᱠᱟᱹᱢᱤ ᱡᱤᱭᱚᱱ ᱨᱮᱭᱟᱜ ᱠᱟᱛᱷᱟ ᱮᱢ ᱠᱟᱛᱮ ᱩᱱᱠᱩ ᱫᱚ ᱠᱷᱟᱹᱞᱤ ᱪᱟᱥ ᱴᱚᱴᱷᱟ ᱨᱮᱜᱮ ᱠᱚ ᱨᱤᱡᱷᱟᱹᱣ ᱫᱟᱲᱮᱭᱟᱜᱼᱟ
"By promoting an Innovotion in the country, research also contributes to employment.","दश म Innovation क बढव दन स, Research क बढव दन स भ रजगर क मक बढ रह ह","ᱫᱤᱥᱚᱢ ᱨᱮ ᱱᱟᱶᱟᱱ ᱠᱚ ᱯᱟᱥᱱᱟᱣ ᱠᱟᱛᱮ, ᱵᱤᱰᱟᱹᱣ ᱠᱚ ᱯᱟᱥᱱᱟᱣ ᱠᱟᱛᱮ, ᱠᱟᱹᱢᱤ ᱨᱮᱭᱟᱜ ᱴᱷᱟᱶ ᱦᱚᱸ ᱰᱷᱮᱨ ᱟᱠᱟᱱᱟ"
"During the last decade, the third area of the service field contributed to the G.S.P., between 58 and 60 percent.",पछल दशक क दरन सव कषतर क ततयक कषतर क ज.एस.ड.प. म यगदन 58 परतशत स 60 परतशत क बच रह,ᱪᱟᱞᱟᱣᱮᱱ ᱜᱮᱞ ᱥᱮᱨᱢᱟ ᱨᱮ ᱡᱤᱹᱮᱥᱹᱰᱤᱹᱯᱤ ᱨᱮ ᱯᱚᱨᱤᱥᱮᱵᱟ ᱴᱚᱴᱷᱟ ᱨᱮᱭᱟᱜ ᱛᱮᱥᱟᱨ ᱦᱤᱸᱥ ᱨᱮᱭᱟᱜ ᱮᱱᱮᱢ ᱛᱟᱦᱮᱸ ᱠᱟᱱᱟ ᱕᱘ ᱠᱷᱚᱱ ᱖᱐
23th on weekends,सपतहत पर तईसव,᱓ ᱢᱩᱪᱟᱹᱫ ᱦᱤᱞᱚᱜ
"This story is an earnest effort to change, as far as it depends on me.",इस दसतन क बदलन क भरपर परयस ह दख कह तक सफल ह पत ह,"ᱱᱚᱣᱟ ᱠᱟᱹᱦᱱᱤ ᱵᱚᱫᱚᱞ ᱞᱟᱹᱜᱤᱫ ᱟᱹᱰᱤ ᱠᱩᱨᱩᱢᱩᱴᱩ ᱦᱩᱭᱩᱜ ᱠᱟᱱᱟ, ᱧᱮᱞᱢᱮ ᱛᱤᱱᱟᱹᱜ ᱫᱷᱟᱹᱵᱤᱡ ᱤᱧ ᱥᱤᱜᱤᱞᱚᱜ ᱠᱟᱱᱟ"
Solar energy uses lowers the cost of ozone and reduces environmental pollution.,सर ऊरज क उपयग स सचई क लगत कम हत ह और परयवरण परदषण कम हत ह,ᱥᱳᱨᱡᱚ ᱫᱟᱲᱮ ᱵᱮᱣᱦᱟᱨ ᱠᱷᱟᱹᱛᱤᱨ ᱫᱟᱜ ᱯᱟᱴᱟᱣ ᱨᱮᱭᱟᱜ ᱠᱷᱚᱨᱪᱟ ᱠᱚᱢᱚᱜᱼᱟ ᱟᱨ ᱞᱟᱭᱚᱝ ᱵᱤᱥᱟᱹᱣ ᱠᱚᱢᱚᱜᱼᱟ
